match_id,source_season,source_gameweek,tournament,gameweek,kickoff_time,finished,home_team,away_team,home_score,away_score,home_team_key,away_team_key,source,competition_code,is_premier_league_match,is_cup_match,is_european_match,is_covid_season,home_last5_matches,home_days_rest,home_current_elo,home_last5_avg_xg,home_last5_xg_observations,home_last5_avg_xga,home_last5_xga_observations,home_last5_avg_shots_on_target,home_last5_shots_on_target_observations,home_last5_avg_big_chances,home_last5_big_chances_observations,home_last5_avg_tackles_won,home_last5_tackles_won_observations,home_last5_clean_sheet_rate,away_last5_matches,away_days_rest,away_current_elo,away_last5_avg_xg,away_last5_xg_observations,away_last5_avg_xga,away_last5_xga_observations,away_last5_avg_shots_on_target,away_last5_shots_on_target_observations,away_last5_avg_big_chances,away_last5_big_chances_observations,away_last5_avg_tackles_won,away_last5_tackles_won_observations,away_last5_clean_sheet_rate,home_pi_rating,home_pi_home,home_pi_away,away_pi_rating,away_pi_home,away_pi_away,has_xg_coverage
24-25-prem-manchester-united-vs-fulham,2024-2025,,,1.0,2024-08-16 19:00:00+00:00,True,1.0,54.0,1.0,0.0,manchester-united,fulham,fpl-core-insights,prem,1,0,0,0,5,89.16666666666667,1657.6414329496208,,0,,0,5.2,5,,0,,0,0.2,5,89.16666666666667,1537.8645428916611,,0,,0,3.6,5,,0,,0,0.2,0.8273682391376002,0.8273682391376002,0.5384737560423347,0.10120039999463638,0.4026206019454479,0.10120039999463638,0
24-25-prem-ipswich-town-vs-liverpool,2024-2025,,,1.0,2024-08-17 11:30:00+00:00,True,40.0,14.0,0.0,2.0,ipswich,liverpool,fpl-core-insights,prem,1,0,0,0,5,8133.895833333333,1474.0144320542104,,0,,0,3.8,5,,0,,0,0.2,5,89.85416666666667,1774.6508369375672,,0,,0,9.8,5,,0,,0,0.2,-0.04923248628624653,-0.04923248628624653,-0.332135500486373,1.0052630566438279,1.2997116425924278,1.0052630566438279,0
24-25-prem-arsenal-vs-wolverhampton-wanderers,2024-2025,,,1.0,2024-08-17 14:00:00+00:00,True,3.0,39.0,2.0,0.0,arsenal,wolves,fpl-core-insights,prem,1,0,0,0,5,89.95833333333333,1800.7499410249402,,0,,0,6.4,5,,0,,0,0.6,5,89.95833333333333,1523.3242845622112,,0,,0,4.0,5,,0,,0,0.0,1.5522179151416011,1.5522179151416011,1.2938088962824368,-0.015168199741353923,0.10830271958163347,-0.015168199741353923,0
24-25-prem-everton-vs-brighton-&-hove-albion,2024-2025,,,1.0,2024-08-17 14:00:00+00:00,True,11.0,36.0,0.0,3.0,everton,brighton,fpl-core-insights,prem,1,0,0,0,5,89.95833333333333,1548.4110291630852,,0,,0,3.6,5,,0,,0,0.6,5,89.95833333333333,1571.7963796802037,,0,,0,3.6,5,,0,,0,0.2,0.402447912208806,0.402447912208806,-0.007325443147561804,0.42396601291748753,0.4433563767636358,0.42396601291748753,0
24-25-prem-newcastle-united-vs-southampton,2024-2025,,,1.0,2024-08-17 14:00:00+00:00,True,4.0,20.0,1.0,0.0,newcastle-united,southampton,fpl-core-insights,prem,1,0,0,0,5,89.95833333333333,1644.1608574241136,,0,,0,8.0,5,,0,,0,0.0,5,446.9375,1426.9331488044595,,0,,0,4.0,5,,0,,0,0.0,1.0965474781811053,1.0965474781811053,0.541878457039086,-0.43043684890769696,-0.15210920086381496,-0.43043684890769696,0
24-25-prem-nottingham-forest-vs-afc-bournemouth,2024-2025,,,1.0,2024-08-17 14:00:00+00:00,True,17.0,91.0,1.0,1.0,nottingham-forest,bournemouth,fpl-core-insights,prem,1,0,0,0,5,89.95833333333333,1477.210891003895,,0,,0,3.8,5,,0,,0,0.0,5,89.95833333333333,1527.7910965990875,,0,,0,4.6,5,,0,,0,0.4,0.08414757230931905,0.08414757230931905,-0.3003562045493849,-0.11846728732590897,0.11913202363453818,-0.11846728732590897,0
24-25-prem-west-ham-united-vs-aston-villa,2024-2025,,,1.0,2024-08-17 16:30:00+00:00,True,21.0,7.0,1.0,2.0,west-ham,aston-villa,fpl-core-insights,prem,1,0,0,0,5,90.0625,1560.5934494969847,,0,,0,4.2,5,,0,,0,0.0,5,90.0625,1651.7304117738347,,0,,0,3.2,5,,0,,0,0.0,0.5038586003104367,0.5038586003104367,0.10947242171594894,0.5565186426143369,0.817250535565479,0.5565186426143369,0
24-25-prem-brentford-vs-crystal-palace,2024-2025,,,1.0,2024-08-18 13:00:00+00:00,True,94.0,31.0,2.0,1.0,brentford,crystal-palace,fpl-core-insights,prem,1,0,0,0,5,90.91666666666667,1540.1448233549272,,0,,0,5.2,5,,0,,0,0.2,5,90.91666666666667,1579.0305371483619,,0,,0,6.6,5,,0,,0,0.6,0.4358483732493627,0.4358483732493627,0.3463842391480048,0.399311854007464,0.5222070811538617,0.399311854007464,0
24-25-prem-chelsea-vs-manchester-city,2024-2025,,,1.0,2024-08-18 15:30:00+00:00,True,8.0,43.0,0.0,2.0,chelsea,manchester-city,fpl-core-insights,prem,1,0,0,0,5,91.02083333333333,1649.8943553174786,,0,,0,7.2,5,,0,,0,0.4,5,91.02083333333333,1868.998815188507,,0,,0,8.6,5,,0,,0,0.6,0.8233641205249607,0.8233641205249607,0.6606546463565227,1.444461706099136,1.6272636495544506,1.444461706099136,0
24-25-prem-leicester-city-vs-tottenham-hotspur,2024-2025,,,1.0,2024-08-19 19:00:00+00:00,True,13.0,6.0,1.0,1.0,leicester,tottenham,fpl-core-insights,prem,1,0,0,0,5,449.1458333333333,1511.6831630319207,,0,,0,4.8,5,,0,,0,0.2,5,92.16666666666667,1643.121097394444,,0,,0,6.4,5,,0,,0,0.2,0.3994006303087079,0.3994006303087079,0.22955666077489725,0.5888685246932931,0.8677356019112329,0.5888685246932931,0
24-25-prem-brighton-&-hove-albion-vs-manchester-united,2024-2025,,,2.0,2024-08-24 11:30:00+00:00,True,36.0,1.0,2.0,1.0,brighton,manchester-united,fpl-core-insights,prem,1,0,0,0,5,6.895833333333333,1583.4116092751494,1.43,1,0.45,1,4.4,5,2.0,1,13.0,1,0.4,5,7.6875,1662.4511845734928,2.43,1,0.44,1,4.2,5,4.0,1,14.0,1,0.4,0.48742628273209954,0.48742628273209954,0.48692302144386423,0.5441254021680618,0.8354420193172103,0.5441254021680618,1
24-25-prem-crystal-palace-vs-west-ham-united,2024-2025,,,2.0,2024-08-24 14:00:00+00:00,True,31.0,21.0,0.0,2.0,crystal-palace,west-ham,fpl-core-insights,prem,1,0,0,0,5,6.041666666666667,1570.2084084450692,1.17,1,1.59,1,6.4,5,1.0,1,13.0,1,0.4,5,6.895833333333333,1550.913887295279,2.46,1,2.03,1,4.6,5,4.0,1,10.0,1,0.0,0.5007041071155048,0.5007041071155048,0.36859331966695413,0.08833085045132039,0.4736563556466816,0.08833085045132039,1
24-25-prem-fulham-vs-leicester-city,2024-2025,,,2.0,2024-08-24 14:00:00+00:00,True,54.0,13.0,2.0,1.0,fulham,leicester,fpl-core-insights,prem,1,0,0,0,5,7.791666666666667,1533.0547912677891,0.44,1,2.43,1,3.0,5,0.0,1,17.0,1,0.2,5,4.791666666666667,1513.1529428078827,1.05,1,1.18,1,4.2,5,2.0,1,15.0,1,0.2,0.3969689558197208,0.3969689558197208,0.09312661981502623,0.235711975964901,0.408193937722999,0.235711975964901,1
24-25-prem-manchester-city-vs-ipswich-town,2024-2025,,,2.0,2024-08-24 14:00:00+00:00,True,43.0,40.0,4.0,1.0,manchester-city,ipswich,fpl-core-insights,prem,1,0,0,0,5,5.9375,1875.1961189210233,0.77,1,1.01,1,8.6,5,1.0,1,9.0,1,0.6,5,7.104166666666667,1469.6295788464442,0.45,1,2.65,1,3.4,5,0.0,1,10.0,1,0.2,1.6469175775027831,1.6469175775027831,1.4725387460253254,-0.35086847910613883,-0.0759938843144834,-0.35086847910613883,1
24-25-prem-southampton-vs-nottingham-forest,2024-2025,,,2.0,2024-08-24 14:00:00+00:00,True,20.0,17.0,0.0,1.0,southampton,nottingham-forest,fpl-core-insights,prem,1,0,0,0,5,7.0,1423.8724164255075,1.77,1,0.25,1,4.2,5,3.0,1,6.0,1,0.0,5,7.0,1476.3661392991023,1.3,1,1.22,1,4.8,5,1.0,1,12.0,1,0.0,-0.1349534792285386,-0.1349534792285386,-0.40592867514301645,-0.30514627247666387,0.07730461812749193,-0.30514627247666387,1
24-25-prem-tottenham-hotspur-vs-everton,2024-2025,,,2.0,2024-08-24 14:00:00+00:00,True,6.0,11.0,4.0,0.0,tottenham,everton,fpl-core-insights,prem,1,0,0,0,5,4.791666666666667,1641.651317618482,1.18,1,1.05,1,7.2,5,2.0,1,13.0,1,0.2,5,7.0,1536.7957995681395,0.45,1,1.43,1,2.6,5,0.0,1,11.0,1,0.4,0.8615802867212291,0.8615802867212291,0.580075217279002,-0.05139534911602551,0.3394909036824293,-0.05139534911602551,1
24-25-prem-aston-villa-vs-arsenal,2024-2025,,,2.0,2024-08-24 16:30:00+00:00,True,7.0,3.0,0.0,2.0,aston-villa,arsenal,fpl-core-insights,prem,1,0,0,0,5,7.0,1661.4099739755404,2.03,1,2.46,1,3.0,5,4.0,1,15.0,1,0.0,5,7.104166666666667,1803.015860790895,1.24,1,0.47,1,5.6,5,2.0,1,13.0,1,0.6,0.8383921068301076,0.8383921068301076,0.586720887278092,1.2853530877871553,1.5401381887197703,1.2853530877871553,1
24-25-prem-afc-bournemouth-vs-newcastle-united,2024-2025,,,2.0,2024-08-25 13:00:00+00:00,True,91.0,4.0,1.0,1.0,bournemouth,newcastle-united,fpl-core-insights,prem,1,0,0,0,5,7.958333333333333,1528.6358483038803,1.22,1,1.3,1,4.2,5,3.0,1,7.0,1,0.2,5,7.958333333333333,1647.2215898030656,0.25,1,1.77,1,6.8,5,1.0,1,14.0,1,0.2,0.12392209156181716,0.12392209156181716,-0.11162433314408185,0.5247227354038096,1.0720393044164247,0.5247227354038096,1
24-25-prem-wolverhampton-wanderers-vs-chelsea,2024-2025,,,2.0,2024-08-25 13:00:00+00:00,True,39.0,8.0,2.0,6.0,wolves,chelsea,fpl-core-insights,prem,1,0,0,0,5,7.958333333333333,1521.0583647962565,0.47,1,1.24,1,3.8,5,1.0,1,12.0,1,0.0,5,6.895833333333333,1643.6970515849623,1.01,1,0.77,1,6.8,5,1.0,1,14.0,1,0.2,0.11675852807691506,0.11675852807691506,-0.0030884733195230794,0.6410007184081902,0.7952870805987714,0.6410007184081902,1
24-25-prem-liverpool-vs-brentford,2024-2025,,,2.0,2024-08-25 15:30:00+00:00,True,14.0,94.0,2.0,0.0,liverpool,brentford,fpl-core-insights,prem,1,0,0,0,5,8.166666666666666,1779.0356901453333,2.65,1,0.45,1,9.4,5,6.0,1,4.0,1,0.4,5,7.104166666666667,1548.96695205822,1.59,1,1.17,1,4.4,5,3.0,1,10.0,1,0.2,1.3184446212121936,1.3184446212121936,1.0320244546720647,0.3678872131863617,0.46656690758987257,0.3678872131863617,1
24-25-prem-arsenal-vs-brighton-&-hove-albion,2024-2025,,,3.0,2024-08-31 11:30:00+00:00,True,3.0,36.0,1.0,1.0,arsenal,brighton,fpl-core-insights,prem,1,0,0,0,5,6.791666666666667,1811.2610533445459,1.055,2,0.875,2,5.8,5,2.0,2,11.0,2,0.8,5,7.0,1593.3839661005488,1.7599999999999998,2,0.94,2,3.8,5,2.0,2,12.5,2,0.2,1.5656117850651616,1.5656117850651616,1.3217439397091428,0.5100643769931944,0.5204853620882854,0.5100643769931944,1
24-25-prem-brentford-vs-southampton,2024-2025,,,3.0,2024-08-31 14:00:00+00:00,True,94.0,20.0,3.0,1.0,brentford,southampton,fpl-core-insights,prem,1,0,0,0,5,5.9375,1546.092967184417,1.07,2,1.91,2,4.0,5,2.5,2,8.0,2,0.2,5,7.0,1413.082372053266,0.9550000000000001,2,1.35,2,3.4,5,1.5,2,9.0,2,0.0,0.4520603312260169,0.4520603312260169,0.34716353266656785,-0.4304336824338418,-0.16996063250114624,-0.4304336824338418,1
24-25-prem-everton-vs-afc-bournemouth,2024-2025,,,3.0,2024-08-31 14:00:00+00:00,True,11.0,91.0,2.0,3.0,everton,bournemouth,fpl-core-insights,prem,1,0,0,0,5,7.0,1531.6653182041707,0.725,2,1.9300000000000002,2,2.6,5,0.0,2,15.0,2,0.2,5,6.041666666666667,1529.741891628407,1.7399999999999998,2,1.495,2,3.8,5,2.5,2,11.5,2,0.0,0.2950606055387594,0.2950606055387594,-0.1148672036069825,-0.10097220560229035,0.1391394166215193,-0.10097220560229035,1
24-25-prem-ipswich-town-vs-fulham,2024-2025,,,3.0,2024-08-31 14:00:00+00:00,True,40.0,54.0,1.0,1.0,ipswich,fulham,fpl-core-insights,prem,1,0,0,0,5,7.0,1468.4778376877596,0.37,2,2.995,2,3.2,5,0.5,2,9.0,2,0.2,5,7.0,1540.256094818177,1.11,2,1.52,2,3.8,5,1.5,2,13.5,2,0.2,-0.08048848760617716,-0.08048848760617716,-0.3572893409514156,0.11262742485639454,0.4248272487359612,0.11262742485639454,1
24-25-prem-leicester-city-vs-aston-villa,2024-2025,,,3.0,2024-08-31 14:00:00+00:00,True,13.0,7.0,1.0,2.0,leicester,aston-villa,fpl-core-insights,prem,1,0,0,0,5,7.0,1505.951639257495,0.8300000000000001,2,1.48,2,3.2,5,1.5,2,14.5,2,0.2,5,6.895833333333333,1653.1647814218895,1.6549999999999998,2,1.665,2,2.8,5,3.0,2,12.5,2,0.0,0.3886931326816307,0.3886931326816307,0.2078536830486606,0.5612472909327006,0.8020012549081199,0.5612472909327006,1
24-25-prem-nottingham-forest-vs-wolverhampton-wanderers,2024-2025,,,3.0,2024-08-31 14:00:00+00:00,True,17.0,39.0,1.0,1.0,nottingham-forest,wolves,fpl-core-insights,prem,1,0,0,0,5,7.0,1487.1561836713438,1.875,2,0.6799999999999999,2,6.0,5,3.5,2,13.5,2,0.2,5,6.041666666666667,1512.279480518359,1.2149999999999999,2,1.46,2,3.6,5,3.0,2,11.0,2,0.0,0.10180962541831727,0.10180962541831727,-0.27013911920405625,-0.05080164301808088,0.04859685707897533,-0.05080164301808088,1
24-25-prem-west-ham-united-vs-manchester-city,2024-2025,,,3.0,2024-08-31 16:30:00+00:00,True,21.0,43.0,1.0,3.0,west-ham,manchester-city,fpl-core-insights,prem,1,0,0,0,5,7.104166666666667,1563.6964647690575,1.9249999999999998,2,1.69,2,3.6,5,2.5,2,11.0,2,0.2,5,7.104166666666667,1876.347860079708,2.0549999999999997,2,0.65,2,7.2,5,3.0,2,7.5,2,0.6,0.5127054562781739,0.5127054562781739,0.14411527992488068,1.4770333493170191,1.65333843934806,1.4770333493170191,1
24-25-prem-chelsea-vs-crystal-palace,2024-2025,,,3.0,2024-09-01 12:30:00+00:00,True,8.0,31.0,1.0,1.0,chelsea,crystal-palace,fpl-core-insights,prem,1,0,0,0,5,6.979166666666667,1652.4759358628598,1.345,2,1.365,2,5.6,5,3.0,2,12.5,2,0.0,5,7.9375,1557.4258309712907,1.26,2,1.49,2,6.0,5,1.5,2,12.0,2,0.4,0.8430002502973292,0.8430002502973292,0.7091623894061299,0.32954421903546194,0.4449196776419445,0.32954421903546194,1
24-25-prem-newcastle-united-vs-tottenham-hotspur,2024-2025,,,3.0,2024-09-01 12:30:00+00:00,True,4.0,6.0,2.0,1.0,newcastle-united,tottenham,fpl-core-insights,prem,1,0,0,0,5,6.979166666666667,1646.1155464785388,0.97,2,2.0149999999999997,2,5.6,5,2.5,2,13.0,2,0.2,5,7.9375,1646.7817989824507,1.8050000000000002,2,1.025,2,7.4,5,4.0,2,14.5,2,0.4,1.0613871768746332,1.0613871768746332,0.5095054103441075,0.624505515422672,0.9250521412121862,0.624505515422672,1
24-25-prem-manchester-united-vs-liverpool,2024-2025,,,3.0,2024-09-01 15:00:00+00:00,True,1.0,14.0,0.0,3.0,manchester-united,liverpool,fpl-core-insights,prem,1,0,0,0,5,8.145833333333334,1652.4788277480934,1.9300000000000002,2,1.265,2,4.6,5,3.0,2,12.5,2,0.4,5,6.979166666666667,1781.9096750191363,2.65,2,0.5,2,9.4,5,5.0,2,7.0,2,0.6,0.8123006637678801,0.8123006637678801,0.5110663228118759,1.0465310310359204,1.3391683017319875,1.0465310310359204,1
24-25-prem-southampton-vs-manchester-united,2024-2025,,,4.0,2024-09-14 11:30:00+00:00,True,20.0,1.0,0.0,3.0,southampton,manchester-united,fpl-core-insights,prem,1,0,0,0,5,13.895833333333334,1408.545384259231,1.1600000000000001,3,1.8266666666666669,3,4.4,5,1.6666666666666667,3,9.333333333333334,3,0.0,5,12.854166666666666,1643.892039460681,1.7400000000000002,3,1.4400000000000002,3,4.8,5,3.0,3,15.0,3,0.4,-0.19503779936359242,-0.19503779936359242,-0.4662582065230506,0.4698902450116092,0.7534776954817848,0.4698902450116092,1
24-25-prem-brighton-&-hove-albion-vs-ipswich-town,2024-2025,,,4.0,2024-09-14 14:00:00+00:00,True,36.0,40.0,0.0,0.0,brighton,ipswich,fpl-core-insights,prem,1,0,0,0,5,14.104166666666666,1600.33291160223,1.7599999999999998,3,1.3399999999999999,3,3.8,5,2.3333333333333335,3,10.666666666666666,3,0.2,5,14.0,1468.2412410677898,0.39666666666666667,3,2.3133333333333335,3,2.6,5,0.6666666666666666,3,9.0,3,0.0,0.5538763708589309,0.5538763708589309,0.5577658180941165,-0.3527167593330893,-0.07395622815142533,-0.3527167593330893,1
24-25-prem-crystal-palace-vs-leicester-city,2024-2025,,,4.0,2024-09-14 14:00:00+00:00,True,31.0,13.0,2.0,2.0,crystal-palace,leicester,fpl-core-insights,prem,1,0,0,0,5,13.0625,1562.077106980177,1.02,3,1.7833333333333332,3,4.6,5,1.0,3,11.666666666666666,3,0.2,5,14.0,1497.8624114854624,0.7033333333333335,3,1.5033333333333332,3,3.0,5,1.3333333333333333,3,13.333333333333334,3,0.2,0.46035949072136534,0.46035949072136534,0.351601094863206,0.18892905714295702,0.3616579528163399,0.18892905714295702,1
24-25-prem-fulham-vs-west-ham-united,2024-2025,,,4.0,2024-09-14 14:00:00+00:00,True,54.0,21.0,1.0,1.0,fulham,west-ham,fpl-core-insights,prem,1,0,0,0,5,14.0,1540.4926914381467,1.0566666666666666,3,1.1633333333333333,3,4.0,5,1.6666666666666667,3,11.333333333333334,3,0.0,5,13.895833333333334,1559.5437933072888,1.5266666666666666,3,2.1266666666666665,3,3.6,5,2.0,3,9.333333333333334,3,0.2,0.42025466711763493,0.42025466711763493,0.10609516540164271,0.13394631508385788,0.4981783636481413,0.13394631508385788,1
24-25-prem-liverpool-vs-nottingham-forest,2024-2025,,,4.0,2024-09-14 14:00:00+00:00,True,14.0,17.0,0.0,1.0,liverpool,nottingham-forest,fpl-core-insights,prem,1,0,0,0,5,12.958333333333334,1790.4964633065488,2.3633333333333333,3,0.7866666666666667,3,7.4,5,5.333333333333333,3,10.333333333333334,3,0.8,5,14.0,1485.5897101193218,1.5966666666666667,3,0.6999999999999998,3,6.2,5,2.6666666666666665,3,13.0,3,0.2,1.3803443795322543,1.3803443795322543,1.1053539993220156,-0.2737862081188718,0.09659949839715226,-0.2737862081188718,1
24-25-prem-manchester-city-vs-brentford,2024-2025,,,4.0,2024-09-14 14:00:00+00:00,True,43.0,94.0,2.0,1.0,manchester-city,brentford,fpl-core-insights,prem,1,0,0,0,5,13.895833333333334,1880.5005315414767,2.3699999999999997,3,0.6766666666666667,3,7.0,5,3.6666666666666665,3,9.0,3,0.4,5,14.0,1550.629954978452,1.64,3,1.7966666666666666,3,4.8,5,3.6666666666666665,3,9.666666666666666,3,0.0,1.6635074041890827,1.6635074041890827,1.4915604419470516,0.37224069952901406,0.48788485531522574,0.37224069952901406,1
24-25-prem-aston-villa-vs-everton,2024-2025,,,4.0,2024-09-14 16:30:00+00:00,True,7.0,11.0,3.0,2.0,aston-villa,everton,fpl-core-insights,prem,1,0,0,0,5,14.104166666666666,1661.254009193922,1.6199999999999999,3,1.26,3,3.6,5,3.3333333333333335,3,11.666666666666666,3,0.0,5,14.104166666666666,1519.3501218377196,1.1466666666666667,3,2.0766666666666667,3,3.6,5,1.6666666666666667,3,13.666666666666666,3,0.2,0.8209258808138234,0.8209258808138234,0.5882824707979915,-0.14193277462324144,0.2563955040869609,-0.14193277462324144,1
24-25-prem-afc-bournemouth-vs-chelsea,2024-2025,,,4.0,2024-09-14 19:00:00+00:00,True,91.0,8.0,0.0,1.0,bournemouth,chelsea,fpl-core-insights,prem,1,0,0,0,5,14.208333333333334,1542.0570879948582,1.95,3,1.6600000000000001,3,4.8,5,3.3333333333333335,3,11.0,3,0.0,5,13.270833333333334,1647.8246598539736,1.6866666666666668,3,1.09,3,6.0,5,3.6666666666666665,3,10.666666666666666,3,0.0,0.16620498763777825,0.16620498763777825,-0.062307104150491836,0.693722576326709,0.8209433744695851,0.693722576326709,1
24-25-prem-tottenham-hotspur-vs-arsenal,2024-2025,,,4.0,2024-09-15 13:00:00+00:00,True,6.0,3.0,0.0,1.0,tottenham,arsenal,fpl-core-insights,prem,1,0,0,0,5,14.020833333333334,1639.0263330424984,1.6233333333333333,3,1.2933333333333332,3,6.8,5,3.3333333333333335,3,15.0,3,0.4,5,15.0625,1804.3121078428646,1.4166666666666667,3,1.17,3,5.4,5,3.0,3,11.0,3,0.6,0.9153166559969672,0.9153166559969672,0.6105976794009307,1.2883529309384973,1.5179103439642394,1.2883529309384973,1
24-25-prem-wolverhampton-wanderers-vs-newcastle-united,2024-2025,,,4.0,2024-09-15 15:30:00+00:00,True,39.0,4.0,1.0,2.0,wolves,newcastle-united,fpl-core-insights,prem,1,0,0,0,5,15.0625,1513.845954070381,1.0566666666666666,3,1.32,3,4.0,5,2.6666666666666665,3,12.0,3,0.0,5,14.125,1653.871012418491,1.2566666666666666,3,1.763333333333333,3,4.8,5,2.3333333333333335,3,11.333333333333334,3,0.2,0.05224394599379084,0.05224394599379084,-0.04559151599691587,0.5192408955593264,1.0752950128963745,0.5192408955593264,1
24-25-prem-west-ham-united-vs-chelsea,2024-2025,,,5.0,2024-09-21 11:30:00+00:00,True,21.0,8.0,0.0,3.0,west-ham,chelsea,fpl-core-insights,prem,1,0,0,0,5,6.895833333333333,1561.2802673318429,1.335,4,1.98,4,2.6,5,1.75,4,9.5,4,0.2,5,6.6875,1657.0843663373105,1.4600000000000002,4,1.2625,4,5.4,5,3.0,4,9.75,4,0.2,0.505867599473088,0.505867599473088,0.1449309376909247,0.7101270976102136,0.8324265393680383,0.7101270976102136,1
24-25-prem-aston-villa-vs-wolverhampton-wanderers,2024-2025,,,5.0,2024-09-21 14:00:00+00:00,True,7.0,39.0,3.0,1.0,aston-villa,wolves,fpl-core-insights,prem,1,0,0,0,5,6.895833333333333,1665.6139349350212,1.7449999999999999,4,1.1700000000000002,4,4.2,5,4.0,4,12.5,4,0.0,5,5.9375,1505.55662778337,1.1,4,1.37,4,3.6,5,2.5,4,12.5,4,0.0,0.8212502832059484,0.8212502832059484,0.5885095524724789,-0.05960718431621668,0.03222156268050397,-0.05960718431621668,1
24-25-prem-fulham-vs-newcastle-united,2024-2025,,,5.0,2024-09-21 14:00:00+00:00,True,54.0,4.0,3.0,1.0,fulham,newcastle-united,fpl-core-insights,prem,1,0,0,0,5,7.0,1538.7562174135926,1.1775,4,1.0625,4,4.8,5,2.25,4,13.25,4,0.0,5,5.9375,1662.160338705502,1.3225,4,1.63,4,4.4,5,2.25,4,10.75,4,0.2,0.40927004451056814,0.40927004451056814,0.09840592957669594,0.5392632788726133,1.0893106812156754,0.5392632788726133,1
24-25-prem-leicester-city-vs-everton,2024-2025,,,5.0,2024-09-21 14:00:00+00:00,True,13.0,11.0,1.0,1.0,leicester,everton,fpl-core-insights,prem,1,0,0,0,5,7.0,1501.7902142548694,0.8350000000000001,4,1.765,4,3.6,5,1.75,4,12.0,4,0.0,5,6.895833333333333,1514.9901960966204,1.085,4,2.0875000000000004,4,2.8,5,1.75,4,14.25,4,0.0,0.369231286266842,0.369231286266842,0.19974810492938855,-0.1422571770153664,0.2561684224124734,-0.1422571770153664,1
24-25-prem-liverpool-vs-afc-bournemouth,2024-2025,,,5.0,2024-09-21 14:00:00+00:00,True,14.0,91.0,3.0,0.0,liverpool,bournemouth,fpl-core-insights,prem,1,0,0,0,5,7.0,1772.4634499927847,2.0075,4,0.7000000000000001,4,7.0,5,4.25,4,9.75,4,0.8,5,6.791666666666667,1532.7973815115213,1.9075,4,1.4400000000000002,4,5.4,5,2.75,4,10.25,4,0.0,1.31579519304055,1.31579519304055,1.0601695687778225,-0.07379026904894512,0.14980046635427355,-0.07379026904894512,1
24-25-prem-southampton-vs-ipswich-town,2024-2025,,,5.0,2024-09-21 14:00:00+00:00,True,20.0,40.0,1.0,1.0,southampton,ipswich,fpl-core-insights,prem,1,0,0,0,5,7.104166666666667,1402.740701734523,1.1500000000000001,4,2.0375,4,5.0,5,2.0,4,10.5,4,0.0,5,7.0,1473.6856711974408,0.385,4,2.15,4,2.0,5,0.75,4,10.25,4,0.2,-0.25090005710529756,-0.25090005710529756,-0.5053617869422442,-0.3248941447149092,-0.05448039791869924,-0.3248941447149092,1
24-25-prem-tottenham-hotspur-vs-brentford,2024-2025,,,5.0,2024-09-21 14:00:00+00:00,True,6.0,94.0,3.0,1.0,tottenham,brentford,fpl-core-insights,prem,1,0,0,0,5,6.041666666666667,1631.432910640307,1.395,4,1.155,4,6.8,5,2.5,4,14.5,4,0.4,5,7.0,1548.9035322945842,1.47,4,1.89,4,4.8,5,3.0,4,11.0,4,0.0,0.9022874656888186,0.9022874656888186,0.6014772461852267,0.4093091466301769,0.5138327682860397,0.4093091466301769,1
24-25-prem-crystal-palace-vs-manchester-united,2024-2025,,,5.0,2024-09-21 16:30:00+00:00,True,31.0,1.0,0.0,0.0,crystal-palace,manchester-united,fpl-core-insights,prem,1,0,0,0,5,7.104166666666667,1558.14930421077,1.4024999999999999,4,1.645,4,4.8,5,1.75,4,12.5,4,0.2,5,7.208333333333333,1649.6967219853889,1.9725000000000001,4,1.36,4,5.2,5,3.5,4,14.5,4,0.6,0.4495404429349338,0.4495404429349338,0.3440277614127039,0.5257525027533143,0.7925812759009784,0.5257525027533143,1
24-25-prem-brighton-&-hove-albion-vs-nottingham-forest,2024-2025,,,5.0,2024-09-22 13:00:00+00:00,True,36.0,17.0,2.0,2.0,brighton,nottingham-forest,fpl-core-insights,prem,1,0,0,0,5,7.958333333333333,1594.888481472579,1.7349999999999999,4,1.0924999999999998,4,4.6,5,2.5,4,10.75,4,0.4,5,7.958333333333333,1503.6227234330859,1.3075,4,0.7599999999999999,4,6.0,5,2.5,4,13.5,4,0.4,0.5260537562407508,0.5260537562407508,0.5382899878613904,-0.2092370216271675,0.14178392894134526,-0.2092370216271675,1
24-25-prem-manchester-city-vs-arsenal,2024-2025,,,5.0,2024-09-22 15:30:00+00:00,True,43.0,3.0,2.0,2.0,manchester-city,arsenal,fpl-core-insights,prem,1,0,0,0,5,8.0625,1882.2269542253443,2.32,4,0.7475,4,7.4,5,3.25,4,8.0,4,0.2,5,7.104166666666667,1811.905530245056,1.2475,4,1.055,4,5.2,5,2.75,4,11.25,4,0.6,1.6264389570879199,1.6264389570879199,1.4656125289762376,1.3013821212466459,1.5270307771799434,1.3013821212466459,1
24-25-prem-newcastle-united-vs-manchester-city,2024-2025,,,6.0,2024-09-28 11:30:00+00:00,True,4.0,43.0,1.0,1.0,newcastle-united,manchester-city,fpl-core-insights,prem,1,0,0,0,5,6.895833333333333,1650.9175263885247,1.366,5,1.7619999999999998,5,4.0,5,2.0,5,9.6,5,0.2,5,5.833333333333333,1878.1515364779564,2.292,5,0.732,5,7.2,5,3.6,5,7.4,5,0.2,1.0527493404214578,1.0527493404214578,0.48703279202373106,1.4473973955454276,1.6004173379010485,1.4473973955454276,1
24-25-prem-arsenal-vs-leicester-city,2024-2025,,,6.0,2024-09-28 14:00:00+00:00,True,3.0,13.0,4.0,2.0,arsenal,leicester,fpl-core-insights,prem,1,0,0,0,5,5.9375,1815.980947992444,1.1320000000000001,5,1.28,5,4.8,5,2.8,5,11.0,5,0.6,5,7.0,1499.8909011556073,0.8,5,1.6320000000000001,5,3.2,5,1.8,5,13.0,5,0.0,1.5452459106107534,1.5452459106107534,1.3274037404335173,0.18804202135247475,0.3525083097283937,0.18804202135247475,1
24-25-prem-brentford-vs-west-ham-united,2024-2025,,,6.0,2024-09-28 14:00:00+00:00,True,94.0,21.0,1.0,1.0,brentford,west-ham,fpl-core-insights,prem,1,0,0,0,5,7.0,1543.267709694949,1.3359999999999999,5,2.216,5,5.0,5,2.8,5,12.0,5,0.0,5,7.104166666666667,1551.7348323894992,1.238,5,2.022,5,3.6,5,1.4,5,8.8,5,0.2,0.48628424838358386,0.48628424838358386,0.3699541181980971,0.1027418316944817,0.44559744804959805,0.1027418316944817,1
24-25-prem-chelsea-vs-brighton-&-hove-albion,2024-2025,,,6.0,2024-09-28 14:00:00+00:00,True,8.0,36.0,4.0,2.0,chelsea,brighton,fpl-core-insights,prem,1,0,0,0,5,7.104166666666667,1666.6298012796542,1.6060000000000003,5,1.18,5,5.2,5,3.4,5,9.6,5,0.4,5,6.041666666666667,1590.3229943163426,1.5879999999999999,5,1.158,5,4.6,5,2.4,5,9.6,5,0.4,0.8746156453644813,0.8746156453644813,0.7703972490337037,0.5218886896738475,0.5026233302585467,0.5218886896738475,1
24-25-prem-everton-vs-crystal-palace,2024-2025,,,6.0,2024-09-28 14:00:00+00:00,True,11.0,31.0,2.0,1.0,everton,crystal-palace,fpl-core-insights,prem,1,0,0,0,5,7.0,1516.8895091958825,1.0879999999999999,5,1.8020000000000003,5,3.4,5,2.0,5,14.0,5,0.0,5,6.895833333333333,1558.48154328519,1.3239999999999998,5,1.656,5,3.8,5,2.0,5,12.0,5,0.2,0.26787450598938717,0.26787450598938717,-0.1255342004769181,0.34663363245325457,0.4532631158500061,0.34663363245325457,1
24-25-prem-nottingham-forest-vs-fulham,2024-2025,,,6.0,2024-09-28 14:00:00+00:00,True,17.0,54.0,0.0,1.0,nottingham-forest,fulham,fpl-core-insights,prem,1,0,0,0,5,6.041666666666667,1508.1882105893224,1.33,5,0.8079999999999998,5,5.4,5,2.4,5,12.4,5,0.4,5,7.0,1549.9990297305699,1.4,5,1.158,5,5.6,5,2.8,5,12.4,5,0.0,0.15818522712888813,0.15818522712888813,-0.1858065956449634,0.1349672703709135,0.46150053135945035,0.1349672703709135,1
24-25-prem-wolverhampton-wanderers-vs-liverpool,2024-2025,,,6.0,2024-09-28 16:30:00+00:00,True,39.0,14.0,1.0,2.0,wolves,liverpool,fpl-core-insights,prem,1,0,0,0,5,7.104166666666667,1501.5424861421386,0.982,5,1.4420000000000002,5,3.8,5,2.0,5,11.8,5,0.0,5,7.104166666666667,1775.2041309685926,2.018,5,0.776,5,6.8,5,4.2,5,10.6,5,0.8,0.008921479959081616,0.008921479959081616,-0.09289301677539147,1.0852849966943279,1.3516743757784149,1.0852849966943279,1
24-25-prem-ipswich-town-vs-aston-villa,2024-2025,,,6.0,2024-09-29 13:00:00+00:00,True,40.0,7.0,2.0,2.0,ipswich,aston-villa,fpl-core-insights,prem,1,0,0,0,5,7.958333333333333,1473.9462369326116,0.646,5,2.218,5,2.8,5,1.0,5,9.8,5,0.2,5,7.958333333333333,1669.6280765762526,1.7419999999999998,5,1.038,5,4.6,5,4.2,5,12.0,5,0.0,-0.05229546115010584,-0.05229546115010584,-0.3217728064740615,0.6118096351939013,0.8545361156651232,0.6118096351939013,1
24-25-prem-manchester-united-vs-tottenham-hotspur,2024-2025,,,6.0,2024-09-29 15:30:00+00:00,True,1.0,6.0,0.0,3.0,manchester-united,tottenham,fpl-core-insights,prem,1,0,0,0,5,7.958333333333333,1649.364482910969,1.918,5,1.29,5,5.6,5,3.8,5,13.2,5,0.6,5,8.0625,1637.0687332399423,1.8199999999999998,5,1.084,5,7.0,5,3.4,5,13.8,5,0.2,0.7899754048604277,0.7899754048604277,0.522029829838242,0.6290257660876826,0.9416424941208984,0.6290257660876826,1
24-25-prem-afc-bournemouth-vs-southampton,2024-2025,,,6.0,2024-09-30 19:00:00+00:00,True,91.0,20.0,3.0,1.0,bournemouth,southampton,fpl-core-insights,prem,1,0,0,0,5,9.208333333333334,1530.0567005357134,1.7420000000000002,5,1.564,5,5.6,5,2.6,5,10.4,5,0.0,5,9.208333333333334,1402.4801359993523,1.4180000000000001,5,1.968,5,3.6,5,2.4,5,9.8,5,0.0,0.12468503843776822,0.12468503843776822,-0.10966945178680987,-0.5075467237108376,-0.25402139534614526,-0.5075467237108376,1
24-25-prem-crystal-palace-vs-liverpool,2024-2025,,,7.0,2024-10-05 11:30:00+00:00,True,31.0,14.0,0.0,1.0,crystal-palace,liverpool,fpl-core-insights,prem,1,0,0,0,5,6.895833333333333,1549.5825321267098,1.2799999999999998,5,1.516,5,3.6,5,2.0,5,12.8,5,0.2,5,6.791666666666667,1780.1436505695992,1.996,5,0.812,5,7.0,5,3.6,5,11.6,5,0.6,0.4299386280558611,0.4299386280558611,0.31331293560447593,1.0735562841338704,1.3434642769860945,1.0735562841338704,1
24-25-prem-arsenal-vs-southampton,2024-2025,,,7.0,2024-10-05 14:00:00+00:00,True,3.0,20.0,3.0,1.0,arsenal,southampton,fpl-core-insights,prem,1,0,0,0,5,7.0,1817.8366764190366,1.8039999999999998,5,1.25,5,6.8,5,4.2,5,10.8,5,0.4,5,4.791666666666667,1397.832485701893,1.184,5,2.192,5,3.4,5,2.0,5,11.0,5,0.0,1.5401284372415467,1.5401284372415467,1.3238215090750727,-0.5479084611696976,-0.28227461156734723,-0.5479084611696976,1
24-25-prem-brentford-vs-wolverhampton-wanderers,2024-2025,,,7.0,2024-10-05 14:00:00+00:00,True,94.0,39.0,5.0,3.0,brentford,wolves,fpl-core-insights,prem,1,0,0,0,5,7.0,1541.2374349781321,1.092,5,2.18,5,4.6,5,2.4,5,13.0,5,0.0,5,6.895833333333333,1496.602966541132,1.014,5,1.7020000000000004,5,3.8,5,2.0,5,11.6,5,0.0,0.47191598916310185,0.47191598916310185,0.3598963367437597,-0.08468291798307115,0.020650192519539215,-0.08468291798307115,1
24-25-prem-leicester-city-vs-afc-bournemouth,2024-2025,,,7.0,2024-10-05 14:00:00+00:00,True,13.0,91.0,1.0,0.0,leicester,bournemouth,fpl-core-insights,prem,1,0,0,0,5,7.0,1498.0351727290147,0.654,5,2.316,5,3.2,5,1.4,5,12.8,5,0.0,5,4.791666666666667,1534.7043508331728,1.7719999999999998,5,1.424,5,6.0,5,2.2,5,10.6,5,0.0,0.3560905410868384,0.3560905410868384,0.19315949472168148,-0.08141623556560787,0.16504677589662822,-0.08141623556560787,1
24-25-prem-manchester-city-vs-fulham,2024-2025,,,7.0,2024-10-05 14:00:00+00:00,True,43.0,54.0,3.0,2.0,manchester-city,fulham,fpl-core-insights,prem,1,0,0,0,5,7.104166666666667,1874.1504897572197,2.32,5,0.844,5,7.4,5,3.6,5,7.8,5,0.0,5,7.0,1561.0937973340458,1.5779999999999998,5,0.8320000000000001,5,5.6,5,3.0,5,9.4,5,0.2,1.5817667869208647,1.5817667869208647,1.4207537512880222,0.16702786954769616,0.4839429507831982,0.16702786954769616,1
24-25-prem-west-ham-united-vs-ipswich-town,2024-2025,,,7.0,2024-10-05 14:00:00+00:00,True,21.0,40.0,4.0,1.0,west-ham,ipswich,fpl-core-insights,prem,1,0,0,0,5,7.0,1553.765107106316,0.944,5,1.69,5,3.6,5,0.8,5,8.2,5,0.2,5,6.041666666666667,1477.1580084119353,0.792,5,1.8520000000000003,5,3.4,5,1.8,5,9.6,5,0.2,0.45565522950393544,0.45565522950393544,0.11711009091496369,-0.3059763535148831,-0.029729099779851068,-0.3059763535148831,1
24-25-prem-everton-vs-newcastle-united,2024-2025,,,7.0,2024-10-05 16:30:00+00:00,True,11.0,4.0,0.0,0.0,everton,newcastle-united,fpl-core-insights,prem,1,0,0,0,5,7.104166666666667,1525.7885203543626,1.176,5,1.7060000000000002,5,3.6,5,2.2,5,12.8,5,0.0,5,7.208333333333333,1654.9185731092614,1.6300000000000001,5,1.59,5,4.6,5,2.2,5,8.2,5,0.0,0.3011952028381658,0.3011952028381658,-0.10220971268277304,0.5056833430039149,1.0793929846788632,0.5056833430039149,1
24-25-prem-aston-villa-vs-manchester-united,2024-2025,,,7.0,2024-10-06 13:00:00+00:00,True,7.0,1.0,0.0,0.0,aston-villa,manchester-united,fpl-core-insights,prem,1,0,0,0,5,7.0,1666.416305096929,1.5,5,0.782,5,4.6,5,3.8,5,10.8,5,0.0,5,6.895833333333333,1636.7687713930425,1.624,5,2.12,5,5.0,5,3.0,5,13.4,5,0.4,0.8387396627059449,0.8387396627059449,0.5892432738236465,0.4761216843248853,0.7243923398413467,0.4761216843248853,1
24-25-prem-chelsea-vs-nottingham-forest,2024-2025,,,7.0,2024-10-06 13:00:00+00:00,True,8.0,17.0,1.0,1.0,chelsea,nottingham-forest,fpl-core-insights,prem,1,0,0,0,5,7.958333333333333,1672.4117388622265,2.2359999999999998,5,1.248,5,6.0,5,4.6,5,9.4,5,0.4,5,7.958333333333333,1497.0934429858464,1.23,5,0.8300000000000001,5,4.0,5,2.2,5,10.6,5,0.4,0.9170495621406556,0.9170495621406556,0.8001009907770257,-0.20824901506871127,0.12612462795210547,-0.20824901506871127,1
24-25-prem-brighton-&-hove-albion-vs-tottenham-hotspur,2024-2025,,,7.0,2024-10-06 15:30:00+00:00,True,36.0,6.0,3.0,2.0,brighton,tottenham,fpl-core-insights,prem,1,0,0,0,5,8.0625,1584.5410567337703,1.524,5,1.9,5,4.6,5,2.6,5,8.6,5,0.2,5,7.0,1649.6644447578688,2.502,5,1.066,5,7.6,5,4.8,5,12.4,5,0.4,0.47291958851522464,0.47291958851522464,0.47945477289767324,0.6946088311067636,0.9875506396342552,0.6946088311067636,1
24-25-prem-tottenham-hotspur-vs-west-ham-united,2024-2025,,,8.0,2024-10-19 11:30:00+00:00,True,6.0,21.0,4.0,1.0,tottenham,west-ham,fpl-core-insights,prem,1,0,0,0,5,12.833333333333334,1640.0923665833075,2.284,5,1.218,5,6.8,5,3.8,5,11.6,5,0.2,5,13.895833333333334,1559.539941972391,1.424,5,1.5500000000000003,5,5.6,5,2.4,5,8.0,5,0.0,0.9614298009615413,0.9614298009615413,0.657293347288601,0.15538107726981876,0.5103280671537284,0.15538107726981876,1
24-25-prem-fulham-vs-aston-villa,2024-2025,,,8.0,2024-10-19 14:00:00+00:00,True,54.0,7.0,1.0,3.0,fulham,aston-villa,fpl-core-insights,prem,1,0,0,0,5,14.0,1559.2084621537497,1.7420000000000002,5,1.024,5,5.2,5,3.4,5,9.2,5,0.2,5,13.041666666666666,1663.3611567867606,1.344,5,0.72,5,4.2,5,3.4,5,10.8,5,0.2,0.5095479094441853,0.5095479094441853,0.20360638192053476,0.5771092755393485,0.8214053794426622,0.5771092755393485,1
24-25-prem-manchester-united-vs-brentford,2024-2025,,,8.0,2024-10-19 14:00:00+00:00,True,1.0,94.0,2.0,1.0,manchester-united,brentford,fpl-core-insights,prem,1,0,0,0,5,13.041666666666666,1639.8239197032108,1.45,5,1.802,5,5.0,5,2.6,5,13.6,5,0.6,5,14.0,1547.7965139342025,1.832,5,1.86,5,6.6,5,3.6,5,13.4,5,0.0,0.7365263381256446,0.7365263381256446,0.493455967588168,0.38909823369921975,0.5136329848137591,0.38909823369921975,1
24-25-prem-newcastle-united-vs-brighton-&-hove-albion,2024-2025,,,8.0,2024-10-19 14:00:00+00:00,True,4.0,36.0,0.0,1.0,newcastle-united,brighton,fpl-core-insights,prem,1,0,0,0,5,13.895833333333334,1653.5138470888837,1.7020000000000004,5,1.272,5,4.2,5,1.6,5,8.4,5,0.2,5,12.9375,1594.1131349083316,1.458,5,1.8820000000000001,5,4.4,5,3.0,5,7.6,5,0.2,1.0731993575360033,1.0731993575360033,0.4968353042284008,0.5055756115703871,0.5102350723333873,0.5055756115703871,1
24-25-prem-southampton-vs-leicester-city,2024-2025,,,8.0,2024-10-19 14:00:00+00:00,True,20.0,13.0,2.0,3.0,southampton,leicester,fpl-core-insights,prem,1,0,0,0,5,14.0,1396.7677057170347,1.286,5,2.268,5,3.6,5,2.4,5,10.6,5,0.0,5,14.0,1506.7944376062185,0.69,5,2.392,5,2.8,5,1.6,5,12.0,5,0.2,-0.26379768438805223,-0.26379768438805223,-0.5215128509135619,0.20858267907034125,0.3781236615849238,0.20858267907034125,1
24-25-prem-ipswich-town-vs-everton,2024-2025,,,8.0,2024-10-19 14:15:00+00:00,True,40.0,11.0,0.0,2.0,ipswich,everton,fpl-core-insights,prem,1,0,0,0,5,14.010416666666666,1471.3831735458602,0.8640000000000001,5,1.9420000000000002,5,3.6,5,2.0,5,10.2,5,0.2,5,13.90625,1527.1932463747403,1.1099999999999999,5,1.6300000000000001,5,3.8,5,2.6,5,11.2,5,0.2,-0.06800008613470614,-0.06800008613470614,-0.3606491911646761,-0.09601608553991313,0.31004324161367997,-0.09601608553991313,1
24-25-prem-afc-bournemouth-vs-arsenal,2024-2025,,,8.0,2024-10-19 16:30:00+00:00,True,91.0,3.0,2.0,0.0,bournemouth,arsenal,fpl-core-insights,prem,1,0,0,0,5,14.104166666666666,1525.945085955969,1.7520000000000002,5,1.244,5,5.6,5,2.8,5,10.2,5,0.0,5,14.104166666666666,1818.9014564038948,2.1959999999999997,5,1.124,5,7.2,5,4.6,5,11.4,5,0.2,0.14962359154796845,0.14962359154796845,-0.10344935606369325,1.3053445818957776,1.513732826985411,1.3053445818957776,1
24-25-prem-wolverhampton-wanderers-vs-manchester-city,2024-2025,,,8.0,2024-10-20 13:00:00+00:00,True,39.0,43.0,1.0,2.0,wolves,manchester-city,fpl-core-insights,prem,1,0,0,0,5,14.958333333333334,1490.0438875850616,0.8320000000000001,5,2.216,5,4.2,5,1.2,5,12.6,5,0.0,5,14.958333333333334,1876.0358249375158,1.966,5,1.3059999999999998,5,7.8,5,2.8,5,8.0,5,0.0,-0.008551704435920824,-0.008551704435920824,-0.12639991363372835,1.3951487926270352,1.545188274548026,1.3951487926270352,1
24-25-prem-liverpool-vs-chelsea,2024-2025,,,8.0,2024-10-20 15:30:00+00:00,True,14.0,8.0,2.0,1.0,liverpool,chelsea,fpl-core-insights,prem,1,0,0,0,5,15.166666666666666,1786.06248132954,1.7440000000000002,5,0.8299999999999998,5,6.2,5,3.6,5,10.8,5,0.6,5,14.104166666666666,1666.1514112086459,2.3920000000000003,5,1.03,5,6.0,5,4.2,5,9.2,5,0.4,1.3468354276054342,1.3468354276054342,1.0783722135900697,0.7750075371133337,0.8812017711925242,0.7750075371133337,1
24-25-prem-nottingham-forest-vs-crystal-palace,2024-2025,,,8.0,2024-10-21 19:00:00+00:00,True,17.0,31.0,1.0,0.0,nottingham-forest,crystal-palace,fpl-core-insights,prem,1,0,0,0,5,15.25,1503.353770639427,0.914,5,1.294,5,4.2,5,1.8,5,8.8,5,0.2,5,16.3125,1543.663701366769,1.138,5,1.5159999999999998,5,4.2,5,2.0,5,11.8,5,0.2,0.15121808161579742,0.15121808161579742,-0.17240122412057993,0.3099417849851363,0.4251226985996617,0.3099417849851363,1
24-25-prem-leicester-city-vs-nottingham-forest,2024-2025,,,9.0,2024-10-25 19:00:00+00:00,True,13.0,17.0,1.0,3.0,leicester,nottingham-forest,fpl-core-insights,prem,1,0,0,0,5,6.208333333333333,1515.932344073354,1.242,5,2.512,5,3.0,5,2.2,5,13.2,5,0.2,5,4.0,1512.2163421832463,1.058,5,1.34,5,4.4,5,2.2,5,7.4,5,0.4,0.3931654354613009,0.3931654354613009,0.23007092746516575,-0.14803386933177068,0.18602858845695347,-0.14803386933177068,1
24-25-prem-aston-villa-vs-afc-bournemouth,2024-2025,,,9.0,2024-10-26 14:00:00+00:00,True,7.0,91.0,1.0,1.0,aston-villa,bournemouth,fpl-core-insights,prem,1,0,0,0,5,7.0,1672.6671040249303,1.3699999999999999,5,0.986,5,4.2,5,3.0,5,9.8,5,0.2,5,6.895833333333333,1541.407003143421,1.6420000000000001,5,0.982,5,5.0,5,2.4,5,10.4,5,0.2,0.8556252740099346,0.8556252740099346,0.6259948392068805,-0.0547246725361379,0.21923028230161895,-0.0547246725361379,1
24-25-prem-brentford-vs-ipswich-town,2024-2025,,,9.0,2024-10-26 14:00:00+00:00,True,94.0,40.0,4.0,3.0,brentford,ipswich,fpl-core-insights,prem,1,0,0,0,5,7.0,1542.3793363499833,1.448,5,1.8119999999999998,5,5.6,5,2.8,5,13.0,5,0.0,5,6.989583333333333,1460.6880543155578,1.0239999999999998,5,2.1000000000000005,5,3.2,5,2.2,5,10.2,5,0.2,0.4988695625474247,0.4988695625474247,0.3680076304615992,-0.39596034430991517,-0.11844459062790486,-0.39596034430991517,1
24-25-prem-brighton-&-hove-albion-vs-wolverhampton-wanderers,2024-2025,,,9.0,2024-10-26 14:00:00+00:00,True,36.0,39.0,2.0,2.0,brighton,wolves,fpl-core-insights,prem,1,0,0,0,5,7.0,1607.92312261499,1.33,5,1.8579999999999999,5,4.6,5,3.2,5,9.2,5,0.4,5,6.041666666666667,1487.1116638903818,0.8779999999999999,5,2.332,5,4.0,5,1.2,5,12.4,5,0.0,0.5431563980342685,0.5431563980342685,0.5526060768573604,-0.1055051099835258,0.02129801506436853,-0.1055051099835258,1
24-25-prem-manchester-city-vs-southampton,2024-2025,,,9.0,2024-10-26 14:00:00+00:00,True,43.0,20.0,1.0,0.0,manchester-city,southampton,fpl-core-insights,prem,1,0,0,0,5,6.041666666666667,1878.9680486321956,1.69,5,1.354,5,7.6,5,1.8,5,7.6,5,0.0,5,7.0,1387.6297992498992,1.402,5,2.354,5,3.8,5,2.6,5,11.8,5,0.0,1.5242934708978235,1.5242934708978235,1.3652990731267458,-0.5365546247899391,-0.2852859327828767,-0.5365546247899391,1
24-25-prem-everton-vs-fulham,2024-2025,,,9.0,2024-10-26 16:30:00+00:00,True,11.0,54.0,1.0,1.0,everton,fulham,fpl-core-insights,prem,1,0,0,0,5,7.09375,1537.8883656050427,1.06,5,1.4060000000000001,5,3.8,5,2.2,5,11.4,5,0.4,5,7.104166666666667,1549.90251491558,1.908,5,1.27,5,5.2,5,3.8,5,10.0,5,0.2,0.34535439475891905,0.34535439475891905,-0.0455715810467144,0.16938648735326245,0.4606623457766534,0.16938648735326245,1
24-25-prem-chelsea-vs-newcastle-united,2024-2025,,,9.0,2024-10-27 14:00:00+00:00,True,8.0,4.0,2.0,1.0,chelsea,newcastle-united,fpl-core-insights,prem,1,0,0,0,5,6.9375,1661.3444806566515,2.116,5,1.31,5,5.0,5,3.8,5,9.8,5,0.4,5,8.0,1639.7038593822253,1.7399999999999998,5,1.244,5,4.8,5,2.0,5,10.6,5,0.2,0.8811636265634983,0.8811636265634983,0.7749530447861539,0.4639139785275195,1.02616889224903,0.4639139785275195,1
24-25-prem-crystal-palace-vs-tottenham-hotspur,2024-2025,,,9.0,2024-10-27 14:00:00+00:00,True,31.0,6.0,1.0,0.0,crystal-palace,tottenham,fpl-core-insights,prem,1,0,0,0,5,5.791666666666667,1534.8011298229496,1.2239999999999998,5,1.394,5,5.0,5,2.0,5,12.4,5,0.2,5,8.104166666666666,1645.774367212421,2.416,5,1.008,5,7.0,5,3.8,5,11.6,5,0.2,0.4007553438108524,0.4007553438108524,0.27513127814398025,0.6927327676950953,1.0120575443993902,0.6927327676950953,1
24-25-prem-west-ham-united-vs-manchester-united,2024-2025,,,9.0,2024-10-27 14:00:00+00:00,True,21.0,1.0,2.0,1.0,west-ham,manchester-united,fpl-core-insights,prem,1,0,0,0,5,8.104166666666666,1553.8579413432774,1.434,5,1.334,5,6.0,5,2.6,5,11.8,5,0.0,5,8.0,1645.24109728743,1.4440000000000002,5,1.616,5,6.6,5,2.6,5,12.8,5,0.6,0.4748886467472341,0.4748886467472341,0.10475333383196977,0.5082193898545024,0.7576169413632652,0.5082193898545024,1
24-25-prem-arsenal-vs-liverpool,2024-2025,,,9.0,2024-10-27 16:30:00+00:00,True,3.0,14.0,2.0,2.0,arsenal,liverpool,fpl-core-insights,prem,1,0,0,0,5,8.0,1803.4395392164429,1.904,5,1.136,5,6.0,5,4.0,5,11.2,5,0.2,5,7.041666666666667,1790.8694118815345,1.7739999999999998,5,0.756,5,6.6,5,3.0,5,11.0,5,0.4,1.4650081434578555,1.4650081434578555,1.235737891142127,1.0784103582190956,1.346889919932614,1.0784103582190956,1
24-25-prem-newcastle-united-vs-arsenal,2024-2025,,,10.0,2024-11-02 12:30:00+00:00,True,4.0,3.0,1.0,0.0,newcastle-united,arsenal,fpl-core-insights,prem,1,0,0,0,5,5.9375,1632.5486168907153,1.798,5,1.32,5,4.2,5,2.2,5,10.4,5,0.2,5,5.833333333333333,1800.83646407823,1.94,5,1.156,5,5.8,5,4.0,5,11.0,5,0.0,1.0140653542576306,1.0140653542576306,0.4466232099683776,1.2171459955653932,1.43844829263395,1.2171459955653932,1
24-25-prem-afc-bournemouth-vs-manchester-city,2024-2025,,,10.0,2024-11-02 15:00:00+00:00,True,91.0,43.0,2.0,1.0,bournemouth,manchester-city,fpl-core-insights,prem,1,0,0,0,5,7.041666666666667,1546.8345714549548,1.348,5,1.188,5,4.2,5,2.2,5,10.8,5,0.2,5,7.041666666666667,1879.6871364847411,1.846,5,1.204,5,7.8,5,2.2,5,8.0,5,0.2,0.2408953768126004,0.2408953768126004,-0.02377453752045013,1.3332252387920231,1.4784737075625054,1.3332252387920231,1
24-25-prem-ipswich-town-vs-leicester-city,2024-2025,,,10.0,2024-11-02 15:00:00+00:00,True,40.0,13.0,1.0,1.0,ipswich,leicester,fpl-core-insights,prem,1,0,0,0,5,7.041666666666667,1455.0326831770171,1.214,5,2.588,5,4.0,5,2.8,5,9.2,5,0.0,5,7.833333333333333,1503.5683774639613,1.1480000000000001,5,2.348,5,2.4,5,1.8,5,13.6,5,0.2,-0.12368258952683175,-0.12368258952683175,-0.40344319987981075,0.19033307102095437,0.3363970691124275,0.19033307102095437,1
24-25-prem-liverpool-vs-brighton-&-hove-albion,2024-2025,,,10.0,2024-11-02 15:00:00+00:00,True,14.0,36.0,2.0,1.0,liverpool,brighton,fpl-core-insights,prem,1,0,0,0,5,5.9375,1793.4724870197474,1.748,5,0.852,5,6.4,5,3.2,5,11.2,5,0.4,5,7.041666666666667,1602.7111522005289,1.2600000000000002,5,2.0599999999999996,5,4.6,5,3.0,5,9.0,5,0.2,1.365481815509348,1.365481815509348,1.1049702090430011,0.5375717579479689,0.5216787995922806,0.5375717579479689,1
24-25-prem-nottingham-forest-vs-west-ham-united,2024-2025,,,10.0,2024-11-02 15:00:00+00:00,True,17.0,21.0,3.0,0.0,nottingham-forest,west-ham,fpl-core-insights,prem,1,0,0,0,5,7.833333333333333,1524.580308792639,1.316,5,1.3039999999999998,5,4.8,5,2.6,5,6.6,5,0.2,5,6.041666666666667,1564.1854577270567,1.8820000000000001,5,1.494,5,6.0,5,3.2,5,10.8,5,0.0,0.22576644490116485,0.22576644490116485,-0.09126550298289729,0.12746900145506837,0.5073396004945178,0.12746900145506837,1
24-25-prem-southampton-vs-everton,2024-2025,,,10.0,2024-11-02 15:00:00+00:00,True,20.0,11.0,1.0,0.0,southampton,everton,fpl-core-insights,prem,1,0,0,0,5,7.041666666666667,1386.9107113973537,1.2200000000000002,5,2.41,5,3.4,5,2.2,5,10.8,5,0.0,5,6.9375,1535.9561741816165,1.038,5,1.234,5,4.4,5,2.0,5,10.6,5,0.4,-0.25321209844815407,-0.25321209844815407,-0.490734861454621,-0.050437842585748356,0.3384025925602991,-0.050437842585748356,1
24-25-prem-wolverhampton-wanderers-vs-crystal-palace,2024-2025,,,10.0,2024-11-02 17:30:00+00:00,True,39.0,31.0,2.0,2.0,wolves,crystal-palace,fpl-core-insights,prem,1,0,0,0,5,7.145833333333333,1492.323634304843,0.9040000000000001,5,2.29,5,4.4,5,1.0,5,12.0,5,0.0,5,6.145833333333333,1545.6902570895002,0.8700000000000001,5,1.2959999999999998,5,5.4,5,1.4,5,13.2,5,0.4,0.036332333973760074,0.036332333973760074,-0.08402751154153788,0.30229134445438716,0.43955543854000517,0.30229134445438716,1
24-25-prem-tottenham-hotspur-vs-aston-villa,2024-2025,,,10.0,2024-11-03 14:00:00+00:00,True,6.0,7.0,4.0,1.0,tottenham,aston-villa,fpl-core-insights,prem,1,0,0,0,5,7.0,1634.8852399458706,2.4219999999999997,5,1.016,5,6.6,5,4.2,5,11.8,5,0.2,5,8.0,1667.2395357133964,1.3079999999999998,5,0.868,5,4.2,5,2.4,5,7.8,5,0.2,0.9848974780889833,0.9848974780889833,0.6539326729659426,0.6043297446958991,0.8246751389942468,0.6043297446958991,1
24-25-prem-manchester-united-vs-chelsea,2024-2025,,,10.0,2024-11-03 16:30:00+00:00,True,1.0,8.0,1.0,1.0,manchester-united,chelsea,fpl-core-insights,prem,1,0,0,0,5,7.104166666666667,1634.9135809036507,1.3780000000000001,5,1.9920000000000002,5,5.6,5,2.6,5,12.4,5,0.4,5,7.104166666666667,1668.4997231481616,2.2819999999999996,5,1.316,5,5.8,5,3.8,5,10.0,5,0.2,0.7349012737401666,0.7349012737401666,0.4757684361072187,0.7870565827775532,0.8984543951226402,0.7870565827775532,1
24-25-prem-fulham-vs-brentford,2024-2025,,,10.0,2024-11-04 20:00:00+00:00,True,54.0,94.0,2.0,1.0,fulham,brentford,fpl-core-insights,prem,1,0,0,0,5,9.145833333333334,1551.8347063390063,1.8519999999999999,5,1.276,5,4.8,5,3.2,5,8.4,5,0.2,5,9.25,1548.034707488524,2.0759999999999996,5,1.638,5,6.4,5,4.0,5,11.2,5,0.0,0.46552860731568735,0.46552860731568735,0.17633828955188238,0.3732456293605261,0.5063524181173202,0.3732456293605261,1
24-25-prem-brentford-vs-afc-bournemouth,2024-2025,,,11.0,2024-11-09 15:00:00+00:00,True,94.0,91.0,3.0,2.0,brentford,bournemouth,fpl-core-insights,prem,1,0,0,0,5,4.791666666666667,1540.4009564891257,2.034,5,1.204,5,5.6,5,3.8,5,10.4,5,0.0,5,7.0,1563.051551940812,1.54,5,1.088,5,4.2,5,3.0,5,11.0,5,0.2,0.4858261962437581,0.4858261962437581,0.3439224552554373,0.0169290664337455,0.2990433824614513,0.0169290664337455,1
24-25-prem-crystal-palace-vs-fulham,2024-2025,,,11.0,2024-11-09 15:00:00+00:00,True,31.0,54.0,0.0,2.0,crystal-palace,fulham,fpl-core-insights,prem,1,0,0,0,5,6.895833333333333,1546.4553292954809,1.17,5,1.262,5,6.0,5,1.6,5,12.6,5,0.2,5,4.791666666666667,1559.4684573384045,1.6640000000000001,5,1.0859999999999999,5,5.0,5,2.4,5,8.2,5,0.2,0.4328732034127602,0.4328732034127602,0.2927452942726086,0.1968645114254445,0.4948517814207761,0.1968645114254445,1
24-25-prem-west-ham-united-vs-everton,2024-2025,,,11.0,2024-11-09 15:00:00+00:00,True,21.0,11.0,0.0,0.0,west-ham,everton,fpl-core-insights,prem,1,0,0,0,5,7.0,1555.3429043485016,1.7380000000000002,5,1.4899999999999998,5,5.0,5,3.2,5,11.8,5,0.0,5,7.0,1523.9946406567797,1.1300000000000001,5,1.25,5,4.4,5,2.0,5,9.6,5,0.4,0.46378539232239296,0.46378539232239296,0.06524870406631866,-0.08587204305367532,0.3135986522327502,-0.08587204305367532,1
24-25-prem-wolverhampton-wanderers-vs-southampton,2024-2025,,,11.0,2024-11-09 15:00:00+00:00,True,39.0,20.0,2.0,0.0,wolves,southampton,fpl-core-insights,prem,1,0,0,0,5,6.895833333333333,1491.5585620988622,1.108,5,2.446,5,4.8,5,1.8,5,12.2,5,0.0,5,7.0,1398.8722449221905,0.8699999999999999,5,2.384,5,3.2,5,1.6,5,11.0,5,0.2,0.04587838415553863,0.04587838415553863,-0.0773452764142929,-0.4659309211270721,-0.2177778979802271,-0.4659309211270721,1
24-25-prem-brighton-&-hove-albion-vs-manchester-city,2024-2025,,,11.0,2024-11-09 17:30:00+00:00,True,36.0,43.0,2.0,1.0,brighton,manchester-city,fpl-core-insights,prem,1,0,0,0,5,7.104166666666667,1599.2342786950023,1.262,5,2.106,5,5.0,5,2.8,5,10.6,5,0.2,5,7.104166666666667,1863.470155998884,1.722,5,1.478,5,6.4,5,1.8,5,8.4,5,0.2,0.5310526643579901,0.5310526643579901,0.5509629933275539,1.2750772331431723,1.4377701036083097,1.2750772331431723,1
24-25-prem-liverpool-vs-aston-villa,2024-2025,,,11.0,2024-11-09 20:00:00+00:00,True,14.0,7.0,2.0,0.0,liverpool,aston-villa,fpl-core-insights,prem,1,0,0,0,5,7.208333333333333,1796.949360525274,1.666,5,0.8379999999999999,5,5.4,5,3.2,5,12.2,5,0.2,5,6.25,1658.6023568886778,1.334,5,1.254,5,3.6,5,2.2,5,8.0,5,0.2,1.352090580129763,1.352090580129763,1.0955963442772916,0.5477193299423018,0.7850478486667287,0.5477193299423018,1
24-25-prem-manchester-united-vs-leicester-city,2024-2025,,,11.0,2024-11-10 14:00:00+00:00,True,1.0,13.0,3.0,0.0,manchester-united,leicester,fpl-core-insights,prem,1,0,0,0,5,6.895833333333333,1633.5855732894142,1.434,5,2.0119999999999996,5,5.2,5,2.4,5,13.4,5,0.2,5,7.958333333333333,1504.471525305122,1.326,5,2.3280000000000003,5,3.2,5,2.2,5,12.4,5,0.2,0.738062916401248,0.738062916401248,0.4779815859699757,0.17990731058903592,0.32909903681008457,0.17990731058903592,1
24-25-prem-nottingham-forest-vs-newcastle-united,2024-2025,,,11.0,2024-11-10 14:00:00+00:00,True,17.0,4.0,1.0,3.0,nottingham-forest,newcastle-united,fpl-core-insights,prem,1,0,0,0,5,7.958333333333333,1533.422862171194,1.466,5,1.13,5,5.4,5,2.8,5,7.4,5,0.4,5,8.0625,1645.0364258026307,1.594,5,1.072,5,4.0,5,2.2,5,12.4,5,0.4,0.28798674228991455,0.28798674228991455,-0.0477112948107725,0.4741313992341877,1.053362767494502,0.4741313992341877,1
24-25-prem-tottenham-hotspur-vs-ipswich-town,2024-2025,,,11.0,2024-11-10 14:00:00+00:00,True,6.0,40.0,1.0,2.0,tottenham,ipswich,fpl-core-insights,prem,1,0,0,0,5,7.0,1643.5224187705892,2.206,5,1.2280000000000002,5,5.8,5,3.4,5,11.0,5,0.2,5,7.958333333333333,1454.1295353358564,1.076,5,2.4,5,3.2,5,2.8,5,9.0,5,0.0,1.0415078928425807,1.0415078928425807,0.6935599632934607,-0.3961451675774678,-0.1132568290949133,-0.3961451675774678,1
24-25-prem-chelsea-vs-arsenal,2024-2025,,,11.0,2024-11-10 16:30:00+00:00,True,8.0,3.0,1.0,1.0,chelsea,arsenal,fpl-core-insights,prem,1,0,0,0,5,7.0,1669.827730762398,2.066,5,1.5420000000000003,5,5.4,5,3.0,5,10.4,5,0.0,5,8.166666666666666,1788.3486551663145,2.016,5,0.8240000000000001,5,5.4,5,3.6,5,11.0,5,0.0,0.8962412452598832,0.8962412452598832,0.7838949401164718,1.1778485823285216,1.41094010336814,1.1778485823285216,1
24-25-prem-leicester-city-vs-chelsea,2024-2025,,,12.0,2024-11-23 12:30:00+00:00,True,13.0,8.0,1.0,2.0,leicester,chelsea,fpl-core-insights,prem,1,0,0,0,5,12.9375,1499.855375271592,1.388,5,1.56,5,3.6,5,2.4,5,12.4,5,0.2,5,12.833333333333334,1670.9319312852617,1.5420000000000003,5,1.6300000000000001,5,4.6,5,1.8,5,11.0,5,0.0,0.2901669438160638,0.2901669438160638,0.12429003488329196,0.7964097446793396,0.9141195374925515,0.7964097446793396,1
24-25-prem-afc-bournemouth-vs-brighton-&-hove-albion,2024-2025,,,12.0,2024-11-23 15:00:00+00:00,True,91.0,36.0,1.0,2.0,bournemouth,brighton,fpl-core-insights,prem,1,0,0,0,5,14.0,1554.687370679837,1.7879999999999998,5,1.264,5,3.6,5,3.4,5,11.8,5,0.2,5,13.895833333333334,1614.0901798253208,1.4979999999999998,5,1.7180000000000004,5,4.8,5,3.8,5,10.2,5,0.2,0.2848249892258653,0.2848249892258653,-0.003382923902805892,0.5876665505118819,0.5834863174784586,0.5876665505118819,1
24-25-prem-arsenal-vs-nottingham-forest,2024-2025,,,12.0,2024-11-23 15:00:00+00:00,True,3.0,17.0,3.0,0.0,arsenal,nottingham-forest,fpl-core-insights,prem,1,0,0,0,5,12.9375,1787.2444546434508,1.4060000000000001,5,1.068,5,2.8,5,2.6,5,9.8,5,0.0,5,13.041666666666666,1524.3302707936555,1.432,5,1.204,5,5.8,5,3.2,5,10.6,5,0.4,1.398425298805272,1.398425298805272,1.1599702900958533,-0.08067333704330566,0.2408981105291529,-0.08067333704330566,1
24-25-prem-aston-villa-vs-crystal-palace,2024-2025,,,12.0,2024-11-23 15:00:00+00:00,True,7.0,31.0,2.0,2.0,aston-villa,crystal-palace,fpl-core-insights,prem,1,0,0,0,5,13.791666666666666,1654.1722188934684,1.446,5,1.422,5,3.4,5,2.8,5,7.8,5,0.2,5,14.0,1534.5508326500546,1.284,5,1.45,5,6.0,5,2.2,5,11.4,5,0.2,0.7681164904963661,0.7681164904963661,0.5235316754132122,0.2553092362308925,0.3793931204960229,0.2553092362308925,1
24-25-prem-everton-vs-brentford,2024-2025,,,12.0,2024-11-23 15:00:00+00:00,True,11.0,94.0,0.0,0.0,everton,brentford,fpl-core-insights,prem,1,0,0,0,5,14.0,1527.0941042349793,1.174,5,1.226,5,4.8,5,1.8,5,10.2,5,0.6,5,14.0,1548.7651377501008,2.2560000000000002,5,1.5279999999999998,5,6.2,5,4.0,5,8.6,5,0.0,0.32644955724798247,0.32644955724798247,-0.06751360731762923,0.3581408484910233,0.5061381865803095,0.3581408484910233,1
24-25-prem-fulham-vs-wolverhampton-wanderers,2024-2025,,,12.0,2024-11-23 15:00:00+00:00,True,54.0,39.0,1.0,4.0,fulham,wolves,fpl-core-insights,prem,1,0,0,0,5,14.0,1571.3729539838307,1.764,5,1.23,5,6.0,5,2.8,5,9.8,5,0.2,5,14.0,1496.9607707939224,1.234,5,2.07,5,5.0,5,1.8,5,11.8,5,0.2,0.5322878394624923,0.5322878394624923,0.25034459434218176,-0.04766241148011856,0.08828247691864483,-0.04766241148011856,1
24-25-prem-manchester-city-vs-tottenham-hotspur,2024-2025,,,12.0,2024-11-23 17:30:00+00:00,True,43.0,6.0,0.0,4.0,manchester-city,tottenham,fpl-core-insights,prem,1,0,0,0,5,14.0,1848.6142548685655,1.9840000000000004,5,1.6219999999999999,5,6.4,5,2.6,5,7.2,5,0.2,5,13.145833333333334,1627.021977924699,1.5979999999999999,5,1.36,5,4.8,5,2.0,5,11.0,5,0.0,1.4010665464239818,1.4010665464239818,1.2226435800227038,0.6528538662096816,0.9833563255800392,0.6528538662096816,1
24-25-prem-southampton-vs-liverpool,2024-2025,,,12.0,2024-11-24 14:00:00+00:00,True,20.0,14.0,2.0,3.0,southampton,liverpool,fpl-core-insights,prem,1,0,0,0,5,14.958333333333334,1393.4700362271303,0.882,5,2.362,5,2.6,5,1.6,5,10.0,5,0.2,5,14.75,1801.3794985204834,1.562,5,0.9879999999999999,5,5.2,5,3.4,5,12.2,5,0.4,-0.24746076291440144,-0.24746076291440144,-0.5083350138901783,1.1125277024476543,1.3762782346588525,1.1125277024476543,1
24-25-prem-ipswich-town-vs-manchester-united,2024-2025,,,12.0,2024-11-24 16:30:00+00:00,True,40.0,1.0,1.0,1.0,ipswich,manchester-united,fpl-core-insights,prem,1,0,0,0,5,14.104166666666666,1470.6299761817465,1.1640000000000001,5,2.5460000000000003,5,2.8,5,2.8,5,9.0,5,0.0,5,14.104166666666666,1638.2017233229442,1.3940000000000001,5,1.22,5,5.4,5,2.6,5,15.2,5,0.4,-0.0725507320111342,-0.0725507320111342,-0.33799360031492626,0.5169136789639964,0.7936801921069919,0.5169136789639964,1
24-25-prem-newcastle-united-vs-west-ham-united,2024-2025,,,12.0,2024-11-25 20:00:00+00:00,True,4.0,21.0,0.0,2.0,newcastle-united,west-ham,fpl-core-insights,prem,1,0,0,0,5,15.25,1654.1290171801693,1.6199999999999999,5,1.016,5,4.4,5,2.2,5,12.6,5,0.4,5,16.208333333333332,1552.243440770302,1.706,5,1.638,5,5.6,5,3.4,5,11.6,5,0.2,1.0863248097270353,1.0863248097270353,0.5212200309949493,0.0523977990510864,0.4454269565863469,0.0523977990510864,1
24-25-prem-brighton-&-hove-albion-vs-southampton,2024-2025,,,13.0,2024-11-29 20:00:00+00:00,True,36.0,20.0,1.0,1.0,brighton,southampton,fpl-core-insights,prem,1,0,0,0,5,6.208333333333333,1624.6823210959055,1.334,5,1.7759999999999998,5,4.8,5,3.4,5,11.4,5,0.2,5,5.25,1390.8396658641207,1.008,5,2.426,5,3.2,5,1.8,5,9.6,5,0.2,0.5999397124964659,0.5999397124964659,0.6111714005376068,-0.4941823305641222,-0.22724264387717844,-0.4941823305641222,1
24-25-prem-brentford-vs-leicester-city,2024-2025,,,13.0,2024-11-30 15:00:00+00:00,True,94.0,13.0,4.0,1.0,brentford,leicester,fpl-core-insights,prem,1,0,0,0,5,7.0,1550.4283833803263,1.626,5,1.558,5,4.2,5,2.8,5,9.2,5,0.2,5,7.104166666666667,1492.4183302200026,1.452,5,1.6780000000000002,5,3.4,5,2.2,5,12.2,5,0.0,0.5051440754985865,0.5051440754985865,0.35672068980284766,0.1133973379355754,0.27460594817646866,0.1133973379355754,1
24-25-prem-crystal-palace-vs-newcastle-united,2024-2025,,,13.0,2024-11-30 15:00:00+00:00,True,31.0,4.0,1.0,1.0,crystal-palace,newcastle-united,fpl-core-insights,prem,1,0,0,0,5,7.0,1539.737810217483,1.408,5,1.794,5,6.2,5,2.6,5,13.4,5,0.2,5,4.791666666666667,1639.324981694535,1.5379999999999998,5,1.044,5,4.2,5,2.4,5,12.6,5,0.2,0.39412957562986384,0.39412957562986384,0.2763613149935224,0.4749510890769176,1.0202263212727043,0.4749510890769176,1
24-25-prem-nottingham-forest-vs-ipswich-town,2024-2025,,,13.0,2024-11-30 15:00:00+00:00,True,17.0,40.0,1.0,0.0,nottingham-forest,ipswich,fpl-core-insights,prem,1,0,0,0,5,7.0,1521.8910144471563,1.324,5,0.95,5,4.0,5,2.4,5,11.4,5,0.4,5,5.9375,1473.0984398409912,1.3519999999999999,5,1.948,5,3.6,5,3.0,5,8.2,5,0.0,0.21859705838789903,0.21859705838789903,-0.1125319829593826,-0.32412301349942557,-0.052735607988990324,-0.32412301349942557,1
24-25-prem-wolverhampton-wanderers-vs-afc-bournemouth,2024-2025,,,13.0,2024-11-30 15:00:00+00:00,True,39.0,91.0,2.0,4.0,wolves,bournemouth,fpl-core-insights,prem,1,0,0,0,5,7.0,1511.13390094851,1.288,5,1.426,5,4.8,5,2.0,5,10.8,5,0.2,5,7.0,1544.0952294092522,1.682,5,1.294,5,4.2,5,3.2,5,11.2,5,0.2,0.13658935456514432,0.13658935456514432,0.02134741372916643,-0.019836318920813285,0.26132013920014047,-0.019836318920813285,1
24-25-prem-west-ham-united-vs-arsenal,2024-2025,,,13.0,2024-11-30 17:30:00+00:00,True,21.0,3.0,2.0,5.0,west-ham,arsenal,fpl-core-insights,prem,1,0,0,0,5,4.895833333333333,1567.0474762559363,1.11,5,1.8359999999999999,5,4.2,5,1.6,5,13.4,5,0.4,5,7.104166666666667,1789.68371098995,1.078,5,1.004,5,3.0,5,2.0,5,10.0,5,0.2,0.4916958985043786,0.4916958985043786,0.11849628750541744,1.1822713422371072,1.4302839447213491,1.1822713422371072,1
24-25-prem-chelsea-vs-aston-villa,2024-2025,,,13.0,2024-12-01 13:30:00+00:00,True,8.0,7.0,3.0,0.0,chelsea,aston-villa,fpl-core-insights,prem,1,0,0,0,5,8.041666666666666,1678.3689763368511,1.6,5,1.6780000000000002,5,4.4,5,2.0,5,11.2,5,0.0,5,7.9375,1648.98524132604,1.968,5,1.5619999999999998,5,4.2,5,3.6,5,6.8,5,0.0,0.925012234440268,0.925012234440268,0.8119707403189347,0.5087952202793713,0.7470644117337363,0.5087952202793713,1
24-25-prem-manchester-united-vs-everton,2024-2025,,,13.0,2024-12-01 13:30:00+00:00,True,1.0,11.0,4.0,0.0,manchester-united,everton,fpl-core-insights,prem,1,0,0,0,5,6.875,1635.7332596636995,1.442,5,1.438,5,5.4,5,3.0,5,14.4,5,0.2,5,7.9375,1525.430858604754,1.28,5,1.036,5,5.4,5,1.6,5,9.0,5,0.6,0.7798096052914912,0.7798096052914912,0.49709855494185257,-0.06651949623590629,0.3278697159361581,-0.06651949623590629,1
24-25-prem-tottenham-hotspur-vs-fulham,2024-2025,,,13.0,2024-12-01 13:30:00+00:00,True,6.0,54.0,1.0,1.0,tottenham,fulham,fpl-core-insights,prem,1,0,0,0,5,7.833333333333333,1644.0258102076102,1.832,5,1.436,5,5.6,5,3.0,5,10.8,5,0.2,5,7.9375,1557.199823829243,1.4500000000000002,5,1.1800000000000002,5,5.8,5,2.0,5,11.0,5,0.2,1.0420090721556745,1.0420090721556745,0.7366435041748751,0.20203771669568227,0.46327801425320725,0.20203771669568227,1
24-25-prem-liverpool-vs-manchester-city,2024-2025,,,13.0,2024-12-01 16:00:00+00:00,True,14.0,43.0,2.0,0.0,liverpool,manchester-city,fpl-core-insights,prem,1,0,0,0,5,7.083333333333333,1804.009868883493,1.9140000000000001,5,1.116,5,6.6,5,4.0,5,13.4,5,0.2,5,7.9375,1831.6104225856543,2.0980000000000003,5,1.6039999999999999,5,6.0,5,3.2,5,7.4,5,0.2,1.3621255513327963,1.3621255513327963,1.0923095834104313,1.1639908334470683,1.3172769084587883,1.1639908334470683,1
24-25-prem-ipswich-town-vs-crystal-palace,2024-2025,,,14.0,2024-12-03 19:30:00+00:00,True,40.0,31.0,0.0,1.0,ipswich,crystal-palace,fpl-core-insights,prem,1,0,0,0,5,3.1875,1466.6444330601428,1.22,5,1.936,5,3.8,5,2.6,5,8.4,5,0.0,5,3.1875,1540.3009778185942,1.566,5,1.4499999999999997,5,5.6,5,3.6,5,14.0,5,0.2,-0.06641192458094738,-0.06641192458094738,-0.3436606086307928,0.27901255473762654,0.39791706097858404,0.27901255473762654,1
24-25-prem-leicester-city-vs-west-ham-united,2024-2025,,,14.0,2024-12-03 20:15:00+00:00,True,13.0,21.0,3.0,1.0,leicester,west-ham,fpl-core-insights,prem,1,0,0,0,5,3.21875,1486.1940496989405,1.0219999999999998,5,1.7280000000000002,5,3.2,5,1.6,5,10.6,5,0.0,5,3.1145833333333335,1560.9367878959972,1.262,5,2.1719999999999997,5,4.4,5,1.6,5,11.6,5,0.4,0.23356442349301954,0.23356442349301954,0.05476658838779093,0.08363565399880718,0.4418949934949354,0.08363565399880718,1
24-25-prem-everton-vs-wolverhampton-wanderers,2024-2025,,,14.0,2024-12-04 19:30:00+00:00,True,11.0,39.0,4.0,0.0,everton,wolves,fpl-core-insights,prem,1,0,0,0,5,3.25,1520.419060808543,1.048,5,1.0,5,4.2,5,1.2,5,8.6,5,0.4,5,4.1875,1499.7882311444407,1.1860000000000002,5,1.7600000000000002,5,5.0,5,2.0,5,11.8,5,0.2,0.2826114288440165,0.2826114288440165,-0.13117419208182282,-0.015032949584744507,0.08461740697384297,-0.015032949584744507,1
24-25-prem-manchester-city-vs-nottingham-forest,2024-2025,,,14.0,2024-12-04 19:30:00+00:00,True,43.0,17.0,3.0,0.0,manchester-city,nottingham-forest,fpl-core-insights,prem,1,0,0,0,5,3.1458333333333335,1823.107267981636,1.9420000000000002,5,2.1239999999999997,5,5.0,5,3.4,5,8.2,5,0.2,5,4.1875,1528.3450212280047,1.308,5,0.874,5,3.8,5,2.2,5,12.8,5,0.4,1.2867926002492185,1.2867926002492185,1.1204418217191114,-0.09885566636742554,0.23813465351926627,-0.09885566636742554,1
24-25-prem-newcastle-united-vs-liverpool,2024-2025,,,14.0,2024-12-04 19:30:00+00:00,True,4.0,14.0,3.0,3.0,newcastle-united,liverpool,fpl-core-insights,prem,1,0,0,0,5,4.1875,1638.7618140934237,1.142,5,1.172,5,3.0,5,1.6,5,10.6,5,0.2,5,3.1458333333333335,1812.5130234875114,2.24,5,1.0859999999999999,5,7.0,5,4.4,5,12.4,5,0.4,1.0175750815286002,1.0175750815286002,0.4711636037281974,1.122793891620001,1.4056745630607532,1.122793891620001,1
24-25-prem-southampton-vs-chelsea,2024-2025,,,14.0,2024-12-04 19:30:00+00:00,True,20.0,8.0,1.0,5.0,southampton,chelsea,fpl-core-insights,prem,1,0,0,0,5,4.979166666666667,1398.0187319488216,0.7799999999999999,5,2.12,5,2.2,5,1.4,5,8.2,5,0.2,5,3.25,1685.3207136585208,1.7399999999999998,5,1.536,5,5.6,5,1.8,5,11.2,5,0.2,-0.20438983701518523,-0.20438983701518523,-0.46153546361841763,0.8514430709837865,0.9814012782471991,0.8514430709837865,1
24-25-prem-arsenal-vs-manchester-united,2024-2025,,,14.0,2024-12-04 20:15:00+00:00,True,3.0,1.0,2.0,0.0,arsenal,manchester-united,fpl-core-insights,prem,1,0,0,0,5,4.114583333333333,1795.794399349889,1.6620000000000001,5,0.9480000000000001,5,4.2,5,2.6,5,9.2,5,0.2,5,3.28125,1640.7450574599104,1.3900000000000001,5,1.3820000000000001,5,4.2,5,3.0,5,13.4,5,0.4,1.4651445782279593,1.4651445782279593,1.2320722472465504,0.5423568420339941,0.8444643011374078,0.5423568420339941,1
24-25-prem-aston-villa-vs-brentford,2024-2025,,,14.0,2024-12-04 20:15:00+00:00,True,7.0,94.0,3.0,1.0,aston-villa,brentford,fpl-core-insights,prem,1,0,0,0,5,3.28125,1642.0335040043703,1.8780000000000001,5,1.5439999999999998,5,4.0,5,3.6,5,7.2,5,0.0,5,4.21875,1556.6526639013885,1.934,5,1.504,5,5.0,5,3.2,5,8.6,5,0.2,0.7075920810688845,0.7075920810688845,0.4524061764724402,0.3977622144862968,0.563774825046371,0.3977622144862968,1
24-25-prem-fulham-vs-brighton-&-hove-albion,2024-2025,,,14.0,2024-12-05 19:30:00+00:00,True,54.0,36.0,3.0,1.0,fulham,brighton,fpl-core-insights,prem,1,0,0,0,5,4.25,1561.6635715488849,1.4100000000000001,5,1.0,5,6.2,5,1.8,5,10.8,5,0.2,5,5.979166666666667,1617.5032550112046,1.4460000000000002,5,1.574,5,4.8,5,3.2,5,10.0,5,0.0,0.48630528376607246,0.48630528376607246,0.2349338159997754,0.5883185936756136,0.5672928455507613,0.5883185936756136,1
24-25-prem-afc-bournemouth-vs-tottenham-hotspur,2024-2025,,,14.0,2024-12-05 20:15:00+00:00,True,91.0,6.0,1.0,0.0,bournemouth,tottenham,fpl-core-insights,prem,1,0,0,0,5,5.21875,1555.4408992133215,1.9759999999999998,5,1.2499999999999998,5,5.0,5,3.4,5,11.8,5,0.0,5,4.28125,1639.5620624879684,1.6039999999999999,5,1.596,5,4.8,5,3.0,5,9.4,5,0.2,0.2977005025140514,0.2977005025140514,0.03213562867048806,0.71361623466201,1.0091129728515813,0.71361623466201,1
24-25-prem-aston-villa-vs-southampton,2024-2025,,,15.0,2024-12-07 15:00:00+00:00,True,7.0,20.0,1.0,0.0,aston-villa,southampton,fpl-core-insights,prem,1,0,0,0,5,2.78125,1647.6031249477526,2.002,5,1.682,5,4.4,5,3.8,5,8.6,5,0.0,5,2.8125,1393.365440197678,1.05,5,2.616,5,2.6,5,2.0,5,8.4,5,0.2,0.751786055714033,0.751786055714033,0.4833419587240441,-0.5050431495055028,-0.2665436739967355,-0.5050431495055028,1
24-25-prem-brentford-vs-newcastle-united,2024-2025,,,15.0,2024-12-07 15:00:00+00:00,True,94.0,4.0,4.0,2.0,brentford,newcastle-united,fpl-core-insights,prem,1,0,0,0,5,2.78125,1551.0830429580062,1.314,5,1.73,5,3.4,5,2.0,5,8.8,5,0.2,5,2.8125,1641.3965519136773,1.198,5,1.248,5,3.6,5,1.8,5,11.0,5,0.2,0.5328390427947671,0.5328390427947671,0.3535682398411483,0.47654600754646254,1.0252642298404075,0.47654600754646254,1
24-25-prem-crystal-palace-vs-manchester-city,2024-2025,,,15.0,2024-12-07 15:00:00+00:00,True,31.0,43.0,2.0,2.0,crystal-palace,manchester-city,fpl-core-insights,prem,1,0,0,0,5,3.8125,1550.4835368520332,1.738,5,1.4000000000000001,5,5.0,5,4.0,5,12.0,5,0.2,5,2.8125,1825.180279531524,1.834,5,2.29,5,4.8,5,3.4,5,9.0,5,0.2,0.41502167790720107,0.41502167790720107,0.30344772177850804,1.1461316502747743,1.3234923553287368,1.1461316502747743,1
24-25-prem-manchester-united-vs-nottingham-forest,2024-2025,,,15.0,2024-12-07 17:30:00+00:00,True,1.0,17.0,2.0,3.0,manchester-united,nottingham-forest,fpl-core-insights,prem,1,0,0,0,5,2.8854166666666665,1636.6376228945892,0.966,5,1.214,5,3.6,5,2.0,5,13.2,5,0.4,5,2.9166666666666665,1526.2720096781165,1.17,5,1.204,5,3.4,5,1.6,5,13.8,5,0.4,0.8328800943618117,0.8328800943618117,0.525807975211714,-0.13555542144694377,0.2124448249636035,-0.13555542144694377,1
24-25-prem-fulham-vs-arsenal,2024-2025,,,15.0,2024-12-08 14:00:00+00:00,True,54.0,3.0,1.0,1.0,fulham,arsenal,fpl-core-insights,prem,1,0,0,0,5,2.7708333333333335,1570.9693004680908,1.288,5,1.136,5,6.0,5,1.8,5,10.0,5,0.2,5,3.7395833333333335,1799.9018339152103,1.9100000000000001,5,0.8300000000000001,5,4.8,5,3.2,5,9.2,5,0.4,0.5381665887758489,0.5381665887758489,0.2712367295066189,1.2436564540221466,1.4816934450502395,1.2436564540221466,1
24-25-prem-ipswich-town-vs-afc-bournemouth,2024-2025,,,15.0,2024-12-08 14:00:00+00:00,True,40.0,91.0,1.0,2.0,ipswich,bournemouth,fpl-core-insights,prem,1,0,0,0,5,4.770833333333333,1456.4618740267038,1.058,5,1.444,5,3.2,5,2.0,5,8.8,5,0.0,5,2.7395833333333335,1565.5595102645793,2.656,5,1.062,5,6.0,5,4.8,5,12.6,5,0.2,-0.09084709162182887,-0.09084709162182887,-0.3607652255594098,0.061032456573157215,0.33898168523215017,0.061032456573157215,1
24-25-prem-leicester-city-vs-brighton-&-hove-albion,2024-2025,,,15.0,2024-12-08 14:00:00+00:00,True,13.0,36.0,2.0,2.0,leicester,brighton,fpl-core-insights,prem,1,0,0,0,5,4.739583333333333,1496.0427450884067,1.204,5,2.002,5,4.2,5,2.8,5,13.4,5,0.0,5,2.7708333333333335,1608.1975260919987,1.478,5,1.432,5,4.2,5,3.4,5,9.0,5,0.0,0.28164134556867354,0.28164134556867354,0.08842043384074873,0.5364572886658371,0.5309899320439178,0.5364572886658371,1
24-25-prem-tottenham-hotspur-vs-chelsea,2024-2025,,,15.0,2024-12-08 16:30:00+00:00,True,6.0,8.0,3.0,4.0,tottenham,chelsea,fpl-core-insights,prem,1,0,0,0,5,2.84375,1629.4434514367106,1.6300000000000001,5,2.182,5,5.0,5,2.8,5,9.8,5,0.2,5,3.875,1689.9740054096644,2.504,5,1.4860000000000002,5,6.8,5,4.0,5,11.6,5,0.2,0.9802161449489122,0.9802161449489122,0.6723350519439112,0.9135969079653368,1.0249089641342843,0.9135969079653368,1
24-25-prem-west-ham-united-vs-wolverhampton-wanderers,2024-2025,,,15.0,2024-12-09 20:00:00+00:00,True,21.0,39.0,2.0,1.0,west-ham,wolves,fpl-core-insights,prem,1,0,0,0,5,5.989583333333333,1551.088092506531,1.282,5,2.038,5,5.8,5,1.8,5,12.2,5,0.4,5,5.020833333333333,1492.6062545431312,1.07,5,1.702,5,4.0,5,2.2,5,13.4,5,0.2,0.4082411480419776,0.4082411480419776,0.035558731923153175,-0.0860488972581651,0.03490624360244856,-0.0860488972581651,1
24-25-prem-arsenal-vs-everton,2024-2025,,,16.0,2024-12-14 15:00:00+00:00,True,3.0,11.0,0.0,0.0,arsenal,everton,fpl-core-insights,prem,1,0,0,0,5,6.041666666666667,1795.8598063312265,2.106,5,0.7580000000000001,5,5.4,5,3.8,5,8.4,5,0.4,5,9.8125,1527.6010374098526,1.094,5,0.9040000000000001,5,4.0,5,1.4,5,8.4,5,0.6,1.4582231280906448,1.4582231280906448,1.2101274297941542,-0.0814630287104284,0.35362737651743714,-0.0814630287104284,1
24-25-prem-liverpool-vs-fulham,2024-2025,,,16.0,2024-12-14 15:00:00+00:00,True,14.0,54.0,2.0,2.0,liverpool,fulham,fpl-core-insights,prem,1,0,0,0,5,9.8125,1809.8782856672578,2.476,5,1.3199999999999998,5,7.2,5,4.8,5,13.2,5,0.4,5,6.041666666666667,1575.0113280520745,1.0500000000000003,5,1.424,5,4.0,5,1.6,5,11.6,5,0.2,1.4002921592424882,1.4002921592424882,1.1151047433081938,0.2947070464662137,0.5716956130038414,0.2947070464662137,1
24-25-prem-newcastle-united-vs-leicester-city,2024-2025,,,16.0,2024-12-14 15:00:00+00:00,True,4.0,13.0,4.0,0.0,newcastle-united,leicester,fpl-core-insights,prem,1,0,0,0,5,7.0,1631.0997924249443,1.39,5,1.284,5,3.4,5,2.2,5,9.0,5,0.0,5,6.041666666666667,1496.965600739535,1.1560000000000001,5,2.1100000000000003,5,3.6,5,2.6,5,12.6,5,0.0,0.990880379445942,0.990880379445942,0.4274262212686546,0.09600324104081043,0.2924739272830474,0.09600324104081043,1
24-25-prem-wolverhampton-wanderers-vs-ipswich-town,2024-2025,,,16.0,2024-12-14 15:00:00+00:00,True,39.0,40.0,1.0,2.0,wolves,ipswich,fpl-core-insights,prem,1,0,0,0,5,4.791666666666667,1486.3936112682463,1.058,5,1.394,5,3.8,5,1.8,5,13.2,5,0.2,5,6.041666666666667,1447.2974187243085,1.122,5,1.7899999999999998,5,3.8,5,1.8,5,9.8,5,0.0,0.020635083270948144,0.020635083270948144,-0.10643626916030854,-0.3809128583615971,-0.11962942419638212,-0.3809128583615971,1
24-25-prem-nottingham-forest-vs-aston-villa,2024-2025,,,16.0,2024-12-14 17:30:00+00:00,True,17.0,7.0,2.0,1.0,nottingham-forest,aston-villa,fpl-core-insights,prem,1,0,0,0,5,7.0,1541.2615784459263,0.9019999999999999,5,1.498,5,2.8,5,1.0,5,13.0,5,0.2,5,7.104166666666667,1650.1513889674695,2.088,5,1.2600000000000002,5,5.2,5,4.0,5,9.4,5,0.2,0.24756346255372125,0.24756346255372125,-0.08538593917534698,0.4761117291512295,0.7414571563242979,0.4761117291512295,1
24-25-prem-brighton-&-hove-albion-vs-crystal-palace,2024-2025,,,16.0,2024-12-15 14:00:00+00:00,True,36.0,31.0,1.0,3.0,brighton,crystal-palace,fpl-core-insights,prem,1,0,0,0,5,7.0,1607.2746704408705,1.584,5,1.364,5,4.6,5,3.2,5,9.2,5,0.0,5,7.958333333333333,1555.5661469291108,1.504,5,1.384,5,4.2,5,3.4,5,12.4,5,0.2,0.5234071248438561,0.5234071248438561,0.5256247069514632,0.32612766223737566,0.4474215928484405,0.32612766223737566,1
24-25-prem-manchester-city-vs-manchester-united,2024-2025,,,16.0,2024-12-15 16:30:00+00:00,True,43.0,1.0,1.0,2.0,manchester-city,manchester-united,fpl-core-insights,prem,1,0,0,0,5,8.0625,1820.0976694544465,1.812,5,2.15,5,4.8,5,3.4,5,9.0,5,0.2,5,7.958333333333333,1621.6480541267795,0.89,5,1.1580000000000001,5,4.2,5,1.6,5,12.6,5,0.4,1.3008124148698692,1.3008124148698692,1.1137317353335348,0.4906893376215962,0.7827106120902149,0.4906893376215962,1
24-25-prem-chelsea-vs-brentford,2024-2025,,,16.0,2024-12-15 19:00:00+00:00,True,8.0,94.0,2.0,1.0,chelsea,brentford,fpl-core-insights,prem,1,0,0,0,5,7.104166666666667,1700.5337952822288,2.848,5,1.67,5,7.8,5,4.4,5,12.0,5,0.2,5,8.166666666666666,1561.3798024467392,1.4420000000000002,5,1.7559999999999998,5,4.6,5,2.4,5,9.4,5,0.2,1.0486797209693655,1.0486797209693655,0.9475551320154527,0.3879520902356139,0.581958829072575,0.3879520902356139,1
24-25-prem-southampton-vs-tottenham-hotspur,2024-2025,,,16.0,2024-12-15 19:00:00+00:00,True,20.0,6.0,0.0,5.0,southampton,tottenham,fpl-core-insights,prem,1,0,0,0,5,8.166666666666666,1390.817176177961,0.968,5,2.7619999999999996,5,2.2,5,1.8,5,7.8,5,0.0,5,7.104166666666667,1618.8836615641462,1.722,5,2.3760000000000003,5,4.8,5,3.4,5,11.2,5,0.2,-0.2593134444239209,-0.2593134444239209,-0.4947142501157676,0.6485642951088301,0.9462579208987962,0.6485642951088301,1
24-25-prem-afc-bournemouth-vs-west-ham-united,2024-2025,,,16.0,2024-12-16 20:00:00+00:00,True,91.0,21.0,1.0,1.0,bournemouth,west-ham,fpl-core-insights,prem,1,0,0,0,5,8.25,1574.7239655669746,2.904,5,1.014,5,6.0,5,4.6,5,13.2,5,0.2,5,7.0,1557.3007357814158,1.45,5,1.8980000000000001,5,6.2,5,2.0,5,11.4,5,0.4,0.35912931803433745,0.35912931803433745,0.08981478914771046,0.04982989225465359,0.42862851994412104,0.04982989225465359,1
24-25-prem-aston-villa-vs-manchester-city,2024-2025,,,17.0,2024-12-21 12:30:00+00:00,True,7.0,43.0,2.0,1.0,aston-villa,manchester-city,fpl-core-insights,prem,1,0,0,0,5,6.791666666666667,1639.3217845106306,1.8959999999999997,5,1.2120000000000002,5,5.2,5,3.0,5,8.8,5,0.2,5,5.833333333333333,1803.4492455683057,1.5580000000000003,5,2.108,5,4.2,5,2.4,5,10.0,5,0.2,0.7158300153508468,0.7158300153508468,0.43950152776058504,1.076043385172608,1.2469719146399736,1.076043385172608,1
24-25-prem-brentford-vs-nottingham-forest,2024-2025,,,17.0,2024-12-21 15:00:00+00:00,True,94.0,17.0,0.0,2.0,brentford,nottingham-forest,fpl-core-insights,prem,1,0,0,0,5,5.833333333333333,1556.965664937462,1.4680000000000002,5,1.6800000000000002,5,4.2,5,2.8,5,10.6,5,0.2,5,6.895833333333333,1552.0911829027652,1.1320000000000001,5,1.2419999999999998,5,3.4,5,1.2,5,12.0,5,0.2,0.5786163614062461,0.5786163614062461,0.3831771364265725,-0.05975879820189588,0.2841736639443657,-0.05975879820189588,1
24-25-prem-ipswich-town-vs-newcastle-united,2024-2025,,,17.0,2024-12-21 15:00:00+00:00,True,40.0,4.0,0.0,4.0,ipswich,newcastle-united,fpl-core-insights,prem,1,0,0,0,5,7.0,1460.59704572755,1.038,5,1.734,5,4.2,5,1.4,5,8.8,5,0.0,5,7.0,1635.6141322272438,1.8079999999999998,5,1.1960000000000002,5,4.4,5,2.8,5,8.4,5,0.2,-0.09228062207873977,-0.09228062207873977,-0.3418431410506795,0.47117137105954077,1.0533734505757792,0.47117137105954077,1
24-25-prem-west-ham-united-vs-brighton-&-hove-albion,2024-2025,,,17.0,2024-12-21 15:00:00+00:00,True,21.0,36.0,1.0,1.0,west-ham,brighton,fpl-core-insights,prem,1,0,0,0,5,4.791666666666667,1560.0335493059401,1.6960000000000002,5,2.0780000000000003,5,5.6,5,1.8,5,11.4,5,0.2,5,6.041666666666667,1593.6555220315288,1.326,5,1.3820000000000001,5,4.8,5,1.8,5,11.2,5,0.0,0.4364682631495885,0.4364682631495885,0.06102952540532133,0.4883967748280586,0.47022436466756373,0.4883967748280586,1
24-25-prem-crystal-palace-vs-arsenal,2024-2025,,,17.0,2024-12-21 17:30:00+00:00,True,31.0,3.0,1.0,5.0,crystal-palace,arsenal,fpl-core-insights,prem,1,0,0,0,5,6.145833333333333,1569.1852953384525,1.6620000000000001,5,1.218,5,4.2,5,3.6,5,13.4,5,0.2,5,7.104166666666667,1788.2339322094679,2.04,5,0.4680000000000001,5,5.8,5,3.2,5,9.2,5,0.6,0.48464952497184516,0.48464952497184516,0.379310422413668,1.1737354373188313,1.406234567411612,1.1737354373188313,1
24-25-prem-everton-vs-chelsea,2024-2025,,,17.0,2024-12-22 14:00:00+00:00,True,11.0,8.0,0.0,0.0,everton,chelsea,fpl-core-insights,prem,1,0,0,0,5,7.958333333333333,1535.2269115316112,0.8,5,1.0,5,3.0,5,0.8,5,10.8,5,0.8,5,6.791666666666667,1704.947932791506,2.9859999999999998,5,1.682,5,8.8,5,5.0,5,10.4,5,0.2,0.39001936899276013,0.39001936899276013,-0.029474468031395584,0.9508975996817817,1.0534546747784068,0.9508975996817817,1
24-25-prem-fulham-vs-southampton,2024-2025,,,17.0,2024-12-22 14:00:00+00:00,True,54.0,20.0,0.0,0.0,fulham,southampton,fpl-core-insights,prem,1,0,0,0,5,7.958333333333333,1582.2046510948187,0.9280000000000002,5,1.5459999999999998,5,3.2,5,1.2,5,11.2,5,0.0,5,6.791666666666667,1384.838328453587,1.004,5,2.998,5,2.8,5,2.2,5,8.4,5,0.0,0.6031096379724663,0.6031096379724663,0.33958422499282065,-0.5469370884249729,-0.33391749915135704,-0.5469370884249729,1
24-25-prem-leicester-city-vs-wolverhampton-wanderers,2024-2025,,,17.0,2024-12-22 14:00:00+00:00,True,13.0,39.0,0.0,3.0,leicester,wolves,fpl-core-insights,prem,1,0,0,0,5,7.958333333333333,1492.4512609372355,1.068,5,2.7159999999999997,5,2.8,5,2.4,5,11.0,5,0.0,5,7.958333333333333,1473.0939842650048,1.06,5,1.502,5,4.2,5,1.8,5,14.0,5,0.0,0.24872877749216124,0.24872877749216124,0.033510169910973074,-0.1337850712779509,-0.018434634039969505,-0.1337850712779509,1
24-25-prem-manchester-united-vs-afc-bournemouth,2024-2025,,,17.0,2024-12-22 14:00:00+00:00,True,1.0,91.0,0.0,3.0,manchester-united,bournemouth,fpl-core-insights,prem,1,0,0,0,5,6.895833333333333,1638.2964780129203,1.1540000000000001,5,1.222,5,4.2,5,2.0,5,10.0,5,0.2,5,5.75,1571.9911520424503,2.784,5,1.1300000000000001,5,7.2,5,4.4,5,12.4,5,0.2,0.8203989622511417,0.8203989622511417,0.5445298378514918,0.08197504594224304,0.3479296848836697,0.08197504594224304,1
24-25-prem-tottenham-hotspur-vs-liverpool,2024-2025,,,17.0,2024-12-22 16:30:00+00:00,True,6.0,14.0,3.0,6.0,tottenham,liverpool,fpl-core-insights,prem,1,0,0,0,5,6.895833333333333,1624.8625092885202,1.9,5,2.2199999999999998,5,5.6,5,4.2,5,11.6,5,0.4,5,8.0625,1802.6849626245137,2.572,5,1.3619999999999999,5,6.4,5,4.6,5,11.2,5,0.4,0.9984807592080015,0.9984807592080015,0.7231683498362662,1.083690718339569,1.3554149807158813,1.083690718339569,1
24-25-prem-manchester-city-vs-everton,2024-2025,,,18.0,2024-12-26 12:30:00+00:00,True,43.0,11.0,1.0,1.0,manchester-city,everton,fpl-core-insights,prem,1,0,0,0,5,5.0,1791.0741011593757,1.336,5,1.94,5,4.4,5,2.0,5,9.2,5,0.2,5,3.9375,1537.7533775728712,0.784,5,1.068,5,3.0,5,1.2,5,11.4,5,0.8,1.2170702693000837,1.2170702693000837,1.033326748972765,-0.01205626984389518,0.41490250926061784,-0.01205626984389518,1
24-25-prem-afc-bournemouth-vs-crystal-palace,2024-2025,,,18.0,2024-12-26 15:00:00+00:00,True,91.0,31.0,0.0,0.0,bournemouth,crystal-palace,fpl-core-insights,prem,1,0,0,0,5,4.041666666666667,1585.9697240901785,2.784,5,1.3980000000000001,5,7.2,5,4.0,5,13.6,5,0.4,5,4.895833333333333,1562.9866171458934,1.7280000000000002,5,1.17,5,4.2,5,3.4,5,12.4,5,0.2,0.3980810766100134,0.3980810766100134,0.1536198912655912,0.33514811252534965,0.4215605108456761,0.33514811252534965,1
24-25-prem-chelsea-vs-fulham,2024-2025,,,18.0,2024-12-26 15:00:00+00:00,True,8.0,54.0,1.0,2.0,chelsea,fulham,fpl-core-insights,prem,1,0,0,0,5,4.041666666666667,1702.421466750246,2.67,5,1.666,5,8.4,5,4.8,5,11.0,5,0.4,5,4.041666666666667,1575.5736610673935,0.898,5,1.3339999999999999,5,3.6,5,1.4,5,9.4,5,0.2,1.0360364765909065,1.0360364765909065,0.9260144594139239,0.3157445936657008,0.5690530217908665,0.3157445936657008,1
24-25-prem-newcastle-united-vs-aston-villa,2024-2025,,,18.0,2024-12-26 15:00:00+00:00,True,4.0,7.0,3.0,0.0,newcastle-united,aston-villa,fpl-core-insights,prem,1,0,0,0,5,5.0,1642.9455214535044,1.9460000000000002,5,1.1760000000000002,5,5.4,5,3.6,5,7.8,5,0.4,5,5.104166666666667,1651.6969289195606,1.6079999999999999,5,1.166,5,5.4,5,3.0,5,10.2,5,0.2,1.1013201331851208,1.1013201331851208,0.5396666319300287,0.469403173100475,0.7585466515506896,0.469403173100475,1
24-25-prem-nottingham-forest-vs-tottenham-hotspur,2024-2025,,,18.0,2024-12-26 15:00:00+00:00,True,17.0,6.0,1.0,0.0,nottingham-forest,tottenham,fpl-core-insights,prem,1,0,0,0,5,5.0,1564.4866049793065,1.246,5,1.148,5,4.6,5,1.6,5,11.8,5,0.4,5,3.9375,1617.6059519007913,1.652,5,2.918,5,5.2,5,3.4,5,12.0,5,0.2,0.32511530298722435,0.32511530298722435,-0.001270742426383538,0.6800992204229308,0.9369534314746653,0.6800992204229308,1
24-25-prem-southampton-vs-west-ham-united,2024-2025,,,18.0,2024-12-26 15:00:00+00:00,True,20.0,21.0,0.0,1.0,southampton,west-ham,fpl-core-insights,prem,1,0,0,0,5,4.041666666666667,1391.4693184810124,0.8,5,2.5439999999999996,5,2.0,5,1.6,5,9.0,5,0.2,5,5.0,1558.7065548019496,1.796,5,1.938,5,5.2,5,2.2,5,10.4,5,0.0,-0.3100778678242372,-0.3100778678242372,-0.5128804722433731,0.06279428045737045,0.4389893417953729,0.06279428045737045,1
24-25-prem-wolverhampton-wanderers-vs-manchester-united,2024-2025,,,18.0,2024-12-26 17:30:00+00:00,True,39.0,1.0,2.0,0.0,wolves,manchester-united,fpl-core-insights,prem,1,0,0,0,5,4.145833333333333,1485.8782280510197,1.018,5,1.456,5,4.0,5,1.8,5,14.4,5,0.2,5,4.145833333333333,1624.317905965192,1.45,5,1.23,5,4.8,5,2.4,5,10.8,5,0.2,0.028262240878174576,0.028262240878174576,-0.06707524996631649,0.4943784461251481,0.7487541169277936,0.4943784461251481,1
24-25-prem-liverpool-vs-leicester-city,2024-2025,,,18.0,2024-12-26 20:00:00+00:00,True,14.0,13.0,3.0,1.0,liverpool,leicester,fpl-core-insights,prem,1,0,0,0,5,4.145833333333333,1809.9415200122426,3.2939999999999996,5,1.3399999999999999,5,7.8,5,6.0,5,12.8,5,0.2,5,4.25,1479.6670171512205,1.006,5,2.388,5,3.6,5,2.4,5,10.8,5,0.0,1.3984841101292167,1.3984841101292167,1.1452180460729051,-0.013186705007171007,0.18201895618052683,-0.013186705007171007,1
24-25-prem-brighton-&-hove-albion-vs-brentford,2024-2025,,,18.0,2024-12-27 19:30:00+00:00,True,36.0,94.0,0.0,0.0,brighton,brentford,fpl-core-insights,prem,1,0,0,0,5,6.1875,1594.9825165355194,1.3259999999999998,5,1.318,5,5.2,5,2.2,5,10.6,5,0.0,5,6.1875,1544.5702428609206,1.392,5,1.6200000000000003,5,4.4,5,2.6,5,10.6,5,0.0,0.46845960961551464,0.46845960961551464,0.48587569618227416,0.34223549738371384,0.5201283056307338,0.34223549738371384,1
24-25-prem-arsenal-vs-ipswich-town,2024-2025,,,18.0,2024-12-27 20:15:00+00:00,True,3.0,40.0,1.0,0.0,arsenal,ipswich,fpl-core-insights,prem,1,0,0,0,5,6.114583333333333,1794.432610402027,2.376,5,0.72,5,5.6,5,4.0,5,8.6,5,0.4,5,6.21875,1453.2656565012894,0.8620000000000001,5,2.04,5,3.4,5,1.0,5,8.4,5,0.0,1.4503968772999303,1.4503968772999303,1.2368244514450004,-0.389789823660021,-0.16077588294922768,-0.389789823660021,1
24-25-prem-leicester-city-vs-manchester-city,2024-2025,,,19.0,2024-12-29 14:30:00+00:00,True,13.0,43.0,0.0,2.0,leicester,manchester-city,fpl-core-insights,prem,1,0,0,0,5,2.7708333333333335,1477.9442586811492,0.8619999999999999,5,2.29,5,3.2,5,2.2,5,10.0,5,0.0,5,3.0833333333333335,1783.6341253504525,1.586,5,1.3519999999999999,5,5.0,5,2.6,5,8.0,5,0.2,0.18002110097717317,0.18002110097717317,-0.016040783869104795,1.0033921394602074,1.1743065414250013,1.0033921394602074,1
24-25-prem-crystal-palace-vs-southampton,2024-2025,,,19.0,2024-12-29 15:00:00+00:00,True,31.0,20.0,2.0,1.0,crystal-palace,southampton,fpl-core-insights,prem,1,0,0,0,5,3.0,1565.8668483429644,1.466,5,1.456,5,4.2,5,2.4,5,12.0,5,0.4,5,3.0,1383.9287386622707,0.8780000000000001,5,2.5700000000000003,5,2.6,5,2.2,5,8.8,5,0.2,0.4235408961616705,0.4235408961616705,0.3379772344053417,-0.5294772071658347,-0.3337874891420395,-0.5294772071658347,1
24-25-prem-everton-vs-nottingham-forest,2024-2025,,,19.0,2024-12-29 15:00:00+00:00,True,11.0,17.0,0.0,2.0,everton,nottingham-forest,fpl-core-insights,prem,1,0,0,0,5,3.1041666666666665,1545.1933533817944,0.67,5,1.266,5,2.6,5,1.2,5,13.2,5,0.6,5,3.0,1573.7144576476464,1.1340000000000001,5,1.21,5,4.2,5,1.6,5,12.0,5,0.4,0.44483711877317544,0.44483711877317544,0.03070745803118712,0.026700823491982304,0.36507468287060413,0.026700823491982304,1
24-25-prem-fulham-vs-afc-bournemouth,2024-2025,,,19.0,2024-12-29 15:00:00+00:00,True,54.0,91.0,2.0,2.0,fulham,bournemouth,fpl-core-insights,prem,1,0,0,0,5,3.0,1590.911027553573,0.9380000000000001,5,1.402,5,3.8,5,1.4,5,8.4,5,0.2,5,3.0,1583.0894928931075,2.42,5,1.396,5,6.4,5,3.2,5,14.0,5,0.6,0.6034833345203062,0.6034833345203062,0.3649307547077576,0.15163950594959674,0.39525195473002134,0.15163950594959674,1
24-25-prem-tottenham-hotspur-vs-wolverhampton-wanderers,2024-2025,,,19.0,2024-12-29 15:00:00+00:00,True,6.0,39.0,2.0,2.0,tottenham,wolves,fpl-core-insights,prem,1,0,0,0,5,3.0,1608.3780992324514,1.6760000000000002,5,2.8259999999999996,5,5.4,5,3.2,5,11.0,5,0.2,5,2.8958333333333335,1497.5445718962687,1.098,5,0.8860000000000001,5,4.2,5,1.6,5,14.6,5,0.4,0.9089818655562995,0.9089818655562995,0.6401398405395511,-0.027642373515187342,0.08459492152264478,-0.027642373515187342,1
24-25-prem-west-ham-united-vs-liverpool,2024-2025,,,19.0,2024-12-29 17:15:00+00:00,True,21.0,14.0,0.0,5.0,west-ham,liverpool,fpl-core-insights,prem,1,0,0,0,5,3.09375,1566.2471346206912,1.8500000000000003,5,1.498,5,4.6,5,2.2,5,9.8,5,0.2,5,2.8854166666666665,1811.6642784823139,3.0460000000000003,5,1.152,5,7.0,5,4.8,5,12.0,5,0.2,0.4555860767178345,0.4555860767178345,0.08650390177517275,1.1472159012762588,1.4013381889911505,1.1472159012762588,1
24-25-prem-aston-villa-vs-brighton-&-hove-albion,2024-2025,,,19.0,2024-12-30 19:45:00+00:00,True,7.0,36.0,2.0,2.0,aston-villa,brighton,fpl-core-insights,prem,1,0,0,0,5,4.197916666666667,1643.719357239882,1.4300000000000002,5,1.3800000000000001,5,4.8,5,2.6,5,10.2,5,0.2,5,3.0104166666666665,1591.3958340530598,1.252,5,1.33,5,5.6,5,1.8,5,11.6,5,0.2,0.7223794266703697,0.7223794266703697,0.4177357089857324,0.4819098466107772,0.4627941102276618,0.4819098466107772,1
24-25-prem-ipswich-town-vs-chelsea,2024-2025,,,19.0,2024-12-30 19:45:00+00:00,True,40.0,8.0,2.0,0.0,ipswich,chelsea,fpl-core-insights,prem,1,0,0,0,5,2.9791666666666665,1451.639086169878,0.7739999999999999,5,2.0759999999999996,5,2.8,5,1.0,5,8.4,5,0.0,5,4.197916666666667,1687.0841002640666,2.556,5,1.7760000000000002,5,8.4,5,5.0,5,10.4,5,0.2,-0.13292503089020036,-0.13292503089020036,-0.3500028921471248,0.8915841466844842,0.9868503155488496,0.8915841466844842,1
24-25-prem-manchester-united-vs-newcastle-united,2024-2025,,,19.0,2024-12-30 20:00:00+00:00,True,1.0,4.0,0.0,2.0,manchester-united,newcastle-united,fpl-core-insights,prem,1,0,0,0,5,4.104166666666667,1612.651562119943,1.324,5,1.286,5,4.6,5,1.8,5,12.0,5,0.0,5,4.208333333333333,1650.923093133183,2.4899999999999998,5,0.8919999999999998,5,7.0,5,4.2,5,7.6,5,0.6,0.7093212404766644,0.7093212404766644,0.43804576548067786,0.5758338568103486,1.1529875972998633,0.5758338568103486,1
24-25-prem-brentford-vs-arsenal,2024-2025,,,19.0,2025-01-01 17:30:00+00:00,True,94.0,3.0,1.0,3.0,brentford,arsenal,fpl-core-insights,prem,1,0,0,0,5,4.916666666666667,1548.1569253433802,1.126,5,1.6700000000000004,5,3.8,5,2.0,5,11.4,5,0.2,5,4.885416666666667,1796.0591807334383,2.0279999999999996,5,0.442,5,5.2,5,3.6,5,10.0,5,0.6,0.5240941552022307,0.5240941552022307,0.34790099677156666,1.2089735993859732,1.410609945787034,1.2089735993859732,1
24-25-prem-tottenham-hotspur-vs-newcastle-united,2024-2025,,,20.0,2025-01-04 12:30:00+00:00,True,6.0,4.0,1.0,2.0,tottenham,newcastle-united,fpl-core-insights,prem,1,0,0,0,5,5.895833333333333,1603.3784224911,1.952,5,2.2280000000000006,5,5.2,5,4.0,5,10.4,5,0.2,5,4.6875,1662.1183931285218,2.456,5,0.6739999999999999,5,6.6,5,4.2,5,8.8,5,0.8,0.8766833755710659,0.8766833755710659,0.6175308975498875,0.6284141171941526,1.189793779568526,0.6284141171941526,1
24-25-prem-afc-bournemouth-vs-everton,2024-2025,,,20.0,2025-01-04 15:00:00+00:00,True,91.0,11.0,1.0,0.0,bournemouth,everton,fpl-core-insights,prem,1,0,0,0,5,6.0,1585.5647067395116,2.074,5,1.4440000000000002,5,6.6,5,2.4,5,12.8,5,0.4,5,6.0,1533.7224201313588,0.732,5,1.348,5,2.6,5,1.0,5,13.6,5,0.6,0.40745637564988185,0.40745637564988185,0.16907439297796892,-0.008226853422325212,0.3892166738395864,-0.008226853422325212,1
24-25-prem-aston-villa-vs-leicester-city,2024-2025,,,20.0,2025-01-04 15:00:00+00:00,True,7.0,13.0,2.0,1.0,aston-villa,leicester,fpl-core-insights,prem,1,0,0,0,5,4.802083333333333,1640.0848361147496,1.3,5,1.406,5,3.6,5,2.4,5,10.2,5,0.2,5,6.020833333333333,1473.6581817966153,0.7879999999999999,5,1.924,5,2.8,5,1.4,5,6.8,5,0.0,0.7106468669263053,0.7106468669263053,0.40952291716488737,-0.037976330783006315,0.14868460538588527,-0.037976330783006315,1
24-25-prem-crystal-palace-vs-chelsea,2024-2025,,,20.0,2025-01-04 15:00:00+00:00,True,31.0,8.0,1.0,1.0,crystal-palace,chelsea,fpl-core-insights,prem,1,0,0,0,5,6.0,1569.4920398598956,1.544,5,1.546,5,5.6,5,2.6,5,12.8,5,0.2,5,4.802083333333333,1672.8864503442394,1.8700000000000003,5,1.78,5,6.8,5,3.4,5,9.4,5,0.2,0.4284831978250054,0.4284831978250054,0.34143684556967613,0.8273551461442724,0.9418900151707014,0.8273551461442724,1
24-25-prem-manchester-city-vs-west-ham-united,2024-2025,,,20.0,2025-01-04 15:00:00+00:00,True,43.0,21.0,4.0,1.0,manchester-city,west-ham,fpl-core-insights,prem,1,0,0,0,5,6.020833333333333,1787.9202022349864,1.3579999999999999,5,1.404,5,4.6,5,2.2,5,7.0,5,0.2,5,5.90625,1560.6783534477138,1.302,5,1.794,5,2.6,5,1.4,5,10.8,5,0.2,1.1962420883389029,1.1962420883389029,1.0347286350514953,0.03508844728838865,0.3821354274510001,0.03508844728838865,1
24-25-prem-southampton-vs-brentford,2024-2025,,,20.0,2025-01-04 15:00:00+00:00,True,20.0,94.0,0.0,5.0,southampton,brentford,fpl-core-insights,prem,1,0,0,0,5,6.0,1380.3035471453395,0.754,5,1.89,5,2.4,5,1.6,5,8.4,5,0.2,5,2.8958333333333335,1542.6454439610495,0.99,5,1.566,5,4.0,5,1.8,5,11.4,5,0.2,-0.3372471003063739,-0.3372471003063739,-0.5344195088291696,0.32632343663851765,0.49326906929787495,0.32632343663851765,1
24-25-prem-brighton-&-hove-albion-vs-arsenal,2024-2025,,,20.0,2025-01-04 17:30:00+00:00,True,36.0,3.0,1.0,1.0,brighton,arsenal,fpl-core-insights,prem,1,0,0,0,5,4.90625,1595.0303551781922,1.184,5,1.556,5,5.8,5,1.6,5,12.8,5,0.2,5,3.0,1801.570662115769,1.9780000000000002,5,0.462,5,5.0,5,3.0,5,9.6,5,0.4,0.47100690204850687,0.47100690204850687,0.4936424063548415,1.2397986852903289,1.432187505920083,1.2397986852903289,1
24-25-prem-fulham-vs-ipswich-town,2024-2025,,,20.0,2025-01-05 14:00:00+00:00,True,54.0,40.0,2.0,2.0,fulham,ipswich,fpl-core-insights,prem,1,0,0,0,5,6.958333333333333,1588.4358137071688,1.03,5,1.504,5,4.6,5,1.4,5,9.8,5,0.2,5,5.760416666666667,1465.8367360897053,0.992,5,2.148,5,3.6,5,1.2,5,7.6,5,0.2,0.5860484474919341,0.5860484474919341,0.3527263337878971,-0.3050425917689766,-0.06869603034998857,-0.3050425917689766,1
24-25-prem-liverpool-vs-manchester-united,2024-2025,,,20.0,2025-01-05 16:30:00+00:00,True,14.0,1.0,2.0,2.0,liverpool,manchester-united,fpl-core-insights,prem,1,0,0,0,5,6.96875,1817.2330596552913,2.962,5,1.056,5,8.2,5,5.6,5,12.4,5,0.2,5,5.854166666666667,1601.4562621246043,1.4600000000000002,5,1.238,5,4.4,5,2.2,5,13.2,5,0.0,1.4527536434779347,1.4527536434779347,1.2206665505430934,0.4012395832120151,0.6567409800928604,0.4012395832120151,1
24-25-prem-wolverhampton-wanderers-vs-nottingham-forest,2024-2025,,,20.0,2025-01-06 20:00:00+00:00,True,39.0,17.0,0.0,3.0,wolves,nottingham-forest,fpl-core-insights,prem,1,0,0,0,5,8.208333333333334,1502.54424863762,1.086,5,1.1320000000000001,5,4.4,5,1.4,5,13.0,5,0.4,5,8.208333333333334,1585.185390898082,1.222,5,0.906,5,5.0,5,2.4,5,11.4,5,0.6,0.10720386451230828,0.10720386451230828,0.004656116470046226,0.08232126842557135,0.40400899432411647,0.08232126842557135,1
24-25-prem-brentford-vs-manchester-city,2024-2025,,,21.0,2025-01-14 19:30:00+00:00,True,94.0,43.0,2.0,2.0,brentford,manchester-city,fpl-core-insights,prem,1,0,0,0,5,10.1875,1550.3188518397662,1.636,5,1.3279999999999998,5,4.6,5,3.4,5,10.6,5,0.4,5,10.1875,1790.8344672561602,1.45,5,1.41,5,5.2,5,2.2,5,7.2,5,0.2,0.5472176951373375,0.5472176951373375,0.40339290212346424,1.0642650673035097,1.2384369915560665,1.0642650673035097,1
24-25-prem-chelsea-vs-afc-bournemouth,2024-2025,,,21.0,2025-01-14 19:30:00+00:00,True,8.0,91.0,2.0,2.0,chelsea,bournemouth,fpl-core-insights,prem,1,0,0,0,5,10.1875,1672.2141208768646,1.552,5,1.416,5,5.4,5,3.2,5,7.8,5,0.2,5,10.1875,1591.9422130686075,1.786,5,1.322,5,7.0,5,2.4,5,12.2,5,0.6,0.928997233736099,0.928997233736099,0.8089368869519834,0.18460171247777563,0.4296382606496057,0.18460171247777563,1
24-25-prem-west-ham-united-vs-fulham,2024-2025,,,21.0,2025-01-14 19:30:00+00:00,True,21.0,54.0,3.0,2.0,west-ham,fulham,fpl-core-insights,prem,1,0,0,0,5,10.1875,1557.76408842654,1.3820000000000001,5,1.8820000000000001,5,2.6,5,1.8,5,11.2,5,0.2,5,9.229166666666666,1583.1864687364862,1.4460000000000002,5,1.416,5,5.0,5,2.2,5,8.4,5,0.2,0.3525989951989857,0.3525989951989857,-0.0071064559287748255,0.3334044539113237,0.5584457619539721,0.3334044539113237,1
24-25-prem-nottingham-forest-vs-liverpool,2024-2025,,,21.0,2025-01-14 20:00:00+00:00,True,17.0,14.0,1.0,1.0,nottingham-forest,liverpool,fpl-core-insights,prem,1,0,0,0,5,8.0,1595.1093741773843,1.482,5,0.9040000000000001,5,5.0,5,3.2,5,12.2,5,0.8,5,9.145833333333334,1810.3155062583928,3.128,5,0.8480000000000001,5,8.4,5,5.6,5,10.2,5,0.2,0.4484238907052826,0.4484238907052826,0.14577112039866583,1.1890915290772404,1.4076464699552875,1.1890915290772404,1
24-25-prem-everton-vs-aston-villa,2024-2025,,,21.0,2025-01-15 19:30:00+00:00,True,11.0,7.0,0.0,1.0,everton,aston-villa,fpl-core-insights,prem,1,0,0,0,5,11.1875,1527.344913802263,0.67,5,1.5599999999999998,5,1.8,5,0.8,5,13.4,5,0.4,5,11.1875,1643.9826291020352,1.154,5,1.4220000000000002,5,3.6,5,2.0,5,9.4,5,0.0,0.37368935433977973,0.37368935433977973,-0.030408738422049063,0.4165192219554792,0.7206415880557222,0.4165192219554792,1
24-25-prem-leicester-city-vs-crystal-palace,2024-2025,,,21.0,2025-01-15 19:30:00+00:00,True,13.0,31.0,0.0,2.0,leicester,crystal-palace,fpl-core-insights,prem,1,0,0,0,5,11.1875,1469.7603888093297,0.608,5,1.9280000000000002,5,2.6,5,1.4,5,7.8,5,0.0,5,11.1875,1570.1643693272704,1.4920000000000002,5,1.504,5,6.2,5,2.8,5,14.2,5,0.2,0.14168830059529347,0.14168830059529347,-0.04797105191242318,0.35432962700427845,0.4469014570172944,0.35432962700427845,1
24-25-prem-newcastle-united-vs-wolverhampton-wanderers,2024-2025,,,21.0,2025-01-15 19:30:00+00:00,True,4.0,39.0,3.0,0.0,newcastle-united,wolves,fpl-core-insights,prem,1,0,0,0,5,11.291666666666666,1672.729543360943,2.6659999999999995,5,0.616,5,6.8,5,4.4,5,9.8,5,0.8,5,8.979166666666666,1492.6202653583177,1.1099999999999999,5,1.3639999999999999,5,4.6,5,1.4,5,12.4,5,0.4,1.216931624741411,1.216931624741411,0.6671824674411311,-0.03975877991111991,0.043754012539213794,-0.03975877991111991,1
24-25-prem-arsenal-vs-tottenham-hotspur,2024-2025,,,21.0,2025-01-15 20:00:00+00:00,True,3.0,6.0,2.0,1.0,arsenal,tottenham,fpl-core-insights,prem,1,0,0,0,5,11.104166666666666,1798.0814729520991,1.748,5,0.734,5,4.8,5,3.2,5,9.8,5,0.4,5,11.3125,1592.767272258679,1.56,5,2.168,5,5.0,5,3.0,5,11.6,5,0.2,1.4076894575262515,1.4076894575262515,1.2048014732991412,0.5903930523770026,0.8379150253240875,0.5903930523770026,1
24-25-prem-ipswich-town-vs-brighton-&-hove-albion,2024-2025,,,21.0,2025-01-16 19:30:00+00:00,True,40.0,36.0,0.0,2.0,ipswich,brighton,fpl-core-insights,prem,1,0,0,0,5,11.229166666666666,1471.0860810603879,1.046,5,1.94,5,3.2,5,1.6,5,6.4,5,0.2,5,12.083333333333334,1598.519544341862,1.1800000000000002,5,1.4700000000000002,5,5.2,5,2.2,5,12.0,5,0.2,-0.04937415047341516,-0.04937415047341516,-0.27743990623101455,0.518140454748673,0.5060041140396946,0.518140454748673,1
24-25-prem-manchester-united-vs-southampton,2024-2025,,,21.0,2025-01-16 20:00:00+00:00,True,1.0,20.0,3.0,1.0,manchester-united,southampton,fpl-core-insights,prem,1,0,0,0,5,11.145833333333334,1608.3738155215028,1.35,5,1.636,5,3.8,5,2.4,5,12.8,5,0.0,5,12.208333333333334,1372.6301392666228,0.746,5,2.3240000000000003,5,2.6,5,1.6,5,9.0,5,0.2,0.6883160015587135,0.6883160015587135,0.44634675673466234,-0.5883681346686321,-0.4143165657913205,-0.5883681346686321,1
24-25-prem-newcastle-united-vs-afc-bournemouth,2024-2025,,,22.0,2025-01-18 12:30:00+00:00,True,4.0,91.0,1.0,4.0,newcastle-united,bournemouth,fpl-core-insights,prem,1,0,0,0,5,2.7083333333333335,1676.3860866687908,2.3299999999999996,5,0.9019999999999999,5,5.6,5,4.0,5,11.0,5,0.8,5,3.7083333333333335,1596.2536416199646,1.6199999999999999,5,1.41,5,5.8,5,2.2,5,12.4,5,0.6,1.2573126460140285,1.2573126460140285,0.6954491823319633,0.21358074070839955,0.44992358041104247,0.21358074070839955,1
24-25-prem-brentford-vs-liverpool,2024-2025,,,22.0,2025-01-18 15:00:00+00:00,True,94.0,14.0,0.0,2.0,brentford,liverpool,fpl-core-insights,prem,1,0,0,0,5,3.8125,1554.635989253855,1.83,5,1.322,5,5.0,5,3.4,5,9.4,5,0.4,5,3.7916666666666665,1806.6091949904933,3.1,5,0.6660000000000001,5,9.0,5,5.8,5,9.2,5,0.2,0.5725119869114996,0.5725119869114996,0.4210989063653777,1.15569239094591,1.3842670732633562,1.15569239094591,1
24-25-prem-leicester-city-vs-fulham,2024-2025,,,22.0,2025-01-18 15:00:00+00:00,True,13.0,54.0,0.0,2.0,leicester,fulham,fpl-core-insights,prem,1,0,0,0,5,2.8125,1460.3469883562389,0.9100000000000001,5,1.534,5,3.2,5,2.0,5,8.8,5,0.0,5,3.8125,1574.7445440782687,1.582,5,1.1800000000000002,5,5.4,5,2.6,5,8.2,5,0.2,0.09469842780457273,0.09469842780457273,-0.0808639628659277,0.3022354851009211,0.5366274837866903,0.3022354851009211,1
24-25-prem-west-ham-united-vs-crystal-palace,2024-2025,,,22.0,2025-01-18 15:00:00+00:00,True,21.0,31.0,0.0,2.0,west-ham,crystal-palace,fpl-core-insights,prem,1,0,0,0,5,3.8125,1566.2060130847574,1.16,5,1.86,5,2.6,5,2.0,5,11.8,5,0.2,5,2.8125,1579.5777697803612,1.3940000000000001,5,1.6439999999999997,5,6.0,5,2.6,5,13.4,5,0.4,0.3837679640093883,0.3837679640093883,0.014711822238506988,0.4013194997949992,0.4797943679707989,0.4013194997949992,1
24-25-prem-arsenal-vs-aston-villa,2024-2025,,,22.0,2025-01-18 17:30:00+00:00,True,3.0,7.0,2.0,2.0,arsenal,aston-villa,fpl-core-insights,prem,1,0,0,0,5,2.8958333333333335,1801.3242465949538,1.794,5,0.8720000000000001,5,4.6,5,3.8,5,10.4,5,0.2,5,2.9166666666666665,1652.9320023578898,1.3119999999999998,5,1.294,5,3.8,5,2.8,5,11.6,5,0.2,1.3932430069862403,1.3932430069862403,1.1946889579211333,0.4471008099766181,0.7420486996705195,0.4471008099766181,1
24-25-prem-everton-vs-tottenham-hotspur,2024-2025,,,22.0,2025-01-19 14:00:00+00:00,True,11.0,6.0,3.0,2.0,everton,tottenham,fpl-core-insights,prem,1,0,0,0,5,3.7708333333333335,1518.3955405464083,0.8800000000000001,5,1.558,5,2.4,5,1.4,5,11.2,5,0.2,5,3.75,1589.5244986158243,1.228,5,2.29,5,3.6,5,2.0,5,12.6,5,0.0,0.3431077663186408,0.3431077663186408,-0.051815850036846293,0.6048395029170139,0.8480275407020954,0.6048395029170139,1
24-25-prem-manchester-united-vs-brighton-&-hove-albion,2024-2025,,,22.0,2025-01-19 14:00:00+00:00,True,1.0,36.0,1.0,3.0,manchester-united,brighton,fpl-core-insights,prem,1,0,0,0,5,2.75,1611.1683376268059,1.6179999999999999,5,1.754,5,5.0,5,3.0,5,12.6,5,0.0,5,2.7708333333333335,1607.1627189932733,1.174,5,1.064,5,5.2,5,2.0,5,11.4,5,0.4,0.7133936227248198,0.7133936227248198,0.46390109155093673,0.5594289481286765,0.534906059405697,0.5594289481286765,1
24-25-prem-nottingham-forest-vs-southampton,2024-2025,,,22.0,2025-01-19 14:00:00+00:00,True,17.0,20.0,3.0,2.0,nottingham-forest,southampton,fpl-core-insights,prem,1,0,0,0,5,4.75,1598.8156854452839,1.188,5,1.2180000000000002,5,4.4,5,2.8,5,12.4,5,0.8,5,2.75,1369.8356171613198,0.8859999999999999,5,2.52,5,3.0,5,1.2,5,10.2,5,0.2,0.481823028836613,0.481823028836613,0.16915051709059709,-0.6134457558347384,-0.43187090060759487,-0.6134457558347384,1
24-25-prem-ipswich-town-vs-manchester-city,2024-2025,,,22.0,2025-01-19 16:30:00+00:00,True,40.0,43.0,0.0,6.0,ipswich,manchester-city,fpl-core-insights,prem,1,0,0,0,5,2.875,1462.4429064089766,0.8620000000000001,5,1.8800000000000001,5,2.8,5,1.2,5,7.2,5,0.2,5,4.875,1786.5173298420714,1.7,5,1.51,5,6.2,5,3.2,5,6.4,5,0.2,-0.0906626438534187,-0.0906626438534187,-0.30634185159701705,1.0389707755293476,1.220730987314153,1.0389707755293476,1
24-25-prem-chelsea-vs-wolverhampton-wanderers,2024-2025,,,22.0,2025-01-20 20:00:00+00:00,True,8.0,39.0,3.0,1.0,chelsea,wolves,fpl-core-insights,prem,1,0,0,0,5,6.020833333333333,1667.9026923255076,1.6060000000000003,5,1.33,5,5.8,5,3.4,5,7.6,5,0.2,5,5.020833333333333,1488.9637220504699,1.1800000000000002,5,1.546,5,4.8,5,2.2,5,11.4,5,0.4,0.9000182055054751,0.9000182055054751,0.7886515671905466,-0.08013980118373742,0.01548729764838153,-0.08013980118373742,1
24-25-prem-afc-bournemouth-vs-nottingham-forest,2024-2025,,,23.0,2025-01-25 15:00:00+00:00,True,91.0,17.0,5.0,0.0,bournemouth,nottingham-forest,fpl-core-insights,prem,1,0,0,0,5,7.104166666666667,1610.5618016952997,1.746,5,1.1119999999999999,5,6.8,5,2.6,5,11.8,5,0.4,5,6.041666666666667,1601.7051275635072,1.418,5,1.252,5,4.2,5,3.2,5,12.8,5,0.6,0.5040294910466095,0.5040294910466095,0.29087489875920963,0.16762967639914667,0.4796503992773981,0.16762967639914667,1
24-25-prem-brighton-&-hove-albion-vs-everton,2024-2025,,,23.0,2025-01-25 15:00:00+00:00,True,36.0,11.0,0.0,1.0,brighton,everton,fpl-core-insights,prem,1,0,0,0,5,6.041666666666667,1619.5345540553426,1.3719999999999999,5,1.098,5,4.6,5,2.0,5,11.6,5,0.4,5,6.041666666666667,1528.1402669061154,1.064,5,1.548,5,2.8,5,2.0,5,12.8,5,0.0,0.5719617852329907,0.5719617852329907,0.6123656993105246,-0.02537469424955643,0.3808808460147692,-0.02537469424955643,1
24-25-prem-liverpool-vs-ipswich-town,2024-2025,,,23.0,2025-01-25 15:00:00+00:00,True,14.0,40.0,4.0,1.0,liverpool,ipswich,fpl-core-insights,prem,1,0,0,0,5,7.0,1812.0276050293794,2.6599999999999997,5,0.556,5,8.2,5,4.4,5,6.8,5,0.4,5,5.9375,1458.5024455378725,0.8360000000000001,5,2.02,5,3.2,5,1.2,5,8.0,5,0.2,1.4083115118039418,1.4083115118039418,1.1900415888610323,-0.36194390265509835,-0.17009414536496337,-0.36194390265509835,1
24-25-prem-southampton-vs-newcastle-united,2024-2025,,,23.0,2025-01-25 15:00:00+00:00,True,20.0,4.0,1.0,3.0,southampton,newcastle-united,fpl-core-insights,prem,1,0,0,0,5,6.041666666666667,1366.9461750430964,1.012,5,2.754,5,3.6,5,1.6,5,10.0,5,0.0,5,7.104166666666667,1662.0779265934557,2.022,5,1.212,5,5.2,5,3.0,5,10.6,5,0.6,-0.43035005991614445,-0.43035005991614445,-0.6112731262755234,0.6413432716963963,1.1800184879632183,0.6413432716963963,1
24-25-prem-wolverhampton-wanderers-vs-arsenal,2024-2025,,,23.0,2025-01-25 15:00:00+00:00,True,39.0,3.0,0.0,1.0,wolves,arsenal,fpl-core-insights,prem,1,0,0,0,5,4.791666666666667,1485.2870058705766,1.1199999999999999,5,2.026,5,4.8,5,2.0,5,11.2,5,0.2,5,6.895833333333333,1795.5581701883125,1.4860000000000002,5,0.762,5,4.6,5,3.2,5,9.8,5,0.2,-0.005687004869866341,-0.005687004869866341,-0.11038880478123439,1.1653880915747548,1.3513846264914138,1.1653880915747548,1
24-25-prem-manchester-city-vs-chelsea,2024-2025,,,23.0,2025-01-25 17:30:00+00:00,True,43.0,8.0,3.0,1.0,manchester-city,chelsea,fpl-core-insights,prem,1,0,0,0,5,6.041666666666667,1790.4577907131754,2.1,5,1.2920000000000003,5,6.8,5,4.0,5,7.2,5,0.4,5,4.895833333333333,1671.5794085054008,2.012,5,1.286,5,6.2,5,3.6,5,6.4,5,0.0,1.2763330383722342,1.2763330383722342,1.1184022770408923,0.8098258697087946,0.930267209102972,0.8098258697087946,1
24-25-prem-crystal-palace-vs-brentford,2024-2025,,,23.0,2025-01-26 14:00:00+00:00,True,31.0,94.0,1.0,2.0,crystal-palace,brentford,fpl-core-insights,prem,1,0,0,0,5,7.958333333333333,1591.472316706906,1.34,5,1.1260000000000001,5,6.2,5,2.4,5,13.2,5,0.6,5,7.958333333333333,1549.217579214969,1.83,5,1.828,5,5.6,5,3.6,5,8.4,5,0.4,0.5146684535141949,0.5146684535141949,0.45113962199985064,0.3970544678247921,0.5381627889963773,0.3970544678247921,1
24-25-prem-tottenham-hotspur-vs-leicester-city,2024-2025,,,23.0,2025-01-26 14:00:00+00:00,True,6.0,13.0,1.0,2.0,tottenham,leicester,fpl-core-insights,prem,1,0,0,0,5,7.0,1579.7797722561172,1.198,5,1.554,5,3.8,5,2.0,5,13.0,5,0.0,5,7.958333333333333,1451.3338074924513,0.844,5,1.75,5,3.0,5,2.0,5,8.8,5,0.0,0.8215863849148055,0.8215863849148055,0.5670664232208855,-0.11389272107085613,0.047514487511817825,-0.11389272107085613,1
24-25-prem-aston-villa-vs-west-ham-united,2024-2025,,,23.0,2025-01-26 16:30:00+00:00,True,7.0,21.0,1.0,1.0,aston-villa,west-ham,fpl-core-insights,prem,1,0,0,0,5,7.958333333333333,1658.6980787645311,1.1860000000000002,5,1.3539999999999999,5,3.4,5,2.4,5,10.8,5,0.2,5,8.0625,1554.3114661582126,0.9540000000000001,5,1.936,5,1.8,5,1.6,5,10.0,5,0.2,0.771349566016898,0.771349566016898,0.4889591904714446,-0.020162263304889027,0.33394784180453685,-0.020162263304889027,1
24-25-prem-fulham-vs-manchester-united,2024-2025,,,23.0,2025-01-26 19:00:00+00:00,True,54.0,1.0,0.0,1.0,fulham,manchester-united,fpl-core-insights,prem,1,0,0,0,5,8.166666666666666,1583.7577249420563,1.844,5,1.222,5,4.8,5,3.0,5,9.6,5,0.2,5,7.208333333333333,1598.7965025647366,1.4580000000000002,5,1.814,5,3.8,5,2.4,5,12.2,5,0.0,0.5696562419916188,0.5696562419916188,0.349419425393676,0.42684536572364307,0.6604568715429716,0.42684536572364307,1
24-25-prem-nottingham-forest-vs-brighton-&-hove-albion,2024-2025,,,24.0,2025-02-01 12:30:00+00:00,True,17.0,36.0,7.0,0.0,nottingham-forest,brighton,fpl-core-insights,prem,1,0,0,0,5,6.895833333333333,1594.2082890596716,1.39,5,1.4099999999999997,5,4.4,5,3.0,5,11.4,5,0.4,5,6.895833333333333,1604.9661391121485,1.2559999999999998,5,1.0539999999999998,5,3.4,5,1.8,5,11.0,5,0.2,0.424290441393654,0.424290441393654,0.0885440222795122,0.5822254668751027,0.5289043103252451,0.5822254668751027,1
24-25-prem-afc-bournemouth-vs-liverpool,2024-2025,,,24.0,2025-02-01 15:00:00+00:00,True,91.0,14.0,0.0,2.0,bournemouth,liverpool,fpl-core-insights,prem,1,0,0,0,5,7.0,1618.0586401991352,1.7899999999999998,5,1.218,5,8.0,5,3.2,5,11.0,5,0.4,5,7.0,1813.550989497008,2.6740000000000004,5,0.5840000000000001,5,8.0,5,4.8,5,7.0,5,0.4,0.583115145166244,0.583115145166244,0.3462348566429537,1.207582006899152,1.4333692518583985,1.207582006899152,1
24-25-prem-everton-vs-leicester-city,2024-2025,,,24.0,2025-02-01 15:00:00+00:00,True,11.0,13.0,4.0,0.0,everton,leicester,fpl-core-insights,prem,1,0,0,0,5,7.0,1542.7086818493094,1.108,5,1.2760000000000002,5,2.4,5,2.0,5,13.0,5,0.2,5,6.041666666666667,1466.7039880252494,1.0879999999999999,5,1.576,5,3.4,5,2.2,5,11.2,5,0.0,0.41102107845019115,0.41102107845019115,0.01768278065818921,-0.06425220727578018,0.08226284716837098,-0.06425220727578018,1
24-25-prem-ipswich-town-vs-southampton,2024-2025,,,24.0,2025-02-01 15:00:00+00:00,True,40.0,20.0,1.0,2.0,ipswich,southampton,fpl-core-insights,prem,1,0,0,0,5,7.0,1456.979061070244,0.9019999999999999,5,2.044,5,3.8,5,1.6,5,8.4,5,0.2,5,7.0,1362.4518755285485,0.884,5,2.978,5,3.6,5,1.0,5,9.8,5,0.0,-0.18763456340308307,-0.18763456340308307,-0.38700164270955506,-0.6329587321346982,-0.46132949685782276,-0.6329587321346982,1
24-25-prem-newcastle-united-vs-fulham,2024-2025,,,24.0,2025-02-01 15:00:00+00:00,True,4.0,54.0,1.0,2.0,newcastle-united,fulham,fpl-core-insights,prem,1,0,0,0,5,7.0,1666.5722261080036,2.056,5,1.2959999999999998,5,5.4,5,3.6,5,11.4,5,0.4,5,5.833333333333333,1571.9094782913453,1.6219999999999999,5,1.048,5,4.0,5,2.4,5,10.6,5,0.2,1.201704093822393,1.201704093822393,0.6723227086380746,0.32482596172765443,0.5345227224687308,0.32482596172765443,1
24-25-prem-wolverhampton-wanderers-vs-aston-villa,2024-2025,,,24.0,2025-02-01 17:30:00+00:00,True,39.0,7.0,2.0,0.0,wolves,aston-villa,fpl-core-insights,prem,1,0,0,0,5,7.104166666666667,1481.0890691650122,1.096,5,2.1380000000000003,5,4.8,5,2.0,5,11.4,5,0.0,5,6.041666666666667,1653.838862833116,1.2879999999999998,5,1.064,5,4.0,5,2.4,5,12.4,5,0.2,0.011269516521118801,0.011269516521118801,-0.09851923980754479,0.469786913867882,0.74396059944038,0.469786913867882,1
24-25-prem-brentford-vs-tottenham-hotspur,2024-2025,,,24.0,2025-02-02 14:00:00+00:00,True,94.0,6.0,0.0,2.0,brentford,tottenham,fpl-core-insights,prem,1,0,0,0,5,7.0,1562.5979740590747,1.8679999999999999,5,1.782,5,6.2,5,3.6,5,7.8,5,0.2,5,7.0,1564.4095917233192,1.226,5,1.6420000000000001,5,4.2,5,2.2,5,13.4,5,0.0,0.5622706703388003,0.5622706703388003,0.4314942983139678,0.5323180635643323,0.7719458711197296,0.5323180635643323,1
24-25-prem-manchester-united-vs-crystal-palace,2024-2025,,,24.0,2025-02-02 14:00:00+00:00,True,1.0,31.0,0.0,2.0,manchester-united,crystal-palace,fpl-core-insights,prem,1,0,0,0,5,6.791666666666667,1610.6447492154475,1.42,5,1.7760000000000002,5,3.2,5,2.4,5,10.6,5,0.2,5,7.0,1578.0919218628003,1.466,5,1.084,5,6.4,5,2.6,5,12.8,5,0.4,0.6850503352089932,0.6850503352089932,0.461978885246531,0.42703174065742766,0.4802286230250192,0.42703174065742766,1
24-25-prem-arsenal-vs-manchester-city,2024-2025,,,24.0,2025-02-02 16:30:00+00:00,True,3.0,43.0,5.0,1.0,arsenal,manchester-city,fpl-core-insights,prem,1,0,0,0,5,8.0625,1799.756106893877,1.314,5,0.8800000000000001,5,4.2,5,3.2,5,9.4,5,0.2,5,7.958333333333333,1795.2864621770545,2.182,5,1.526,5,7.0,5,4.6,5,7.4,5,0.4,1.3395150615177243,1.3395150615177243,1.1484315701837695,1.1435469685335933,1.31225402621895,1.1435469685335933,1
24-25-prem-chelsea-vs-west-ham-united,2024-2025,,,24.0,2025-02-03 20:00:00+00:00,True,8.0,21.0,2.0,1.0,chelsea,west-ham,fpl-core-insights,prem,1,0,0,0,5,9.104166666666666,1666.7507370415217,2.1480000000000006,5,1.4300000000000002,5,5.4,5,3.6,5,6.6,5,0.0,5,8.145833333333334,1559.1706820896277,0.8539999999999999,5,1.8259999999999998,5,2.2,5,2.0,5,10.8,5,0.0,0.9051225176102711,0.9051225176102711,0.773904881862079,0.007226703271628963,0.3531201184080994,0.007226703271628963,1
24-25-prem-everton-vs-liverpool,2024-2025,,,15.0,2025-02-12 19:30:00+00:00,True,11.0,14.0,2.0,2.0,everton,liverpool,fpl-core-insights,prem,1,0,0,0,5,11.1875,1548.497770457635,1.422,5,1.046,5,3.4,5,3.4,5,12.2,5,0.4,5,11.1875,1820.3441102417064,2.548,5,0.8280000000000001,5,6.8,5,3.8,5,6.2,5,0.4,0.48039745882195467,0.48039745882195467,0.06624624691842368,1.2400470895644935,1.4560948097241375,1.2400470895644935,1
24-25-prem-brighton-&-hove-albion-vs-chelsea,2024-2025,,,25.0,2025-02-14 20:00:00+00:00,True,36.0,8.0,3.0,0.0,brighton,chelsea,fpl-core-insights,prem,1,0,0,0,5,13.3125,1596.9331153259386,1.206,5,1.3800000000000001,5,3.6,5,1.6,5,11.4,5,0.2,5,11.0,1671.8216234757265,2.082,5,1.358,5,5.0,5,3.2,5,9.2,5,0.0,0.46182287155259516,0.46182287155259516,0.4863948400570314,0.7739826614713569,0.905233631337811,0.7739826614713569,1
24-25-prem-leicester-city-vs-arsenal,2024-2025,,,25.0,2025-02-15 12:30:00+00:00,True,13.0,3.0,0.0,2.0,leicester,arsenal,fpl-core-insights,prem,1,0,0,0,5,13.895833333333334,1460.9148994169238,0.8940000000000001,5,1.814,5,2.8,5,1.6,5,11.6,5,0.0,5,12.833333333333334,1807.37167142749,1.1320000000000001,5,0.9780000000000001,5,4.6,5,3.2,5,9.2,5,0.2,0.03369938090813651,0.03369938090813651,-0.1336285876475437,1.1972106753919378,1.4091994975293933,1.1972106753919378,1
24-25-prem-aston-villa-vs-ipswich-town,2024-2025,,,25.0,2025-02-15 15:00:00+00:00,True,7.0,40.0,1.0,1.0,aston-villa,ipswich,fpl-core-insights,prem,1,0,0,0,5,13.895833333333334,1641.2309675328063,1.022,5,1.164,5,3.8,5,2.0,5,11.6,5,0.2,5,14.0,1442.3395879921459,0.9540000000000001,5,1.826,5,3.8,5,1.6,5,8.6,5,0.0,0.7046587014275448,0.7046587014275448,0.4136413452781176,-0.41587257028829194,-0.22887874565842148,-0.41587257028829194,1
24-25-prem-fulham-vs-nottingham-forest,2024-2025,,,25.0,2025-02-15 15:00:00+00:00,True,54.0,17.0,2.0,1.0,fulham,nottingham-forest,fpl-core-insights,prem,1,0,0,0,5,14.0,1586.5520127607517,1.7120000000000002,5,0.8019999999999999,5,3.6,5,2.6,5,10.2,5,0.2,5,14.104166666666666,1602.2413128458816,1.7760000000000002,5,1.408,5,4.8,5,3.2,5,11.8,5,0.4,0.5719691651740714,0.5719691651740714,0.37832087987814095,0.15562546105216213,0.5201210682117253,0.15562546105216213,1
24-25-prem-manchester-city-vs-newcastle-united,2024-2025,,,25.0,2025-02-15 15:00:00+00:00,True,43.0,4.0,4.0,0.0,manchester-city,newcastle-united,fpl-core-insights,prem,1,0,0,0,5,12.9375,1787.6708976434415,2.0900000000000003,5,1.466,5,6.8,5,4.4,5,7.8,5,0.2,5,14.0,1651.9296916385972,1.8219999999999998,5,1.4280000000000002,5,5.4,5,3.4,5,8.6,5,0.2,1.2634749210107816,1.2634749210107816,1.0738625325219242,0.634876265932734,1.1482091756719066,0.634876265932734,1
24-25-prem-southampton-vs-afc-bournemouth,2024-2025,,,25.0,2025-02-15 15:00:00+00:00,True,20.0,91.0,1.0,3.0,southampton,bournemouth,fpl-core-insights,prem,1,0,0,0,5,14.0,1377.0913486066465,0.8780000000000001,5,2.94,5,3.8,5,1.0,5,11.6,5,0.0,5,14.0,1611.2655194544368,1.7099999999999997,5,1.5,5,6.8,5,3.2,5,10.6,5,0.4,-0.4324585692790859,-0.4324585692790859,-0.5917145498793598,0.3235092987772147,0.5506500625009025,0.3235092987772147,1
24-25-prem-west-ham-united-vs-brentford,2024-2025,,,25.0,2025-02-15 15:00:00+00:00,True,21.0,94.0,0.0,1.0,west-ham,brentford,fpl-core-insights,prem,1,0,0,0,5,11.791666666666666,1554.099795655423,1.0260000000000002,5,1.5299999999999998,5,3.2,5,2.0,5,9.6,5,0.0,5,13.041666666666666,1550.384768507918,2.216,5,1.572,5,6.6,5,4.0,5,9.8,5,0.2,0.3530423387988215,0.3530423387988215,0.007115589544089081,0.396055717229011,0.5116441259317192,0.396055717229011,1
24-25-prem-crystal-palace-vs-everton,2024-2025,,,25.0,2025-02-15 17:30:00+00:00,True,31.0,11.0,1.0,2.0,crystal-palace,everton,fpl-core-insights,prem,1,0,0,0,5,13.145833333333334,1591.2226911574903,1.58,5,1.1199999999999999,5,5.0,5,2.6,5,12.2,5,0.6,5,2.9166666666666665,1553.5192795738003,1.4700000000000002,5,0.8019999999999999,5,4.0,5,3.4,5,12.8,5,0.4,0.5183775811423218,0.5183775811423218,0.48153025225357426,0.09059741718282074,0.5151848449139504,0.09059741718282074,1
24-25-prem-liverpool-vs-wolverhampton-wanderers,2024-2025,,,25.0,2025-02-16 14:00:00+00:00,True,14.0,39.0,2.0,1.0,liverpool,wolves,fpl-core-insights,prem,1,0,0,0,5,3.7708333333333335,1815.322601125541,2.1079999999999997,5,0.808,5,6.4,5,3.4,5,7.8,5,0.4,5,14.854166666666666,1493.696964465322,1.278,5,1.778,5,5.2,5,2.6,5,11.8,5,0.2,1.4317436394597405,1.4317436394597405,1.2052597034724977,-0.0592173417947097,0.06741508511088322,-0.0592173417947097,1
24-25-prem-tottenham-hotspur-vs-manchester-united,2024-2025,,,25.0,2025-02-16 16:30:00+00:00,True,6.0,1.0,1.0,0.0,tottenham,manchester-united,fpl-core-insights,prem,1,0,0,0,5,14.104166666666666,1576.622797274476,0.9480000000000001,5,1.9100000000000001,5,4.0,5,1.6,5,13.4,5,0.2,5,14.104166666666666,1597.5139799207575,1.464,5,1.9119999999999997,5,3.4,5,2.2,5,9.4,5,0.2,0.8073844522046864,0.8073844522046864,0.5829446079714135,0.4238299271292284,0.6305518236128466,0.4238299271292284,1
24-25-prem-aston-villa-vs-liverpool,2024-2025,,,25.0,2025-02-19 19:30:00+00:00,True,7.0,14.0,2.0,2.0,aston-villa,liverpool,fpl-core-insights,prem,1,0,0,0,5,4.1875,1634.5754548709444,1.1940000000000002,5,1.1560000000000001,5,4.0,5,2.6,5,11.0,5,0.2,5,3.2291666666666665,1817.1253744125438,2.042,5,1.046,5,5.6,5,3.0,5,9.0,5,0.4,0.6709675483261149,0.6709675483261149,0.3900575381071167,1.1823867020973284,1.399067923209499,1.1823867020973284,1
24-25-prem-leicester-city-vs-brentford,2024-2025,,,26.0,2025-02-21 20:00:00+00:00,True,13.0,94.0,0.0,4.0,leicester,brentford,fpl-core-insights,prem,1,0,0,0,5,6.3125,1457.366273313742,0.8559999999999999,5,1.778,5,2.8,5,1.2,5,11.8,5,0.0,5,6.208333333333333,1562.7487086297733,1.656,5,1.6780000000000002,5,5.4,5,2.2,5,9.4,5,0.2,0.014615161826595557,0.014615161826595557,-0.14698754100462239,0.4266491755463627,0.5330595467538654,0.4266491755463627,1
24-25-prem-everton-vs-manchester-united,2024-2025,,,26.0,2025-02-22 12:30:00+00:00,True,11.0,1.0,2.0,2.0,everton,manchester-united,fpl-core-insights,prem,1,0,0,0,5,6.791666666666667,1566.7831365332609,1.434,5,0.9040000000000001,5,4.6,5,3.2,5,12.2,5,0.4,5,5.833333333333333,1589.1990423412024,1.5580000000000003,5,1.794,5,3.8,5,2.0,5,11.8,5,0.2,0.5433509107009428,0.5433509107009428,0.13083465402138117,0.40455385492144946,0.6170585730674013,0.40455385492144946,1
24-25-prem-afc-bournemouth-vs-wolverhampton-wanderers,2024-2025,,,26.0,2025-02-22 15:00:00+00:00,True,91.0,39.0,0.0,1.0,bournemouth,wolves,fpl-core-insights,prem,1,0,0,0,5,7.0,1617.098048439084,1.5819999999999999,5,1.5159999999999998,5,6.6,5,2.8,5,9.6,5,0.2,5,6.041666666666667,1491.8941911783193,1.26,5,1.684,5,4.8,5,2.4,5,12.8,5,0.2,0.5775753538844539,0.5775753538844539,0.36197400075371666,-0.02654162554446804,0.09028808648605238,-0.02654162554446804,1
24-25-prem-arsenal-vs-west-ham-united,2024-2025,,,26.0,2025-02-22 15:00:00+00:00,True,3.0,21.0,0.0,1.0,arsenal,west-ham,fpl-core-insights,prem,1,0,0,0,5,7.104166666666667,1810.9202975306716,1.232,5,0.7180000000000001,5,5.0,5,2.8,5,10.0,5,0.4,5,7.0,1541.7358555335675,0.916,5,1.48,5,3.0,5,1.6,5,9.4,5,0.0,1.422558450886472,1.422558450886472,1.2162948944734788,-0.0142998312780571,0.3224488804814698,-0.0142998312780571,1
24-25-prem-fulham-vs-crystal-palace,2024-2025,,,26.0,2025-02-22 15:00:00+00:00,True,54.0,31.0,0.0,2.0,fulham,crystal-palace,fpl-core-insights,prem,1,0,0,0,5,7.0,1594.721856291582,1.7,5,0.568,5,4.8,5,2.6,5,10.0,5,0.2,5,6.895833333333333,1577.9588341980298,1.7080000000000002,5,1.064,5,5.0,5,3.0,5,11.2,5,0.6,0.5927042976800155,0.5927042976800155,0.3928354726323019,0.45336418646658194,0.4781403443037614,0.45336418646658194,1
24-25-prem-ipswich-town-vs-tottenham-hotspur,2024-2025,,,26.0,2025-02-22 15:00:00+00:00,True,40.0,6.0,1.0,4.0,ipswich,tottenham,fpl-core-insights,prem,1,0,0,0,5,7.0,1448.9951006540077,0.71,5,1.862,5,3.8,5,1.0,5,9.4,5,0.0,5,5.9375,1584.937734854031,1.206,5,1.7079999999999997,5,4.6,5,1.6,5,10.6,5,0.4,-0.2052949384874206,-0.2052949384874206,-0.3821814171868621,0.5964378585168587,0.8266605244124653,0.5964378585168587,1
24-25-prem-southampton-vs-brighton-&-hove-albion,2024-2025,,,26.0,2025-02-22 15:00:00+00:00,True,20.0,36.0,0.0,4.0,southampton,brighton,fpl-core-insights,prem,1,0,0,0,5,7.0,1371.2588196219992,0.9780000000000001,5,2.288,5,4.4,5,1.2,5,13.6,5,0.0,5,7.791666666666667,1606.7860053777874,1.186,5,1.3119999999999998,5,3.8,5,2.0,5,11.6,5,0.4,-0.47092327125558786,-0.47092327125558786,-0.6186398412629112,0.5335861723411388,0.5292390605298916,0.5335861723411388,1
24-25-prem-aston-villa-vs-chelsea,2024-2025,,,26.0,2025-02-22 17:30:00+00:00,True,7.0,8.0,2.0,1.0,aston-villa,chelsea,fpl-core-insights,prem,1,0,0,0,5,2.9166666666666665,1637.4442481538529,1.0859999999999999,5,1.43,5,4.2,5,2.2,5,10.4,5,0.0,5,7.895833333333333,1661.9687334238777,1.9420000000000002,5,1.426,5,4.8,5,3.0,5,9.0,5,0.0,0.6978860665995172,0.6978860665995172,0.4089005008984983,0.7065664724940606,0.8580422990537035,0.7065664724940606,1
24-25-prem-newcastle-united-vs-nottingham-forest,2024-2025,,,26.0,2025-02-23 14:00:00+00:00,True,4.0,17.0,4.0,3.0,newcastle-united,nottingham-forest,fpl-core-insights,prem,1,0,0,0,5,7.958333333333333,1647.4476045145584,1.4120000000000001,5,1.6199999999999999,5,4.8,5,2.6,5,9.6,5,0.2,5,7.958333333333333,1594.0714693150512,1.434,5,1.5260000000000002,5,4.6,5,2.4,5,10.8,5,0.2,1.1040328774613115,1.1040328774613115,0.5717672684890267,0.13489032854621794,0.5056064754575644,0.13489032854621794,1
24-25-prem-manchester-city-vs-liverpool,2024-2025,,,26.0,2025-02-23 16:30:00+00:00,True,43.0,14.0,0.0,2.0,manchester-city,liverpool,fpl-core-insights,prem,1,0,0,0,5,8.0625,1792.1529847674803,2.088,5,1.2879999999999998,5,6.8,5,4.6,5,7.2,5,0.4,5,3.875,1814.2565811296354,1.8579999999999999,5,1.036,5,4.6,5,2.8,5,10.2,5,0.2,1.326583918454489,1.326583918454489,1.1180388307325193,1.1554681838239262,1.3802249604181174,1.1554681838239262,1
24-25-prem-brighton-&-hove-albion-vs-afc-bournemouth,2024-2025,,,27.0,2025-02-25 19:30:00+00:00,True,36.0,91.0,2.0,1.0,brighton,bournemouth,fpl-core-insights,prem,1,0,0,0,5,3.1875,1612.586407296085,1.786,5,1.282,5,5.2,5,4.0,5,10.8,5,0.4,5,3.1875,1601.794604690888,1.47,5,1.416,5,6.6,5,2.8,5,8.8,5,0.2,0.5739536649575729,0.5739536649575729,0.5974641786663979,0.3317394014636,0.5343830691842872,0.3317394014636,1
24-25-prem-crystal-palace-vs-aston-villa,2024-2025,,,27.0,2025-02-25 19:30:00+00:00,True,31.0,7.0,4.0,1.0,crystal-palace,aston-villa,fpl-core-insights,prem,1,0,0,0,5,3.1875,1590.6740554466173,1.6019999999999999,5,0.764,5,5.2,5,2.6,5,11.0,5,0.6,5,3.0833333333333335,1645.860966897361,1.3439999999999999,5,1.624,5,4.6,5,2.4,5,10.6,5,0.0,0.514865865490059,0.514865865490059,0.5058292167327214,0.43120797266825883,0.7297538834134609,0.43120797266825883,1
24-25-prem-wolverhampton-wanderers-vs-fulham,2024-2025,,,27.0,2025-02-25 19:30:00+00:00,True,39.0,54.0,1.0,2.0,wolves,fulham,fpl-core-insights,prem,1,0,0,0,5,3.1875,1507.1976349265153,1.3359999999999999,5,1.3860000000000001,5,4.4,5,2.0,5,14.2,5,0.4,5,3.1875,1582.0066350429945,1.3599999999999999,5,0.6359999999999999,5,3.8,5,2.0,5,9.6,5,0.2,0.12052268577616905,0.12052268577616905,0.016650659155698633,0.3561099514460043,0.5402392674138761,0.3561099514460043,1
24-25-prem-chelsea-vs-southampton,2024-2025,,,27.0,2025-02-25 20:15:00+00:00,True,8.0,20.0,4.0,0.0,chelsea,southampton,fpl-core-insights,prem,1,0,0,0,5,3.1145833333333335,1653.5520146803694,1.902,5,1.6560000000000001,5,4.2,5,2.6,5,9.0,5,0.0,5,3.21875,1365.4584177037016,0.696,5,2.398,5,3.6,5,1.0,5,11.8,5,0.0,0.835734827283943,0.835734827283943,0.6746986556801169,-0.6633544456905925,-0.534801277580847,-0.6633544456905925,1
24-25-prem-brentford-vs-everton,2024-2025,,,27.0,2025-02-26 19:30:00+00:00,True,94.0,11.0,1.0,1.0,brentford,everton,fpl-core-insights,prem,1,0,0,0,5,4.979166666666667,1572.0194403838555,1.4440000000000002,5,1.34,5,5.4,5,2.0,5,10.0,5,0.4,5,4.291666666666667,1565.1407443655085,1.426,5,0.7620000000000001,5,5.0,5,3.0,5,12.0,5,0.4,0.5819372091454194,0.5819372091454194,0.49647440753429695,0.1262807034512169,0.5368452670292795,0.1262807034512169,1
24-25-prem-manchester-united-vs-ipswich-town,2024-2025,,,27.0,2025-02-26 19:30:00+00:00,True,1.0,40.0,3.0,2.0,manchester-united,ipswich,fpl-core-insights,prem,1,0,0,0,5,4.291666666666667,1590.8414345089548,0.9560000000000001,5,1.8679999999999999,5,2.6,5,1.0,5,12.8,5,0.2,5,4.1875,1440.5914868611032,0.884,5,2.0100000000000002,5,4.2,5,1.6,5,10.2,5,0.0,0.6216125236375656,0.6216125236375656,0.4110594985931127,-0.4197927781100519,-0.25902545409197747,-0.4197927781100519,1
24-25-prem-nottingham-forest-vs-arsenal,2024-2025,,,27.0,2025-02-26 19:30:00+00:00,True,17.0,3.0,0.0,0.0,nottingham-forest,arsenal,fpl-core-insights,prem,1,0,0,0,5,3.2291666666666665,1587.7322559425809,1.7299999999999998,5,1.7100000000000002,5,5.0,5,3.0,5,11.8,5,0.2,5,4.1875,1793.2832969946394,1.186,5,0.776,5,4.6,5,2.2,5,8.4,5,0.4,0.5120697648516458,0.5120697648516458,0.14412359910919137,1.1721167523681348,1.359446819307409,1.1721167523681348,1
24-25-prem-tottenham-hotspur-vs-manchester-city,2024-2025,,,27.0,2025-02-26 19:30:00+00:00,True,6.0,43.0,0.0,1.0,tottenham,manchester-city,fpl-core-insights,prem,1,0,0,0,5,4.1875,1593.3413486469356,1.392,5,1.6480000000000001,5,5.4,5,1.6,5,9.8,5,0.4,5,3.125,1780.5018473784019,1.778,5,0.914,5,6.2,5,3.6,5,6.4,5,0.4,0.8642718853356551,0.8642718853356551,0.6501683741214156,1.0795367785166066,1.2715809867174708,1.0795367785166066,1
24-25-prem-liverpool-vs-newcastle-united,2024-2025,,,27.0,2025-02-26 20:15:00+00:00,True,14.0,4.0,2.0,0.0,liverpool,newcastle-united,fpl-core-insights,prem,1,0,0,0,5,3.15625,1825.9077185187139,1.6039999999999999,5,1.07,5,4.2,5,2.4,5,11.0,5,0.4,5,3.2604166666666665,1653.7868178870287,1.5720000000000003,5,1.654,5,4.8,5,2.8,5,10.0,5,0.0,1.4187270126340301,1.4187270126340301,1.2104711155609444,0.5653039790949453,1.094799606898338,0.5653039790949453,1
24-25-prem-west-ham-united-vs-leicester-city,2024-2025,,,27.0,2025-02-27 20:00:00+00:00,True,21.0,13.0,2.0,0.0,west-ham,leicester,fpl-core-insights,prem,1,0,0,0,5,5.208333333333333,1559.3728560695997,0.9400000000000001,5,1.3439999999999999,5,2.8,5,1.4,5,8.6,5,0.2,5,6.0,1448.09554155966,0.6180000000000001,5,1.718,5,2.6,5,0.8,5,10.6,5,0.0,0.3666270225868138,0.3666270225868138,0.048811800301005764,-0.19586520339617636,-0.05521007016133868,-0.19586520339617636,1
24-25-prem-nottingham-forest-vs-manchester-city,2024-2025,,,28.0,2025-03-08 12:30:00+00:00,True,17.0,43.0,1.0,0.0,nottingham-forest,manchester-city,fpl-core-insights,prem,1,0,0,0,5,9.708333333333334,1591.1964134167088,1.4000000000000001,5,1.73,5,4.4,5,2.4,5,11.6,5,0.4,5,9.708333333333334,1787.511741349961,1.596,5,1.064,5,5.4,5,3.2,5,7.4,5,0.4,0.5431560068142701,0.5431560068142701,0.1658839684830284,1.1024067841450906,1.2875899906574095,1.1024067841450906,1
24-25-prem-brighton-&-hove-albion-vs-fulham,2024-2025,,,28.0,2025-03-08 15:00:00+00:00,True,36.0,54.0,2.0,1.0,brighton,fulham,fpl-core-insights,prem,1,0,0,0,5,10.8125,1620.0311114520196,1.884,5,1.278,5,5.4,5,4.2,5,11.2,5,0.4,5,10.8125,1592.156032913311,1.2600000000000002,5,0.8039999999999999,5,4.4,5,2.0,5,10.4,5,0.0,0.5991181218057202,0.5991181218057202,0.615079298460101,0.3824703938814722,0.5586915771187035,0.3824703938814722,1
24-25-prem-crystal-palace-vs-ipswich-town,2024-2025,,,28.0,2025-03-08 15:00:00+00:00,True,31.0,40.0,1.0,0.0,crystal-palace,ipswich,fpl-core-insights,prem,1,0,0,0,5,10.8125,1599.9610890995448,2.2,5,0.784,5,5.0,5,3.4,5,13.2,5,0.4,5,9.8125,1436.393145050177,1.054,5,1.548,5,4.0,5,1.6,5,10.6,5,0.0,0.5770172129554989,0.5770172129554989,0.5493351599585294,-0.4201756839617872,-0.2592934881881922,-0.4201756839617872,1
24-25-prem-liverpool-vs-southampton,2024-2025,,,28.0,2025-03-08 15:00:00+00:00,True,14.0,20.0,3.0,1.0,liverpool,southampton,fpl-core-insights,prem,1,0,0,0,5,9.78125,1829.703674465252,1.44,5,0.8,5,3.4,5,2.0,5,11.8,5,0.4,5,10.78125,1363.3129830566104,0.6619999999999999,5,2.5000000000000004,5,3.2,5,1.0,5,12.0,5,0.0,1.4393603529841104,1.4393603529841104,1.2249144538060006,-0.7196519915250601,-0.5742095596649742,-0.7196519915250601,1
24-25-prem-brentford-vs-aston-villa,2024-2025,,,28.0,2025-03-08 17:30:00+00:00,True,94.0,7.0,0.0,1.0,brentford,aston-villa,fpl-core-insights,prem,1,0,0,0,5,9.916666666666666,1569.569718072214,1.596,5,0.9279999999999999,5,4.8,5,2.0,5,10.4,5,0.4,5,10.916666666666666,1636.5739332444336,1.25,5,2.2239999999999998,5,4.2,5,2.8,5,8.4,5,0.0,0.5646397095057584,0.5646397095057584,0.4843661577865343,0.36905662520281884,0.6862479401876529,0.36905662520281884,1
24-25-prem-wolverhampton-wanderers-vs-everton,2024-2025,,,28.0,2025-03-08 20:00:00+00:00,True,39.0,11.0,1.0,1.0,wolves,everton,fpl-core-insights,prem,1,0,0,0,5,11.020833333333334,1497.0482370561988,1.436,5,1.084,5,4.6,5,1.8,5,13.0,5,0.4,5,10.020833333333334,1567.5904666771498,1.53,5,0.9120000000000001,5,5.6,5,3.4,5,10.6,5,0.2,0.09416224334070117,0.09416224334070117,-0.0018016505491288866,0.14357820309087782,0.5489535167770422,0.14357820309087782,1
24-25-prem-chelsea-vs-leicester-city,2024-2025,,,28.0,2025-03-09 14:00:00+00:00,True,8.0,13.0,1.0,0.0,chelsea,leicester,fpl-core-insights,prem,1,0,0,0,5,11.739583333333334,1655.6974493274606,1.7739999999999998,5,1.638,5,4.8,5,3.0,5,9.2,5,0.2,5,9.75,1443.1047925106425,0.5980000000000001,5,1.546,5,2.2,5,0.6,5,11.2,5,0.0,0.8920323731184105,0.8920323731184105,0.7141069377642442,-0.2378818000687064,-0.0846216878321097,-0.2378818000687064,1
24-25-prem-tottenham-hotspur-vs-afc-bournemouth,2024-2025,,,28.0,2025-03-09 14:00:00+00:00,True,6.0,91.0,2.0,2.0,tottenham,bournemouth,fpl-core-insights,prem,1,0,0,0,5,10.770833333333334,1586.3314546753763,1.434,5,1.682,5,5.4,5,1.6,5,9.8,5,0.4,5,11.770833333333334,1594.3499005349536,1.31,5,1.7420000000000002,5,5.6,5,2.4,5,8.6,5,0.2,0.8414018797071711,0.8414018797071711,0.6341593701814767,0.30657494461545265,0.5167679493905841,0.30657494461545265,1
24-25-prem-manchester-united-vs-arsenal,2024-2025,,,28.0,2025-03-09 16:30:00+00:00,True,1.0,3.0,1.0,1.0,manchester-united,arsenal,fpl-core-insights,prem,1,0,0,0,5,10.875,1595.039776319881,0.804,5,1.768,5,3.6,5,1.2,5,12.8,5,0.2,5,10.875,1789.8191395205115,1.1179999999999999,5,0.6479999999999999,5,3.6,5,2.2,5,8.8,5,0.6,0.621995429489301,0.621995429489301,0.4113275326893274,1.1410305104055105,1.3376864499335719,1.1410305104055105,1
24-25-prem-west-ham-united-vs-newcastle-united,2024-2025,,,28.0,2025-03-10 20:00:00+00:00,True,21.0,4.0,0.0,1.0,west-ham,newcastle-united,fpl-core-insights,prem,1,0,0,0,5,11.0,1564.3636051186172,1.15,5,1.154,5,3.2,5,2.2,5,9.2,5,0.4,5,11.989583333333334,1649.9908619404905,1.4600000000000002,5,1.5420000000000003,5,3.8,5,2.8,5,10.8,5,0.0,0.40864361925934384,0.40864361925934384,0.07822341797177679,0.5446706387448651,1.080356268653282,0.5446706387448651,1
24-25-prem-everton-vs-west-ham-united,2024-2025,,,29.0,2025-03-15 15:00:00+00:00,True,11.0,21.0,1.0,1.0,everton,west-ham,fpl-core-insights,prem,1,0,0,0,5,6.791666666666667,1567.8626159715313,1.3199999999999998,5,1.0,5,5.0,5,2.4,5,12.2,5,0.0,5,4.791666666666667,1554.5255564283093,1.032,5,1.264,5,2.8,5,1.6,5,7.6,5,0.4,0.5476539101965289,0.5476539101965289,0.14172162226157314,0.05859651609328742,0.38060518800435905,0.05859651609328742,1
24-25-prem-ipswich-town-vs-nottingham-forest,2024-2025,,,29.0,2025-03-15 15:00:00+00:00,True,40.0,17.0,2.0,4.0,ipswich,nottingham-forest,fpl-core-insights,prem,1,0,0,0,5,7.0,1432.4434510041885,1.254,5,1.8039999999999998,5,5.0,5,2.0,5,10.0,5,0.0,5,7.104166666666667,1604.424527718618,1.35,5,1.5640000000000003,5,4.4,5,2.2,5,12.0,5,0.6,-0.2612211138418908,-0.2612211138418908,-0.42292943489564233,0.19890219129523778,0.5903248965459978,0.19890219129523778,1
24-25-prem-manchester-city-vs-brighton-&-hove-albion,2024-2025,,,29.0,2025-03-15 15:00:00+00:00,True,43.0,36.0,2.0,2.0,manchester-city,brighton,fpl-core-insights,prem,1,0,0,0,5,7.104166666666667,1774.2836270480518,1.2680000000000002,5,0.85,5,4.8,5,1.8,5,8.0,5,0.4,5,7.0,1627.0222885644032,2.0460000000000003,5,1.288,5,6.0,5,4.8,5,11.4,5,0.4,1.2545717678452002,1.2545717678452002,1.055237894413363,0.6330767200072052,0.624828724015869,0.6330767200072052,1
24-25-prem-southampton-vs-wolverhampton-wanderers,2024-2025,,,29.0,2025-03-15 15:00:00+00:00,True,20.0,39.0,1.0,2.0,southampton,wolves,fpl-core-insights,prem,1,0,0,0,5,7.0,1362.4874279442358,0.582,5,2.7380000000000004,5,3.0,5,1.0,5,12.6,5,0.0,5,6.791666666666667,1496.7760877618173,1.4419999999999997,5,1.166,5,4.4,5,1.8,5,10.6,5,0.4,-0.556240531883375,-0.556240531883375,-0.6939819518370612,-0.0005020439686156083,0.09601882417000585,-0.0005020439686156083,1
24-25-prem-afc-bournemouth-vs-brentford,2024-2025,,,29.0,2025-03-15 17:30:00+00:00,True,91.0,94.0,1.0,2.0,bournemouth,brentford,fpl-core-insights,prem,1,0,0,0,5,6.145833333333333,1596.3925536414952,1.4120000000000001,5,1.8519999999999999,5,5.2,5,2.8,5,9.8,5,0.0,5,7.0,1559.19584366639,1.5100000000000002,5,0.9780000000000001,5,4.2,5,1.8,5,9.8,5,0.4,0.5326021037156565,0.5326021037156565,0.32919516507984187,0.45898110995116875,0.5283753554552362,0.45898110995116875,1
24-25-prem-arsenal-vs-chelsea,2024-2025,,,29.0,2025-03-16 13:30:00+00:00,True,3.0,8.0,1.0,0.0,arsenal,chelsea,fpl-core-insights,prem,1,0,0,0,5,6.875,1786.6306833179817,1.242,5,0.8039999999999999,5,4.2,5,2.0,5,8.2,5,0.4,5,6.979166666666667,1658.8279910389529,1.77,5,1.158,5,5.4,5,2.6,5,9.4,5,0.4,1.3191221888846585,1.3191221888846585,1.1145101374784916,0.7087315204275628,0.8843532054945801,0.7087315204275628,1
24-25-prem-fulham-vs-tottenham-hotspur,2024-2025,,,29.0,2025-03-16 13:30:00+00:00,True,54.0,6.0,2.0,0.0,fulham,tottenham,fpl-core-insights,prem,1,0,0,0,5,7.9375,1585.1648558009274,1.3060000000000003,5,1.062,5,4.0,5,2.2,5,10.2,5,0.0,5,6.979166666666667,1584.2888015688347,1.532,5,1.81,5,5.0,5,1.4,5,10.6,5,0.4,0.5406941555715994,0.5406941555715994,0.3567597916713234,0.6183252158564043,0.8187816592427819,0.6183252158564043,1
24-25-prem-leicester-city-vs-manchester-united,2024-2025,,,29.0,2025-03-16 19:00:00+00:00,True,13.0,1.0,0.0,3.0,leicester,manchester-united,fpl-core-insights,prem,1,0,0,0,5,7.208333333333333,1439.9742507991502,0.30600000000000005,5,1.6939999999999997,5,2.2,5,0.4,5,10.2,5,0.0,5,7.104166666666667,1598.2282325224107,1.0580000000000003,5,1.9579999999999997,5,4.6,5,1.6,5,14.0,5,0.0,-0.07924627049542836,-0.07924627049542836,-0.23020263244487593,0.4298917937382407,0.64851580241632,0.4298917937382407,1
24-25-prem-arsenal-vs-fulham,2024-2025,,,30.0,2025-04-01 18:45:00+00:00,True,3.0,54.0,2.0,1.0,arsenal,fulham,fpl-core-insights,prem,1,0,0,0,5,16.21875,1791.2736912799555,1.184,5,0.714,5,3.6,5,1.6,5,7.8,5,0.6,5,16.21875,1592.878209217883,1.1880000000000002,5,1.102,5,4.0,5,2.2,5,11.8,5,0.2,1.3177947358143673,1.3177947358143673,1.113580920329288,0.39280245314833984,0.5921836719673371,0.39280245314833984,1
24-25-prem-wolverhampton-wanderers-vs-west-ham-united,2024-2025,,,30.0,2025-04-01 18:45:00+00:00,True,39.0,21.0,1.0,0.0,wolves,west-ham,fpl-core-insights,prem,1,0,0,0,5,17.15625,1505.226128501784,1.1880000000000002,5,1.35,5,4.0,5,1.2,5,11.2,5,0.2,5,17.15625,1557.149198058958,0.9540000000000001,5,1.1300000000000001,5,2.8,5,1.6,5,7.4,5,0.4,0.10826969772146143,0.10826969772146143,0.016999203962035227,0.0763653428155703,0.39304336670995704,0.0763653428155703,1
24-25-prem-nottingham-forest-vs-manchester-united,2024-2025,,,30.0,2025-04-01 19:00:00+00:00,True,17.0,1.0,1.0,0.0,nottingham-forest,manchester-united,fpl-core-insights,prem,1,0,0,0,5,17.166666666666668,1611.8372649641674,0.9719999999999999,5,1.472,5,3.8,5,1.6,5,11.2,5,0.4,5,16.0,1606.013231428667,1.016,5,1.6480000000000001,5,5.2,5,1.4,5,14.4,5,0.2,0.620985382872732,0.620985382872732,0.24270288604771506,0.4876192990253647,0.6889250561173068,0.4876192990253647,1
24-25-prem-afc-bournemouth-vs-ipswich-town,2024-2025,,,30.0,2025-04-02 18:45:00+00:00,True,91.0,40.0,1.0,2.0,bournemouth,ipswich,fpl-core-insights,prem,1,0,0,0,5,18.052083333333332,1583.1417333192921,1.4300000000000002,5,1.514,5,5.6,5,2.8,5,10.8,5,0.0,5,18.15625,1425.0307137586392,0.97,5,1.9259999999999997,5,4.6,5,1.6,5,10.0,5,0.0,0.4991466642704809,0.4991466642704809,0.3057763574682189,-0.4535899212223764,-0.30502180859436806,-0.4535899212223764,1
24-25-prem-brighton-&-hove-albion-vs-aston-villa,2024-2025,,,30.0,2025-04-02 18:45:00+00:00,True,36.0,7.0,0.0,3.0,brighton,aston-villa,fpl-core-insights,prem,1,0,0,0,5,18.15625,1632.7665962407411,2.278,5,0.95,5,5.6,5,5.8,5,11.8,5,0.4,5,25.052083333333332,1646.9478076502578,1.426,5,2.0639999999999996,5,4.4,5,3.0,5,7.8,5,0.2,0.6468535240945624,0.6468535240945624,0.6645407201196244,0.40532097925334104,0.7116329880230184,0.40532097925334104,1
24-25-prem-manchester-city-vs-leicester-city,2024-2025,,,30.0,2025-04-02 18:45:00+00:00,True,43.0,13.0,2.0,0.0,manchester-city,leicester,fpl-core-insights,prem,1,0,0,0,5,18.15625,1768.5393193717139,1.45,5,1.058,5,4.6,5,2.4,5,8.6,5,0.4,5,16.989583333333332,1432.189251892894,0.45,5,1.3840000000000001,5,2.6,5,1.0,5,10.8,5,0.0,1.2231077677327808,1.2231077677327808,1.0332130943346693,-0.27061188614586273,-0.13697377578255238,-0.27061188614586273,1
24-25-prem-newcastle-united-vs-brentford,2024-2025,,,30.0,2025-04-02 18:45:00+00:00,True,4.0,94.0,2.0,1.0,newcastle-united,brentford,fpl-core-insights,prem,1,0,0,0,5,22.947916666666668,1659.8289106307984,1.1540000000000004,5,1.534,5,2.6,5,2.2,5,9.4,5,0.2,5,18.052083333333332,1572.446663988593,1.264,5,1.1400000000000001,5,4.2,5,1.8,5,8.4,5,0.4,1.0999831705317713,1.0999831705317713,0.5727090699998499,0.4924365493963444,0.5517941630668591,0.4924365493963444,1
24-25-prem-southampton-vs-crystal-palace,2024-2025,,,30.0,2025-04-02 18:45:00+00:00,True,20.0,31.0,1.0,1.0,southampton,crystal-palace,fpl-core-insights,prem,1,0,0,0,5,18.15625,1354.0373872042692,0.674,5,2.442,5,2.8,5,1.4,5,11.2,5,0.0,5,25.15625,1603.9107831455333,2.636,5,0.8280000000000001,5,4.8,5,4.2,5,12.8,5,0.6,-0.5737417798140259,-0.5737417798140259,-0.7062328253885168,0.551262785612228,0.579770963889354,0.551262785612228,1
24-25-prem-liverpool-vs-everton,2024-2025,,,30.0,2025-04-02 19:00:00+00:00,True,14.0,11.0,1.0,0.0,liverpool,everton,fpl-core-insights,prem,1,0,0,0,5,25.166666666666668,1830.5292295776267,2.1399999999999997,5,0.6819999999999999,5,4.0,5,3.2,5,12.8,5,0.4,5,18.166666666666668,1565.2389743408826,1.33,5,1.042,5,5.4,5,2.4,5,11.4,5,0.0,1.4136903132961114,1.4136903132961114,1.2069454260244015,0.12928344355597512,0.529885083474246,0.12928344355597512,1
24-25-prem-chelsea-vs-tottenham-hotspur,2024-2025,,,30.0,2025-04-03 19:00:00+00:00,True,8.0,6.0,1.0,0.0,chelsea,tottenham,fpl-core-insights,prem,1,0,0,0,5,18.229166666666668,1654.184983076979,1.5080000000000002,5,1.0559999999999998,5,5.2,5,2.2,5,7.4,5,0.4,5,18.229166666666668,1576.575448151879,1.55,5,1.592,5,5.4,5,1.4,5,10.8,5,0.2,0.8852824226437839,0.8852824226437839,0.710058973497854,0.5668356994606666,0.7827389977657655,0.5668356994606666,1
24-25-prem-everton-vs-arsenal,2024-2025,,,31.0,2025-04-05 11:30:00+00:00,True,11.0,3.0,1.0,1.0,everton,arsenal,fpl-core-insights,prem,1,0,0,0,5,2.6875,1562.828861311009,1.272,5,0.976,5,4.2,5,2.4,5,12.6,5,0.0,5,3.6979166666666665,1794.6261368688693,1.384,5,0.868,5,3.4,5,1.6,5,6.8,5,0.4,0.5496128572739646,0.5496128572739646,0.15746597755557307,1.1028929194954795,1.3025261631946412,1.1028929194954795,1
24-25-prem-crystal-palace-vs-brighton-&-hove-albion,2024-2025,,,31.0,2025-04-05 14:00:00+00:00,True,31.0,36.0,2.0,1.0,crystal-palace,brighton,fpl-core-insights,prem,1,0,0,0,5,2.8020833333333335,1599.3770761821643,2.292,5,0.7060000000000001,5,4.8,5,3.6,5,13.4,5,0.4,5,2.8020833333333335,1620.89452093553,2.1740000000000004,5,1.092,5,5.4,5,4.8,5,11.8,5,0.2,0.5563937223816038,0.5563937223816038,0.5178667263154418,0.6181444777598873,0.5805731778663666,0.6181444777598873,1
24-25-prem-ipswich-town-vs-wolverhampton-wanderers,2024-2025,,,31.0,2025-04-05 14:00:00+00:00,True,40.0,39.0,1.0,2.0,ipswich,wolves,fpl-core-insights,prem,1,0,0,0,5,2.8020833333333335,1440.9805046595538,1.1300000000000001,5,1.8159999999999996,5,4.4,5,2.2,5,10.0,5,0.0,5,3.8020833333333335,1514.4197640574173,1.124,5,1.286,5,3.6,5,1.4,5,11.6,5,0.4,-0.27122020260657465,-0.27122020260657465,-0.4053019126683858,0.03870259106834373,0.1392745364447593,0.03870259106834373,1
24-25-prem-west-ham-united-vs-afc-bournemouth,2024-2025,,,31.0,2025-04-05 14:00:00+00:00,True,21.0,91.0,2.0,2.0,west-ham,bournemouth,fpl-core-insights,prem,1,0,0,0,5,3.8020833333333335,1547.9555625033247,1.058,5,1.034,5,2.4,5,2.2,5,9.4,5,0.4,5,2.8020833333333335,1567.1919424183775,1.564,5,1.59,5,5.6,5,2.6,5,11.8,5,0.0,0.37133997960364856,0.37133997960364856,0.04536050409227243,0.2719747514804255,0.45085865571649025,0.2719747514804255,1
24-25-prem-aston-villa-vs-nottingham-forest,2024-2025,,,31.0,2025-04-05 16:30:00+00:00,True,7.0,17.0,2.0,1.0,aston-villa,nottingham-forest,fpl-core-insights,prem,1,0,0,0,5,2.90625,1658.819882955469,1.192,5,2.17,5,4.2,5,2.2,5,9.2,5,0.4,5,3.8958333333333335,1619.4160977421304,0.984,5,1.362,5,3.8,5,1.6,5,11.2,5,0.6,0.7580292303827555,0.7580292303827555,0.4716013254815368,0.26222401958038416,0.6488727164908307,0.26222401958038416,1
24-25-prem-brentford-vs-chelsea,2024-2025,,,31.0,2025-04-06 13:00:00+00:00,True,94.0,8.0,0.0,0.0,brentford,chelsea,fpl-core-insights,prem,1,0,0,0,5,3.7604166666666665,1566.9232229083127,1.258,5,1.262,5,3.8,5,1.6,5,7.8,5,0.2,5,2.75,1659.9361451757277,1.6179999999999999,5,0.93,5,6.2,5,2.6,5,9.8,5,0.6,0.5478074724574465,0.5478074724574465,0.48674127709718357,0.7245024839609953,0.9059160090197,0.7245024839609953,1
24-25-prem-fulham-vs-liverpool,2024-2025,,,31.0,2025-04-06 13:00:00+00:00,True,54.0,14.0,3.0,2.0,fulham,liverpool,fpl-core-insights,prem,1,0,0,0,5,4.760416666666667,1589.5257636289693,0.95,5,1.4940000000000002,5,2.6,5,1.8,5,12.8,5,0.2,5,3.75,1832.9393426075003,2.086,5,0.516,5,4.0,5,3.0,5,12.2,5,0.6,0.6028716728011455,0.6028716728011455,0.4080710257680661,1.187217652224683,1.3855077792965134,1.187217652224683,1
24-25-prem-tottenham-hotspur-vs-southampton,2024-2025,,,31.0,2025-04-06 13:00:00+00:00,True,6.0,20.0,3.0,1.0,tottenham,southampton,fpl-core-insights,prem,1,0,0,0,5,2.75,1570.8242860531304,1.262,5,1.506,5,4.4,5,1.6,5,11.2,5,0.0,5,3.7604166666666665,1358.5710941676382,0.618,5,2.378,5,2.4,5,1.4,5,8.6,5,0.0,0.7682954873026242,0.7682954873026242,0.5462021130847504,-0.6828555838807666,-0.5403457205172397,-0.6828555838807666,1
24-25-prem-manchester-united-vs-manchester-city,2024-2025,,,31.0,2025-04-06 15:30:00+00:00,True,1.0,43.0,0.0,0.0,manchester-united,manchester-city,fpl-core-insights,prem,1,0,0,0,5,4.854166666666667,1598.434398650704,1.0379999999999998,5,1.298,5,5.2,5,1.6,5,13.4,5,0.2,5,3.8645833333333335,1770.207807481778,1.518,5,0.9760000000000002,5,4.2,5,2.0,5,8.8,5,0.4,0.6694039225846378,0.6694039225846378,0.459731965407266,1.0393589367559373,1.2318875426203064,1.0393589367559373,1
24-25-prem-leicester-city-vs-newcastle-united,2024-2025,,,31.0,2025-04-07 19:00:00+00:00,True,13.0,4.0,0.0,3.0,leicester,newcastle-united,fpl-core-insights,prem,1,0,0,0,5,5.010416666666667,1430.5207637828298,0.42000000000000004,5,1.556,5,2.2,5,0.8,5,10.0,5,0.0,5,5.010416666666667,1665.3523517110787,1.2899999999999998,5,1.5479999999999998,5,2.6,5,2.0,5,12.6,5,0.2,-0.14311961820382024,-0.14311961820382024,-0.27939166103338825,0.5766957606092625,1.105678442830932,0.5766957606092625,1
24-25-prem-manchester-city-vs-crystal-palace,2024-2025,,,32.0,2025-04-12 11:30:00+00:00,True,43.0,31.0,5.0,2.0,manchester-city,crystal-palace,fpl-core-insights,prem,1,0,0,0,5,5.833333333333333,1767.6261226444512,1.4620000000000002,5,0.9099999999999999,5,3.4,5,2.2,5,9.2,5,0.6,5,6.895833333333333,1607.7095325202852,2.07,5,0.7020000000000001,5,4.2,5,2.8,5,14.6,5,0.4,1.2179207729736623,1.2179207729736623,1.0194064086893027,0.5411582219771972,0.5896672876126828,0.5411582219771972,1
24-25-prem-brighton-&-hove-albion-vs-leicester-city,2024-2025,,,32.0,2025-04-12 14:00:00+00:00,True,36.0,13.0,2.0,2.0,brighton,leicester,fpl-core-insights,prem,1,0,0,0,5,7.0,1612.562064597409,1.568,5,1.1880000000000002,5,4.0,5,3.2,5,12.2,5,0.0,5,4.791666666666667,1424.7038581088882,0.41400000000000003,5,1.9080000000000001,5,2.0,5,0.6,5,11.0,5,0.0,0.5572816822046113,0.5572816822046113,0.5848709125288083,-0.3177634477691508,-0.19793645639776675,-0.3177634477691508,1
24-25-prem-nottingham-forest-vs-everton,2024-2025,,,32.0,2025-04-12 14:00:00+00:00,True,17.0,11.0,0.0,1.0,nottingham-forest,everton,fpl-core-insights,prem,1,0,0,0,5,6.895833333333333,1612.7236117693471,0.9219999999999999,5,1.386,5,3.4,5,0.8,5,9.6,5,0.6,5,7.104166666666667,1566.9396407974907,1.1,5,1.26,5,3.0,5,2.0,5,11.2,5,0.0,0.6373735699811145,0.6373735699811145,0.24579666742364684,0.1763472133858665,0.5765860513172409,0.1763472133858665,1
24-25-prem-southampton-vs-aston-villa,2024-2025,,,32.0,2025-04-12 14:00:00+00:00,True,20.0,7.0,0.0,3.0,southampton,aston-villa,fpl-core-insights,prem,1,0,0,0,5,6.041666666666667,1355.4353890926373,0.8,5,2.026,5,3.0,5,1.6,5,10.8,5,0.0,5,6.895833333333333,1665.5123689282523,1.6640000000000001,5,1.964,5,5.0,5,2.6,5,8.0,5,0.4,-0.5534501013895912,-0.5534501013895912,-0.7015761279841258,0.48310047199125294,0.7744565825394928,0.48310047199125294,1
24-25-prem-arsenal-vs-brentford,2024-2025,,,32.0,2025-04-12 16:30:00+00:00,True,3.0,94.0,1.0,1.0,arsenal,brentford,fpl-core-insights,prem,1,0,0,0,5,7.208333333333333,1790.5153573823875,1.506,5,0.8639999999999999,5,4.0,5,1.6,5,7.6,5,0.4,5,6.145833333333333,1567.2975898789086,1.198,5,1.424,5,3.0,5,1.4,5,8.0,5,0.2,1.2836449273643478,1.2836449273643478,1.0759197254522033,0.4931190153579272,0.5569185271156517,0.4931190153579272,1
24-25-prem-chelsea-vs-ipswich-town,2024-2025,,,32.0,2025-04-13 13:00:00+00:00,True,8.0,40.0,2.0,2.0,chelsea,ipswich,fpl-core-insights,prem,1,0,0,0,5,7.0,1659.5617782051318,1.4220000000000002,5,0.708,5,5.8,5,2.6,5,10.0,5,0.8,5,7.958333333333333,1430.7916938072178,1.1199999999999999,5,1.988,5,3.8,5,1.8,5,9.0,5,0.0,0.8995382707589564,0.8995382707589564,0.7153914293027901,-0.422953422508042,-0.29643664523465496,-0.422953422508042,1
24-25-prem-liverpool-vs-west-ham-united,2024-2025,,,32.0,2025-04-13 13:00:00+00:00,True,14.0,21.0,2.0,1.0,liverpool,west-ham,fpl-core-insights,prem,1,0,0,0,5,7.0,1818.5545858607334,1.8059999999999998,5,0.532,5,4.6,5,3.0,5,11.4,5,0.6,5,7.958333333333333,1546.2242608880106,0.974,5,1.22,5,2.6,5,2.2,5,10.4,5,0.2,1.3515328329869782,1.3515328329869782,1.1386820146396328,0.042386533089782796,0.36709144960009193,0.042386533089782796,1
24-25-prem-wolverhampton-wanderers-vs-tottenham-hotspur,2024-2025,,,32.0,2025-04-13 13:00:00+00:00,True,39.0,6.0,4.0,2.0,wolves,tottenham,fpl-core-insights,prem,1,0,0,0,5,7.958333333333333,1524.6085749097533,1.238,5,1.3820000000000001,5,4.0,5,1.6,5,10.2,5,0.2,5,7.0,1573.9599911281314,1.362,5,1.484,5,4.8,5,2.0,5,11.6,5,0.0,0.15692604628441553,0.15692604628441553,0.06391903369642407,0.5593064939571019,0.7870160314059834,0.5593064939571019,1
24-25-prem-newcastle-united-vs-manchester-united,2024-2025,,,32.0,2025-04-13 15:30:00+00:00,True,4.0,1.0,1.0,1.0,newcastle-united,manchester-united,fpl-core-insights,prem,1,0,0,0,5,5.854166666666667,1671.1692573850203,1.85,5,1.264,5,3.4,5,2.8,5,12.4,5,0.4,5,7.0,1601.0160834880307,1.032,5,0.99,5,4.8,5,1.6,5,12.0,5,0.4,1.1440502295666946,1.1440502295666946,0.6315125988032091,0.4736987350539102,0.6893564506512723,0.4736987350539102,1
24-25-prem-afc-bournemouth-vs-fulham,2024-2025,,,32.0,2025-04-14 19:00:00+00:00,True,91.0,54.0,1.0,0.0,bournemouth,fulham,fpl-core-insights,prem,1,0,0,0,5,9.208333333333334,1568.9232440336916,1.8699999999999999,5,1.32,5,5.8,5,2.8,5,13.0,5,0.0,5,8.25,1603.9105203757363,1.06,5,1.458,5,3.8,5,2.4,5,15.6,5,0.2,0.4538326267189799,0.4538326267189799,0.2762232814839821,0.4420459720776012,0.6514073103861957,0.4420459720776012,1
24-25-prem-newcastle-united-vs-crystal-palace,2024-2025,,,29.0,2025-04-16 11:30:00+00:00,True,4.0,31.0,5.0,0.0,newcastle-united,crystal-palace,fpl-core-insights,prem,1,0,0,0,5,2.8333333333333335,1667.097878747828,1.502,5,0.97,5,3.0,5,2.6,5,10.4,5,0.4,5,4.0,1603.6927912805065,2.226,5,1.388,5,3.8,5,3.0,5,13.4,5,0.2,1.1131814002913734,1.1131814002913734,0.6099044183104843,0.49154594898115306,0.5549386965154519,0.49154594898115306,1
24-25-prem-brentford-vs-brighton-&-hove-albion,2024-2025,,,33.0,2025-04-19 14:00:00+00:00,True,94.0,36.0,4.0,2.0,brentford,brighton,fpl-core-insights,prem,1,0,0,0,5,6.895833333333333,1574.325179576128,0.95,5,1.342,5,2.8,5,1.2,5,8.4,5,0.2,5,7.0,1606.0872035741054,1.8920000000000001,5,1.2200000000000002,5,4.6,5,3.6,5,12.0,5,0.0,0.5823520326117277,0.5823520326117277,0.5294525946380357,0.5659319214611649,0.5302259806794064,0.5659319214611649,1
24-25-prem-crystal-palace-vs-afc-bournemouth,2024-2025,,,33.0,2025-04-19 14:00:00+00:00,True,31.0,91.0,0.0,0.0,crystal-palace,bournemouth,fpl-core-insights,prem,1,0,0,0,5,3.1041666666666665,1597.6008686472385,1.764,5,1.6199999999999999,5,3.4,5,2.4,5,10.2,5,0.2,5,4.791666666666667,1577.634874089684,1.8700000000000003,5,1.05,5,5.4,5,2.8,5,11.6,5,0.2,0.5028800942365041,0.5028800942365041,0.4171765171540849,0.29814470413733785,0.48514894479520243,0.29814470413733785,1
24-25-prem-everton-vs-manchester-city,2024-2025,,,33.0,2025-04-19 14:00:00+00:00,True,11.0,43.0,0.0,2.0,everton,manchester-city,fpl-core-insights,prem,1,0,0,0,5,7.0,1580.4096966254904,1.0859999999999999,5,1.062,5,3.2,5,1.8,5,11.0,5,0.2,5,7.104166666666667,1771.6428638842299,1.764,5,1.0579999999999998,5,4.2,5,3.6,5,8.0,5,0.4,0.6056563531638445,0.6056563531638445,0.21787621602387158,1.0541349997865335,1.2675330459697065,1.0541349997865335,1
24-25-prem-west-ham-united-vs-southampton,2024-2025,,,33.0,2025-04-19 14:00:00+00:00,True,21.0,20.0,1.0,1.0,west-ham,southampton,fpl-core-insights,prem,1,0,0,0,5,6.041666666666667,1543.8987373201405,0.8899999999999999,5,1.482,5,3.0,5,2.2,5,9.4,5,0.0,5,7.0,1351.2337436101025,0.72,5,2.09,5,3.0,5,1.4,5,10.8,5,0.0,0.38565175789283157,0.38565175789283157,0.06890125922226803,-0.7368761783501767,-0.6038787447696639,-0.7368761783501767,1
24-25-prem-aston-villa-vs-newcastle-united,2024-2025,,,33.0,2025-04-19 16:30:00+00:00,True,7.0,4.0,4.0,1.0,aston-villa,newcastle-united,fpl-core-insights,prem,1,0,0,0,5,7.104166666666667,1669.714014410787,1.7740000000000002,5,1.568,5,5.8,5,3.0,5,8.4,5,0.6,5,3.2083333333333335,1673.189801381096,1.764,5,1.0299999999999998,5,4.4,5,3.4,5,8.8,5,0.6,0.8097566329055437,0.8097566329055437,0.5335291153713256,0.661963020589432,1.1875508321184416,0.661963020589432,1
24-25-prem-fulham-vs-chelsea,2024-2025,,,33.0,2025-04-20 13:00:00+00:00,True,54.0,8.0,1.0,2.0,fulham,chelsea,fpl-core-insights,prem,1,0,0,0,5,5.75,1595.198890319744,0.9360000000000002,5,1.488,5,4.2,5,1.8,5,14.2,5,0.2,5,7.0,1652.4542096712762,1.3380000000000003,5,0.792,5,5.6,5,2.2,5,9.6,5,0.6,0.62948588773284,0.62948588773284,0.41072965400137873,0.6877388883979878,0.8600346408949532,0.6877388883979878,1
24-25-prem-ipswich-town-vs-arsenal,2024-2025,,,33.0,2025-04-20 13:00:00+00:00,True,40.0,3.0,0.0,4.0,ipswich,arsenal,fpl-core-insights,prem,1,0,0,0,5,7.0,1437.8992623410734,1.0619999999999998,5,2.272,5,4.0,5,2.2,5,8.4,5,0.0,5,7.854166666666667,1783.4877676851681,1.5,5,0.8320000000000001,5,4.4,5,1.4,5,6.2,5,0.2,-0.2687841043298527,-0.2687841043298527,-0.38344979264403883,1.0504862199561273,1.2473113480842393,1.0504862199561273,1
24-25-prem-manchester-united-vs-wolverhampton-wanderers,2024-2025,,,33.0,2025-04-20 13:00:00+00:00,True,1.0,39.0,0.0,1.0,manchester-united,wolves,fpl-core-insights,prem,1,0,0,0,5,6.895833333333333,1605.087462125223,0.9520000000000002,5,0.938,5,4.2,5,1.4,5,11.4,5,0.4,5,7.0,1533.728718821782,1.4639999999999997,5,1.4200000000000002,5,4.0,5,2.4,5,12.4,5,0.2,0.7109646311439971,0.7109646311439971,0.5045675643292313,0.10305923040180773,0.21284061300639218,0.10305923040180773,1
24-25-prem-leicester-city-vs-liverpool,2024-2025,,,33.0,2025-04-20 15:30:00+00:00,True,13.0,14.0,0.0,0.0,leicester,liverpool,fpl-core-insights,prem,1,0,0,0,5,8.0625,1431.1787191321919,0.664,5,2.45,5,2.8,5,1.0,5,10.8,5,0.0,5,7.104166666666667,1820.8801094286034,2.0,5,0.584,5,5.0,5,3.2,5,11.0,5,0.4,-0.17899746533012337,-0.17899746533012337,-0.29070774624394596,1.1201217063468931,1.325018106854493,1.1201217063468931,1
24-25-prem-tottenham-hotspur-vs-nottingham-forest,2024-2025,,,33.0,2025-04-21 19:00:00+00:00,True,6.0,17.0,1.0,2.0,tottenham,nottingham-forest,fpl-core-insights,prem,1,0,0,0,5,8.25,1564.8398472161027,1.472,5,1.548,5,4.4,5,2.0,5,10.4,5,0.0,5,9.208333333333334,1599.2535559413475,0.9400000000000001,5,1.448,5,4.0,5,0.6,5,9.6,5,0.4,0.7478758347005998,0.7478758347005998,0.5033919272351252,0.21672636557704328,0.5958445673431094,0.21672636557704328,1
24-25-prem-manchester-city-vs-aston-villa,2024-2025,,,34.0,2025-04-22 19:00:00+00:00,True,43.0,7.0,2.0,1.0,manchester-city,aston-villa,fpl-core-insights,prem,1,0,0,0,5,3.2083333333333335,1778.5463951107495,2.0100000000000002,5,1.0979999999999999,5,5.0,5,4.2,5,6.2,5,0.6,5,3.1041666666666665,1677.5464092855757,2.1499999999999995,5,0.9059999999999999,5,7.2,5,3.6,5,10.6,5,0.6,1.2947514919378273,1.2947514919378273,1.093018494026706,0.5761461488128421,0.8706381092505673,0.5761461488128421,1
24-25-prem-arsenal-vs-crystal-palace,2024-2025,,,34.0,2025-04-23 19:00:00+00:00,True,3.0,31.0,2.0,2.0,arsenal,crystal-palace,fpl-core-insights,prem,1,0,0,0,5,3.25,1787.0510068458905,1.72,5,0.5700000000000001,5,4.6,5,1.6,5,7.0,5,0.4,5,4.208333333333333,1594.8004706255329,1.186,5,1.4620000000000002,5,2.6,5,1.4,5,8.8,5,0.2,1.2875847416996273,1.2875847416996273,1.1080196394066817,0.41098871768618944,0.49404038071093925,0.41098871768618944,1
24-25-prem-chelsea-vs-everton,2024-2025,,,34.0,2025-04-26 11:30:00+00:00,True,8.0,11.0,1.0,0.0,chelsea,everton,fpl-core-insights,prem,1,0,0,0,5,5.9375,1663.107920623831,1.176,5,0.8159999999999998,5,5.8,5,2.2,5,8.8,5,0.4,5,6.895833333333333,1573.5061653989708,0.9899999999999999,5,1.326,5,2.8,5,1.6,5,10.0,5,0.2,0.8809547446290507,0.8809547446290507,0.7176247508752699,0.19065777005575082,0.5667728589236719,0.19065777005575082,1
24-25-prem-brighton-&-hove-albion-vs-west-ham-united,2024-2025,,,34.0,2025-04-26 14:00:00+00:00,True,36.0,21.0,3.0,2.0,brighton,west-ham,fpl-core-insights,prem,1,0,0,0,5,7.0,1597.466751189259,1.834,5,1.484,5,4.4,5,3.4,5,12.4,5,0.0,5,7.0,1537.3442460516846,0.906,5,1.3539999999999999,5,3.4,5,2.0,5,9.2,5,0.0,0.495366606682089,0.495366606682089,0.5161328157507115,0.045143363524697416,0.3517119068963021,0.045143363524697416,1
24-25-prem-newcastle-united-vs-ipswich-town,2024-2025,,,34.0,2025-04-26 14:00:00+00:00,True,4.0,40.0,3.0,0.0,newcastle-united,ipswich,fpl-core-insights,prem,1,0,0,0,5,6.895833333333333,1665.3574065063074,1.684,5,1.3379999999999999,5,4.4,5,3.2,5,8.8,5,0.4,5,6.041666666666667,1434.336023180351,0.808,5,2.164,5,2.4,5,1.4,5,8.0,5,0.0,1.144933798676925,1.144933798676925,0.6010815442444084,-0.4237231862594269,-0.3263175237804071,-0.4237231862594269,1
24-25-prem-southampton-vs-fulham,2024-2025,,,34.0,2025-04-26 14:00:00+00:00,True,20.0,54.0,1.0,2.0,southampton,fulham,fpl-core-insights,prem,1,0,0,0,5,7.0,1357.7882348785583,0.8,5,1.426,5,3.0,5,1.4,5,10.8,5,0.0,5,6.041666666666667,1584.5451793671891,0.8,5,1.374,5,4.2,5,1.6,5,14.8,5,0.2,-0.5801208490720933,-0.5801208490720933,-0.7029363273536473,0.38980955026728126,0.5996000252555579,0.38980955026728126,1
24-25-prem-wolverhampton-wanderers-vs-leicester-city,2024-2025,,,34.0,2025-04-26 14:00:00+00:00,True,39.0,13.0,3.0,0.0,wolves,leicester,fpl-core-insights,prem,1,0,0,0,5,6.041666666666667,1547.829003820852,1.3599999999999999,5,1.3579999999999999,5,3.8,5,2.2,5,12.8,5,0.4,5,5.9375,1438.2995262567479,0.66,5,2.26,5,2.2,5,1.0,5,9.8,5,0.2,0.24387052141765025,0.24387052141765025,0.14738767098931926,-0.2613345024014621,-0.13703568841228925,-0.2613345024014621,1
24-25-prem-afc-bournemouth-vs-manchester-united,2024-2025,,,34.0,2025-04-27 13:00:00+00:00,True,91.0,1.0,1.0,1.0,bournemouth,manchester-united,fpl-core-insights,prem,1,0,0,0,5,7.958333333333333,1580.4352721113896,1.568,5,0.818,5,4.6,5,1.8,5,9.8,5,0.4,5,7.0,1590.987177126153,0.868,5,0.6639999999999999,5,3.4,5,1.2,5,12.0,5,0.4,0.49133674426309787,0.49133674426309787,0.30698441766290274,0.47353765591797325,0.6666361905564856,0.47353765591797325,1
24-25-prem-liverpool-vs-tottenham-hotspur,2024-2025,,,34.0,2025-04-27 15:30:00+00:00,True,14.0,6.0,5.0,1.0,liverpool,tottenham,fpl-core-insights,prem,1,0,0,0,5,7.0,1813.7593023040474,1.826,5,0.554,5,5.8,5,3.4,5,9.8,5,0.4,5,5.854166666666667,1553.5352461618377,1.594,5,1.204,5,4.8,5,2.6,5,10.2,5,0.0,1.2956448630120092,1.2956448630120092,1.078159929429059,0.4729601671064997,0.7044018916597063,0.4729601671064997,1
24-25-prem-nottingham-forest-vs-brentford,2024-2025,,,34.0,2025-05-01 18:30:00+00:00,True,17.0,94.0,0.0,2.0,nottingham-forest,brentford,fpl-core-insights,prem,1,0,0,0,5,9.979166666666666,1610.5581569956125,0.8899999999999999,5,1.704,5,3.8,5,0.8,5,11.6,5,0.2,5,12.1875,1582.9456319609744,1.2280000000000002,5,1.326,5,3.8,5,2.4,5,9.6,5,0.2,0.6262763274717349,0.6262763274717349,0.2602003086179368,0.5643119686353532,0.6321511383221812,0.5643119686353532,1
24-25-prem-manchester-city-vs-wolverhampton-wanderers,2024-2025,,,35.0,2025-05-02 19:00:00+00:00,True,43.0,39.0,1.0,0.0,manchester-city,wolves,fpl-core-insights,prem,1,0,0,0,5,10.0,1783.7619903425307,1.884,5,1.026,5,5.6,5,3.8,5,5.4,5,0.6,5,6.208333333333333,1552.8575312642658,1.6919999999999997,5,1.314,5,4.4,5,2.4,5,12.2,5,0.6,1.2885678237882918,1.2885678237882918,1.088689926322031,0.18802706704218136,0.30192680149316753,0.18802706704218136,1
24-25-prem-aston-villa-vs-fulham,2024-2025,,,35.0,2025-05-03 11:30:00+00:00,True,7.0,54.0,1.0,0.0,aston-villa,fulham,fpl-core-insights,prem,1,0,0,0,5,10.6875,1672.3308140537945,2.2199999999999998,5,0.958,5,7.0,5,4.0,5,11.8,5,0.4,5,6.895833333333333,1590.5556719122308,1.09,5,1.31,5,4.4,5,1.4,5,13.0,5,0.0,0.8749666769552421,0.8749666769552421,0.5823298169623776,0.3937535356995473,0.6023608150581441,0.3937535356995473,1
24-25-prem-everton-vs-ipswich-town,2024-2025,,,35.0,2025-05-03 14:00:00+00:00,True,11.0,40.0,2.0,2.0,everton,ipswich,fpl-core-insights,prem,1,0,0,0,5,7.104166666666667,1568.0336587556583,0.8780000000000001,5,1.3359999999999999,5,2.4,5,1.8,5,10.8,5,0.2,5,7.0,1431.4755077259354,0.744,5,2.43,5,1.6,5,1.4,5,8.0,5,0.0,0.5611859470457727,0.5611859470457727,0.18267646737303775,-0.4598375393021577,-0.3515975709103187,-0.4598375393021577,1
24-25-prem-leicester-city-vs-southampton,2024-2025,,,35.0,2025-05-03 14:00:00+00:00,True,13.0,20.0,2.0,0.0,leicester,southampton,fpl-core-insights,prem,1,0,0,0,5,7.0,1433.270998813334,0.6799999999999999,5,2.4819999999999998,5,2.0,5,0.6,5,10.2,5,0.2,5,7.0,1351.7777423335167,0.6519999999999999,5,1.8379999999999999,5,3.0,5,1.0,5,9.6,5,0.0,-0.17767508446515135,-0.17767508446515135,-0.3193907824769794,-0.7056971171562335,-0.5840648345043593,-0.7056971171562335,1
24-25-prem-arsenal-vs-afc-bournemouth,2024-2025,,,35.0,2025-05-03 16:30:00+00:00,True,3.0,91.0,1.0,2.0,arsenal,bournemouth,fpl-core-insights,prem,1,0,0,0,5,9.895833333333334,1780.5033250642646,1.814,5,0.8600000000000001,5,5.0,5,2.4,5,6.8,5,0.2,5,6.145833333333333,1578.4625983254896,1.34,5,1.156,5,3.8,5,1.4,5,8.4,5,0.4,1.2492934941184548,1.2492934941184548,1.081215766099861,0.3063590741658564,0.49044339641017454,0.3063590741658564,1
24-25-prem-brentford-vs-manchester-united,2024-2025,,,35.0,2025-05-04 13:00:00+00:00,True,94.0,1.0,4.0,3.0,brentford,manchester-united,fpl-core-insights,prem,1,0,0,0,5,2.7708333333333335,1595.9475805166096,1.32,5,1.1720000000000002,5,3.6,5,2.6,5,10.4,5,0.4,5,7.0,1592.959850912053,1.19,5,0.5599999999999999,5,3.6,5,1.6,5,11.6,5,0.2,0.6680089161551392,0.6680089161551392,0.615537365539579,0.4744310037708966,0.667261534053532,0.4744310037708966,1
24-25-prem-brighton-&-hove-albion-vs-newcastle-united,2024-2025,,,35.0,2025-05-04 13:00:00+00:00,True,36.0,4.0,1.0,1.0,brighton,newcastle-united,fpl-core-insights,prem,1,0,0,0,5,7.958333333333333,1603.6390183640883,1.688,5,1.3940000000000001,5,5.6,5,2.6,5,13.0,5,0.0,5,7.958333333333333,1668.217921960723,1.968,5,1.0319999999999998,5,4.6,5,4.0,5,5.8,5,0.6,0.5160134799480447,0.5160134799480447,0.5305856270368805,0.6263615913743199,1.1810481517196558,0.6263615913743199,1
24-25-prem-west-ham-united-vs-tottenham-hotspur,2024-2025,,,35.0,2025-05-04 13:00:00+00:00,True,21.0,6.0,1.0,1.0,west-ham,tottenham,fpl-core-insights,prem,1,0,0,0,5,7.958333333333333,1531.1719788768553,0.9940000000000001,5,1.416,5,3.2,5,2.2,5,8.2,5,0.0,5,6.895833333333333,1551.0626287348373,1.496,5,1.466,5,4.6,5,2.4,5,8.6,5,0.0,0.33725909561013306,0.33725909561013306,0.02449649025874165,0.41287662167115935,0.6623434098549681,0.41287662167115935,1
24-25-prem-chelsea-vs-liverpool,2024-2025,,,35.0,2025-05-04 15:30:00+00:00,True,8.0,14.0,1.0,0.0,chelsea,liverpool,fpl-core-insights,prem,1,0,0,0,5,8.166666666666666,1668.5804272671435,1.28,5,0.7619999999999999,5,6.8,5,2.4,5,10.0,5,0.6,5,7.0,1816.2319197310478,1.4579999999999997,5,0.5740000000000001,5,6.0,5,2.2,5,9.4,5,0.4,0.8889360473117638,0.8889360473117638,0.7232116627531691,1.1202184112337972,1.3557284084473495,1.1202184112337972,1
24-25-prem-crystal-palace-vs-nottingham-forest,2024-2025,,,35.0,2025-05-05 19:00:00+00:00,True,31.0,17.0,1.0,1.0,crystal-palace,nottingham-forest,fpl-core-insights,prem,1,0,0,0,5,12.0,1601.3481524071588,1.3719999999999999,5,1.596,5,2.8,5,2.2,5,8.2,5,0.2,5,4.020833333333333,1597.5562084399774,0.766,5,1.8780000000000001,5,3.6,5,0.2,5,10.2,5,0.2,0.5208442540177599,0.5208442540177599,0.44927996526736186,0.22434253078497868,0.575050930567509,0.22434253078497868,1
24-25-prem-fulham-vs-everton,2024-2025,,,36.0,2025-05-10 14:00:00+00:00,True,54.0,11.0,1.0,3.0,fulham,everton,fpl-core-insights,prem,1,0,0,0,5,7.104166666666667,1584.9022586533442,1.034,5,1.01,5,4.4,5,1.2,5,13.0,5,0.0,5,7.0,1562.4994127946147,0.858,5,1.22,5,3.0,5,1.8,5,10.6,5,0.2,0.5917217295011626,0.5917217295011626,0.37855484204671663,0.16116931293639833,0.5304614407077164,0.16116931293639833,1
24-25-prem-ipswich-town-vs-brentford,2024-2025,,,36.0,2025-05-10 14:00:00+00:00,True,40.0,94.0,0.0,1.0,ipswich,brentford,fpl-core-insights,prem,1,0,0,0,5,7.0,1437.009753686979,0.672,5,2.17,5,2.2,5,1.0,5,8.6,5,0.0,5,6.041666666666667,1603.6034136589883,1.5080000000000002,5,1.1860000000000002,5,4.2,5,3.6,5,10.8,5,0.4,-0.33009041647367926,-0.33009041647367926,-0.42911303296410136,0.6337535649890691,0.6940320582258394,0.6337535649890691,1
24-25-prem-southampton-vs-manchester-city,2024-2025,,,36.0,2025-05-10 14:00:00+00:00,True,20.0,43.0,0.0,0.0,southampton,manchester-city,fpl-core-insights,prem,1,0,0,0,5,7.0,1346.1177462680305,0.656,5,1.9159999999999997,5,3.0,5,1.0,5,10.6,5,0.0,5,7.791666666666667,1786.6241561493296,1.566,5,1.1,5,5.0,5,3.6,5,6.2,5,0.6,-0.6123711300638991,-0.6123711300638991,-0.7461346822412903,1.0750457371936843,1.2690761250335105,1.0750457371936843,1
24-25-prem-wolverhampton-wanderers-vs-brighton-&-hove-albion,2024-2025,,,36.0,2025-05-10 14:00:00+00:00,True,39.0,36.0,0.0,2.0,wolves,brighton,fpl-core-insights,prem,1,0,0,0,5,7.791666666666667,1549.995365457467,1.544,5,1.1760000000000002,5,4.2,5,2.4,5,13.4,5,0.4,5,6.041666666666667,1603.195454776079,1.6320000000000001,5,1.4940000000000002,5,5.2,5,2.8,5,12.8,5,0.0,0.3155709906215144,0.3155709906215144,0.20751876579696257,0.5345246203525892,0.5216406132561999,0.5345246203525892,1
24-25-prem-afc-bournemouth-vs-aston-villa,2024-2025,,,36.0,2025-05-10 16:30:00+00:00,True,91.0,7.0,0.0,1.0,bournemouth,aston-villa,fpl-core-insights,prem,1,0,0,0,5,7.0,1595.1683001312842,1.16,5,1.206,5,2.8,5,1.6,5,7.2,5,0.4,5,7.208333333333333,1677.984227312681,2.146,5,0.9199999999999999,5,6.6,5,4.2,5,10.0,5,0.4,0.5289736952315005,0.5289736952315005,0.36140235819632216,0.5929689025193591,0.8901653706080728,0.5929689025193591,1
24-25-prem-newcastle-united-vs-chelsea,2024-2025,,,36.0,2025-05-11 11:00:00+00:00,True,4.0,8.0,2.0,0.0,newcastle-united,chelsea,fpl-core-insights,prem,1,0,0,0,5,6.916666666666667,1668.6614855487323,1.6620000000000001,5,1.06,5,4.6,5,3.4,5,4.8,5,0.4,5,6.8125,1680.5033526512325,1.282,5,0.67,5,6.2,5,2.0,5,8.2,5,0.6,1.177109158403947,1.177109158403947,0.6207344580661647,0.7509476381075966,0.9285588692466603,0.7509476381075966,1
24-25-prem-manchester-united-vs-west-ham-united,2024-2025,,,36.0,2025-05-11 13:15:00+00:00,True,1.0,21.0,0.0,2.0,manchester-united,west-ham,fpl-core-insights,prem,1,0,0,0,5,7.010416666666667,1585.3040177696744,1.1640000000000001,5,0.9780000000000001,5,3.4,5,1.2,5,11.0,5,0.2,5,7.010416666666667,1529.4589501466778,0.9460000000000001,5,1.28,5,3.4,5,1.8,5,8.4,5,0.0,0.6490453346040419,0.6490453346040419,0.44840786170019653,0.02687651189047919,0.34065912651261526,0.02687651189047919,1
24-25-prem-nottingham-forest-vs-leicester-city,2024-2025,,,36.0,2025-05-11 13:15:00+00:00,True,17.0,13.0,2.0,2.0,nottingham-forest,leicester,fpl-core-insights,prem,1,0,0,0,5,5.760416666666667,1599.9222385821317,0.812,5,2.064,5,4.0,5,0.2,5,10.2,5,0.0,5,7.96875,1438.9309948788202,0.9199999999999999,5,2.1399999999999997,5,2.8,5,1.0,5,9.6,5,0.4,0.5835132607038432,0.5835132607038432,0.23643157383688473,-0.2910844869174396,-0.13723751938009449,-0.2910844869174396,1
24-25-prem-tottenham-hotspur-vs-crystal-palace,2024-2025,,,36.0,2025-05-11 13:15:00+00:00,True,6.0,31.0,0.0,2.0,tottenham,crystal-palace,fpl-core-insights,prem,1,0,0,0,5,7.010416666666667,1552.7756574650148,1.4380000000000002,5,1.468,5,4.6,5,2.4,5,8.6,5,0.0,5,5.760416666666667,1598.9821222650044,1.762,5,1.5499999999999998,5,2.8,5,2.6,5,6.4,5,0.2,0.6599633882232305,0.6599633882232305,0.40947659076867715,0.4408176351310276,0.5087552109658539,0.4408176351310276,1
24-25-prem-liverpool-vs-arsenal,2024-2025,,,36.0,2025-05-11 15:30:00+00:00,True,14.0,3.0,2.0,0.0,liverpool,arsenal,fpl-core-insights,prem,1,0,0,0,5,7.0,1804.3089943469588,1.246,5,0.66,5,5.6,5,2.0,5,8.8,5,0.2,5,7.958333333333333,1763.79762325847,1.6219999999999999,5,0.8560000000000001,5,5.0,5,2.6,5,7.4,5,0.2,1.327992433092922,1.327992433092922,1.0805955892989008,1.0426854672785348,1.194250210087989,1.0426854672785348,1
24-25-prem-aston-villa-vs-tottenham-hotspur,2024-2025,,,37.0,2025-05-16 18:30:00+00:00,True,7.0,6.0,2.0,0.0,aston-villa,tottenham,fpl-core-insights,prem,1,0,0,0,5,6.083333333333333,1687.9031801879291,1.736,5,0.784,5,5.6,5,3.8,5,10.2,5,0.6,5,5.21875,1541.8060570753485,1.132,5,1.938,5,3.2,5,2.0,5,8.8,5,0.0,0.9110617882919263,0.9110617882919263,0.6228209277820069,0.3717852410871255,0.6061186029638711,0.3717852410871255,1
24-25-prem-chelsea-vs-manchester-united,2024-2025,,,37.0,2025-05-16 19:15:00+00:00,True,8.0,1.0,1.0,0.0,chelsea,manchester-united,fpl-core-insights,prem,1,0,0,0,5,5.34375,1672.440317171922,1.142,5,0.8039999999999999,5,5.8,5,1.6,5,8.2,5,0.4,5,5.25,1571.5818534747755,1.544,5,1.216,5,4.2,5,1.8,5,11.6,5,0.0,0.901813583393115,0.901813583393115,0.7127400868882461,0.4073000539208312,0.5903198949192342,0.4073000539208312,1
24-25-prem-everton-vs-southampton,2024-2025,,,37.0,2025-05-18 11:00:00+00:00,True,11.0,20.0,2.0,0.0,everton,southampton,fpl-core-insights,prem,1,0,0,0,5,7.875,1575.3643208698509,0.858,5,1.0479999999999998,5,4.0,5,2.0,5,9.8,5,0.2,5,7.875,1353.88721452908,0.47000000000000003,5,1.8519999999999999,5,2.2,5,0.8,5,8.6,5,0.2,0.5699279473459264,0.5699279473459264,0.21755003670526984,-0.7123451058816814,-0.5641003066930292,-0.7123451058816814,1
24-25-prem-west-ham-united-vs-nottingham-forest,2024-2025,,,37.0,2025-05-18 13:15:00+00:00,True,21.0,17.0,1.0,2.0,west-ham,nottingham-forest,fpl-core-insights,prem,1,0,0,0,5,7.0,1543.1811144415767,1.1280000000000001,5,1.3059999999999998,5,3.6,5,2.2,5,9.0,5,0.2,5,7.0,1593.9191586651655,0.778,5,1.6720000000000002,5,4.2,5,1.0,5,9.2,5,0.0,0.3817669342919806,0.3817669342919806,0.08560195157528686,0.2173987893027595,0.5563235685122357,0.2173987893027595,1
24-25-prem-brentford-vs-fulham,2024-2025,,,37.0,2025-05-18 14:00:00+00:00,True,94.0,54.0,2.0,3.0,brentford,fulham,fpl-core-insights,prem,1,0,0,0,5,8.0,1611.161404559381,1.506,5,1.0719999999999998,5,4.8,5,3.4,5,10.0,5,0.4,5,8.0,1572.037350578108,1.0779999999999998,5,0.9979999999999999,5,4.4,5,0.8,5,11.0,5,0.0,0.696641198742123,0.696641198742123,0.63748090858376,0.3390883354085066,0.5353410057322912,0.3390883354085066,1
24-25-prem-leicester-city-vs-ipswich-town,2024-2025,,,37.0,2025-05-18 14:00:00+00:00,True,13.0,40.0,2.0,0.0,leicester,ipswich,fpl-core-insights,prem,1,0,0,0,5,7.03125,1444.9340747957865,1.038,5,1.746,5,3.6,5,1.6,5,9.0,5,0.4,5,8.0,1429.4517627865862,0.602,5,1.8980000000000004,5,2.6,5,1.0,5,8.8,5,0.0,-0.11820473484596924,-0.11820473484596924,-0.2638947947258321,-0.431722173480385,-0.33381776006837016,-0.431722173480385,1
24-25-prem-arsenal-vs-newcastle-united,2024-2025,,,37.0,2025-05-18 15:30:00+00:00,True,3.0,4.0,0.0,0.0,arsenal,newcastle-united,fpl-core-insights,prem,1,0,0,0,5,7.0,1757.1334987313753,1.482,5,1.0579999999999998,5,4.4,5,3.0,5,7.8,5,0.2,5,7.1875,1676.7245210280428,1.8060000000000003,5,1.1199999999999999,5,5.2,5,3.0,5,5.4,5,0.6,1.1655812729945139,1.1655812729945139,1.0017298428592845,0.64747974391971,1.2153167096232975,0.64747974391971,1
24-25-prem-brighton-&-hove-albion-vs-liverpool,2024-2025,,,37.0,2025-05-19 19:00:00+00:00,True,36.0,14.0,3.0,2.0,brighton,liverpool,fpl-core-insights,prem,1,0,0,0,5,9.208333333333334,1613.965291969002,1.746,5,1.554,5,4.6,5,2.8,5,13.6,5,0.2,5,8.145833333333334,1810.9731188740534,1.436,5,0.736,5,5.2,5,2.0,5,8.8,5,0.4,0.5541265268781277,0.5541265268781277,0.5809330683839146,1.109264526392376,1.3689480575121724,1.109264526392376,1
24-25-prem-crystal-palace-vs-wolverhampton-wanderers,2024-2025,,,37.0,2025-05-20 19:00:00+00:00,True,31.0,39.0,4.0,2.0,crystal-palace,wolves,fpl-core-insights,prem,1,0,0,0,5,9.239583333333334,1609.9517226546707,2.0260000000000002,5,0.96,5,4.2,5,3.6,5,7.0,5,0.4,5,10.208333333333334,1539.225528264544,1.2120000000000002,5,1.258,5,3.4,5,1.8,5,14.0,5,0.4,0.5464465606474055,0.5464465606474055,0.49466242039038705,0.1750328521750348,0.269162542590189,0.1750328521750348,1
24-25-prem-manchester-city-vs-afc-bournemouth,2024-2025,,,37.0,2025-05-20 19:00:00+00:00,True,43.0,91.0,3.0,1.0,manchester-city,bournemouth,fpl-core-insights,prem,1,0,0,0,5,10.208333333333334,1778.85468788828,1.8699999999999999,5,1.046,5,5.8,5,3.4,5,6.6,5,0.6,5,10.104166666666666,1585.2493472560361,0.8899999999999999,5,1.2719999999999998,5,2.8,5,1.6,5,6.6,5,0.4,1.2352865486739015,1.2352865486739015,1.0267749138228144,0.34050594051246863,0.49912166996885265,0.34050594051246863,1
24-25-prem-afc-bournemouth-vs-leicester-city,2024-2025,,,38.0,2025-05-25 15:00:00+00:00,True,91.0,13.0,2.0,0.0,bournemouth,leicester,fpl-core-insights,prem,1,0,0,0,5,4.833333333333333,1581.8192488634065,0.8220000000000001,5,1.366,5,2.6,5,1.6,5,6.4,5,0.2,5,7.041666666666667,1452.2530317910162,0.8540000000000001,5,1.25,5,3.0,5,1.2,5,10.4,5,0.6,0.4818505719294733,0.4818505719294733,0.3158329433133552,-0.23216463868267267,-0.07287594049859862,-0.23216463868267267,1
24-25-prem-fulham-vs-manchester-city,2024-2025,,,38.0,2025-05-25 15:00:00+00:00,True,54.0,43.0,0.0,2.0,fulham,manchester-city,fpl-core-insights,prem,1,0,0,0,5,7.041666666666667,1585.3376921700878,1.044,5,1.306,5,4.4,5,1.0,5,11.4,5,0.0,5,4.833333333333333,1782.2847862809097,1.452,5,0.8559999999999999,5,5.0,5,1.8,5,5.8,5,0.6,0.5634146884996942,0.5634146884996942,0.37919359650479667,1.0440460118621937,1.2599595458730148,1.0440460118621937,1
24-25-prem-ipswich-town-vs-west-ham-united,2024-2025,,,38.0,2025-05-25 15:00:00+00:00,True,40.0,21.0,1.0,3.0,ipswich,west-ham,fpl-core-insights,prem,1,0,0,0,5,7.041666666666667,1422.1328057913565,0.686,5,1.61,5,2.2,5,0.6,5,9.4,5,0.0,5,7.072916666666667,1532.3408734516743,1.1420000000000001,5,1.3519999999999999,5,3.8,5,1.4,5,11.0,5,0.2,-0.3655479161115296,-0.3655479161115296,-0.47705096782775563,0.06103620109013097,0.3466730050274722,0.06103620109013097,1
24-25-prem-liverpool-vs-crystal-palace,2024-2025,,,38.0,2025-05-25 15:00:00+00:00,True,14.0,31.0,1.0,1.0,liverpool,crystal-palace,fpl-core-insights,prem,1,0,0,0,5,5.833333333333333,1797.7271613831917,1.546,5,0.9940000000000001,5,5.0,5,2.2,5,7.0,5,0.4,5,4.833333333333333,1615.8665942833306,1.9580000000000002,5,0.9339999999999999,5,5.4,5,3.4,5,8.6,5,0.4,1.3359358463601811,1.3359358463601811,1.062104224746674,0.52544063743972,0.5904154421464526,0.52544063743972,1
24-25-prem-manchester-united-vs-aston-villa,2024-2025,,,38.0,2025-05-25 15:00:00+00:00,True,1.0,7.0,2.0,0.0,manchester-united,aston-villa,fpl-core-insights,prem,1,0,0,0,5,8.822916666666666,1566.3631167044148,1.54,5,1.1480000000000001,5,3.8,5,1.6,5,12.8,5,0.0,5,8.854166666666666,1692.1813676126824,1.4379999999999997,5,0.8219999999999998,5,5.0,5,3.4,5,10.8,5,0.6,0.5802953459559209,0.5802953459559209,0.39297926968752644,0.649656220392219,0.9493979205922293,0.649656220392219,1
24-25-prem-newcastle-united-vs-everton,2024-2025,,,38.0,2025-05-25 15:00:00+00:00,True,4.0,11.0,0.0,1.0,newcastle-united,everton,fpl-core-insights,prem,1,0,0,0,5,6.979166666666667,1681.0391608736288,1.738,5,0.8240000000000001,5,4.8,5,2.4,5,6.2,5,0.6,5,7.166666666666667,1578.3621777870494,1.076,5,1.182,5,4.0,5,2.4,5,11.4,5,0.2,1.2341267764050334,1.2341267764050334,0.6743512678936185,0.23492901570909153,0.5947550602085289,0.23492901570909153,1
24-25-prem-nottingham-forest-vs-chelsea,2024-2025,,,38.0,2025-05-25 15:00:00+00:00,True,17.0,8.0,0.0,1.0,nottingham-forest,chelsea,fpl-core-insights,prem,1,0,0,0,5,7.072916666666667,1604.759399655068,1.0619999999999998,5,1.608,5,4.2,5,2.0,5,11.0,5,0.0,5,8.822916666666666,1677.6590539422828,0.8800000000000001,5,0.6359999999999999,5,4.6,5,1.4,5,9.8,5,0.6,0.5808893189973916,0.5808893189973916,0.2524927185672679,0.7227646358515594,0.9161343676264198,0.7227646358515594,1
24-25-prem-southampton-vs-arsenal,2024-2025,,,38.0,2025-05-25 15:00:00+00:00,True,20.0,3.0,1.0,2.0,southampton,arsenal,fpl-core-insights,prem,1,0,0,0,5,7.166666666666667,1350.8893576118815,0.6380000000000001,5,1.754,5,2.2,5,0.8,5,9.4,5,0.2,5,6.979166666666667,1752.8188588857893,1.3940000000000001,5,1.2500000000000002,5,4.4,5,3.0,5,8.6,5,0.4,-0.5814792856968509,-0.5814792856968509,-0.7371722187442838,0.9829197760775484,1.1387097490206053,0.9829197760775484,1
24-25-prem-tottenham-hotspur-vs-brighton-&-hove-albion,2024-2025,,,38.0,2025-05-25 15:00:00+00:00,True,6.0,36.0,1.0,4.0,tottenham,brighton,fpl-core-insights,prem,1,0,0,0,5,8.854166666666666,1537.5278696505952,0.858,5,1.7280000000000002,5,2.6,5,1.8,5,7.8,5,0.0,5,5.833333333333333,1627.2112494598637,1.3780000000000001,5,1.6760000000000002,5,5.6,5,1.8,5,13.8,5,0.2,0.579283310353659,0.579283310353659,0.33344910878682255,0.6139452795359058,0.6012868285238295,0.6139452795359058,1
24-25-prem-wolverhampton-wanderers-vs-brentford,2024-2025,,,38.0,2025-05-25 15:00:00+00:00,True,39.0,94.0,1.0,1.0,wolves,brentford,fpl-core-insights,prem,1,0,0,0,5,4.833333333333333,1533.310656635884,1.006,5,1.214,5,3.0,5,1.4,5,12.6,5,0.4,5,7.041666666666667,1597.8610629674013,2.058,5,1.06,5,5.6,5,4.0,5,9.4,5,0.4,0.23838432554085606,0.23838432554085606,0.13106397067598774,0.609407225816357,0.656535937645833,0.609407225816357,1
25-26-prem-liverpool-vs-afc-bournemouth,2025-2026,1.0,prem,1.0,2025-08-15 19:00:00+00:00,True,14.0,91.0,4.0,2.0,liverpool,bournemouth,fpl-core-insights,prem,1,0,0,0,5,82.16666666666667,1791.353677958233,1.8080000000000003,5,1.332,5,4.2,5,2.4,5,7.0,5,0.2,5,82.16666666666667,1586.4261632550974,1.008,5,1.346,5,3.2,5,2.2,5,6.4,5,0.2,1.2981256219842205,1.2981256219842205,1.0356370676835016,0.34320746414881903,0.5209570302658502,0.34320746414881903,1
25-26-prem-aston-villa-vs-newcastle-united,2025-2026,1.0,prem,1.0,2025-08-16 11:30:00+00:00,True,7.0,4.0,0.0,0.0,aston-villa,newcastle-united,fpl-core-insights,prem,1,0,0,0,5,82.85416666666667,1680.8702044261684,1.0639999999999998,5,1.2120000000000002,5,3.4,5,2.4,5,8.8,5,0.6,5,82.85416666666667,1666.2176230538153,1.7919999999999998,5,0.6039999999999999,5,5.4,5,2.2,5,6.8,5,0.6,0.9134339454729445,0.9134339454729445,0.5982791130789551,0.6354668628666252,1.1785776263664716,0.6354668628666252,1
25-26-prem-brighton-hove-albion-vs-fulham,2025-2026,1.0,prem,1.0,2025-08-16 14:00:00+00:00,True,36.0,54.0,1.0,1.0,brighton,fulham,fpl-core-insights,prem,1,0,0,0,5,82.95833333333333,1636.9326115291485,1.576,5,1.638,5,6.6,5,2.4,5,14.4,5,0.2,5,82.95833333333333,1578.5820857185654,1.256,5,1.7100000000000002,5,4.8,5,1.8,5,10.6,5,0.0,0.6452008443670944,0.6452008443670944,0.676679587883427,0.3524336691054257,0.5251862207863072,0.3524336691054257,1
25-26-prem-sunderland-vs-west-ham-united,2025-2026,1.0,prem,1.0,2025-08-16 14:00:00+00:00,True,56.0,21.0,3.0,0.0,sunderland,west-ham,fpl-core-insights,prem,1,0,0,0,5,3009.0,1420.4574049765508,,0,,0,3.8,5,,0,,0,0.2,5,82.95833333333333,1541.473599679159,1.198,5,1.348,5,4.2,5,1.6,5,11.6,5,0.2,-0.20572757334479125,-0.20572757334479125,-0.48270151007747747,0.10509957496503594,0.3775173667399057,0.10509957496503594,1
25-26-prem-tottenham-hotspur-vs-burnley,2025-2026,1.0,prem,1.0,2025-08-16 14:00:00+00:00,True,6.0,90.0,3.0,0.0,tottenham,burnley,fpl-core-insights,prem,1,0,0,0,5,82.95833333333333,1527.8065075813104,0.836,5,2.08,5,1.8,5,1.6,5,7.4,5,0.0,5,453.9583333333333,1436.422097785818,,0,,0,5.4,5,,0,,0,0.0,0.5165490020061378,0.5165490020061378,0.2895350929435578,-0.21128798722153164,-0.22621940615163316,-0.21128798722153164,1
25-26-prem-wolverhampton-wanderers-vs-manchester-city,2025-2026,1.0,prem,1.0,2025-08-16 16:30:00+00:00,True,39.0,43.0,0.0,4.0,wolves,manchester-city,fpl-core-insights,prem,1,0,0,0,5,83.0625,1532.866274447398,1.1640000000000001,5,1.2799999999999998,5,3.8,5,1.6,5,13.8,5,0.2,5,83.0625,1789.040392732432,1.6320000000000001,5,0.9259999999999999,5,4.6,5,1.8,5,7.0,5,0.6,0.25358434305707833,0.25358434305707833,0.14170398293734335,1.0822744795755808,1.286719473272386,1.0822744795755808,1
25-26-prem-chelsea-vs-crystal-palace,2025-2026,1.0,prem,1.0,2025-08-17 13:00:00+00:00,True,8.0,31.0,0.0,0.0,chelsea,crystal-palace,fpl-core-insights,prem,1,0,0,0,5,83.91666666666667,1687.8633898736616,0.9040000000000001,5,0.8320000000000001,5,3.4,5,1.8,5,10.8,5,0.8,5,83.91666666666667,1622.2400777082894,2.238,5,1.2239999999999998,5,6.4,5,3.8,5,9.8,5,0.2,0.9352552864190086,0.9352552864190086,0.7500802341266862,0.5632508618156807,0.6168825992096251,0.5632508618156807,1
25-26-prem-nottingham-forest-vs-brentford,2025-2026,1.0,prem,1.0,2025-08-17 13:00:00+00:00,True,17.0,94.0,3.0,1.0,nottingham-forest,brentford,fpl-core-insights,prem,1,0,0,0,5,83.91666666666667,1594.555063723689,1.206,5,1.3980000000000001,5,4.0,5,2.2,5,9.2,5,0.0,5,83.91666666666667,1598.3054451558874,1.9,5,1.018,5,5.4,5,3.4,5,9.6,5,0.4,0.5535737207222647,0.5535737207222647,0.2333717997746791,0.5942072083001347,0.6458959253844774,0.5942072083001347,1
25-26-prem-manchester-united-vs-arsenal,2025-2026,1.0,prem,1.0,2025-08-17 15:30:00+00:00,True,1.0,3.0,0.0,1.0,manchester-united,arsenal,fpl-core-insights,prem,1,0,0,0,5,84.02083333333333,1577.6742798909288,1.9099999999999997,5,1.176,5,5.4,5,2.0,5,12.2,5,0.2,5,84.02083333333333,1755.528869400816,1.328,5,1.332,5,4.6,5,3.2,5,7.0,5,0.2,0.6316724532691849,0.6316724532691849,0.4289432448068112,0.9590214069204092,1.1219808906106077,0.9590214069204092,1
25-26-prem-leeds-united-vs-everton,2025-2026,1.0,prem,1.0,2025-08-18 19:00:00+00:00,True,2.0,11.0,1.0,0.0,leeds,everton,fpl-core-insights,prem,1,0,0,0,5,813.1458333333334,1464.9144131564055,,0,,0,3.4,5,,0,,0,0.0,5,85.16666666666667,1593.183715606863,1.122,5,1.018,5,4.8,5,2.6,5,10.8,5,0.4,-0.10694872825240909,-0.10694872825240909,-0.2684869829021975,0.29047816574765345,0.6336394652355222,0.29047816574765345,1
25-26-prem-west-ham-united-vs-chelsea,2025-2026,2.0,prem,2.0,2025-08-22 19:00:00+00:00,True,21.0,8.0,1.0,5.0,west-ham,chelsea,fpl-core-insights,prem,1,0,0,0,5,6.208333333333333,1530.2985126054732,1.0560000000000003,5,1.236,5,4.2,5,1.2,5,13.8,5,0.2,5,5.25,1683.9013534246817,1.048,5,0.876,5,2.6,5,2.0,5,10.6,5,0.8,0.33129279197548533,0.33129279197548533,0.03906446815872115,0.7369428556060449,0.9164876028180924,0.7369428556060449,1
25-26-prem-manchester-city-vs-tottenham-hotspur,2025-2026,2.0,prem,2.0,2025-08-23 11:30:00+00:00,True,43.0,6.0,0.0,2.0,manchester-city,tottenham,fpl-core-insights,prem,1,0,0,0,5,6.791666666666667,1794.363802285452,1.9080000000000001,5,0.7020000000000001,5,4.2,5,2.0,5,9.2,5,0.8,5,6.895833333333333,1533.2383176009826,1.2079999999999997,5,1.812,5,2.4,5,1.8,5,8.6,5,0.2,1.3303259575599875,1.3303259575599875,1.1445694571292975,0.32800539449916577,0.5715065756570065,0.32800539449916577,1
25-26-prem-afc-bournemouth-vs-wolverhampton-wanderers,2025-2026,2.0,prem,2.0,2025-08-23 14:00:00+00:00,True,91.0,39.0,1.0,0.0,bournemouth,wolves,fpl-core-insights,prem,1,0,0,0,5,7.791666666666667,1583.1773371865097,1.242,5,1.284,5,3.6,5,2.6,5,9.6,5,0.2,5,6.895833333333333,1527.542864894378,0.8719999999999999,5,1.544,5,3.2,5,1.2,5,16.0,5,0.0,0.506094137079901,0.506094137079901,0.32197475959746313,0.09809749864974163,0.1912893655033616,0.09809749864974163,1
25-26-prem-brentford-vs-aston-villa,2025-2026,2.0,prem,2.0,2025-08-23 14:00:00+00:00,True,94.0,7.0,1.0,0.0,brentford,aston-villa,fpl-core-insights,prem,1,0,0,0,5,6.041666666666667,1590.4655168733425,1.94,5,1.204,5,5.4,5,3.0,5,10.8,5,0.2,5,7.104166666666667,1678.2113405423568,0.768,5,1.28,5,3.4,5,1.8,5,8.8,5,0.8,0.6103161142474278,0.6103161142474278,0.5433789066757783,0.5878293067255892,0.8985056506824218,0.5878293067255892,1
25-26-prem-burnley-vs-sunderland,2025-2026,2.0,prem,2.0,2025-08-23 14:00:00+00:00,True,90.0,56.0,2.0,0.0,burnley,sunderland,fpl-core-insights,prem,1,0,0,0,5,7.0,1430.9902877661457,0.94,1,2.32,1,4.4,5,0.0,1,6.0,1,0.0,5,7.0,1431.6324920502366,0.75,1,0.56,1,3.8,5,2.0,1,14.0,1,0.4,-0.26468970770724115,-0.26468970770724115,-0.2662455608724002,-0.4364769353130571,-0.13969246653847645,-0.4364769353130571,1
25-26-prem-arsenal-vs-leeds-united,2025-2026,2.0,prem,2.0,2025-08-23 16:30:00+00:00,True,3.0,2.0,5.0,0.0,arsenal,leeds,fpl-core-insights,prem,1,0,0,0,5,6.041666666666667,1762.7845714732255,1.3539999999999999,5,1.2740000000000002,5,4.0,5,2.6,5,9.6,5,0.4,5,4.895833333333333,1476.2948452484977,2.13,1,0.8,1,2.8,5,3.0,1,15.0,1,0.2,1.1356840909041561,1.1356840909041561,0.9785974073397642,-0.24141369024945164,-0.06827259589134355,-0.24141369024945164,1
25-26-prem-crystal-palace-vs-nottingham-forest,2025-2026,2.0,prem,2.0,2025-08-24 13:00:00+00:00,True,31.0,17.0,1.0,1.0,crystal-palace,nottingham-forest,fpl-core-insights,prem,1,0,0,0,5,7.0,1626.2021141572693,2.008,5,1.3079999999999998,5,6.4,5,3.0,5,11.0,5,0.4,5,7.0,1602.394992006234,1.392,5,1.438,5,4.0,5,3.0,5,10.8,5,0.0,0.6300199777302664,0.6300199777302664,0.5820185454165969,0.26895161091172864,0.6044020223466212,0.26895161091172864,1
25-26-prem-everton-vs-brighton-hove-albion,2025-2026,2.0,prem,2.0,2025-08-24 13:00:00+00:00,True,11.0,36.0,2.0,0.0,everton,brighton,fpl-core-insights,prem,1,0,0,0,5,5.75,1581.8032835147708,1.194,5,1.268,5,4.4,5,2.4,5,11.4,5,0.4,5,7.958333333333333,1633.148492605404,1.61,5,1.536,5,5.6,5,2.4,5,14.6,5,0.2,0.6065661725827763,0.6065661725827763,0.2518020333865879,0.6675712274795916,0.6321889009330439,0.6675712274795916,1
25-26-prem-fulham-vs-manchester-united,2025-2026,2.0,prem,2.0,2025-08-24 15:30:00+00:00,True,54.0,1.0,1.0,1.0,fulham,manchester-united,fpl-core-insights,prem,1,0,0,0,5,8.0625,1582.3662046423099,0.924,5,1.8800000000000001,5,4.2,5,1.8,5,11.4,5,0.0,5,7.0,1570.4185778185192,1.7100000000000002,5,1.332,5,5.6,5,1.6,5,14.6,5,0.2,0.5342945811901425,0.5342945811901425,0.3654456125394761,0.41524004451326263,0.6120964528498298,0.41524004451326263,1
25-26-prem-newcastle-united-vs-liverpool,2025-2026,2.0,prem,2.0,2025-08-25 19:00:00+00:00,True,4.0,14.0,2.0,3.0,newcastle-united,liverpool,fpl-core-insights,prem,1,0,0,0,5,9.3125,1668.8764869376269,1.5079999999999998,5,0.624,5,5.0,5,1.4,5,8.2,5,0.6,5,10.0,1794.6025040268207,1.7939999999999998,5,1.5799999999999998,5,4.6,5,2.6,5,7.6,5,0.2,1.1890274327198374,1.1890274327198374,0.650395157657148,1.0504999608694507,1.3193583265355764,1.0504999608694507,1
25-26-prem-chelsea-vs-fulham,2025-2026,3.0,prem,3.0,2025-08-30 11:30:00+00:00,True,8.0,54.0,2.0,0.0,chelsea,fulham,fpl-core-insights,prem,1,0,0,0,5,7.6875,1691.8140258834367,1.3760000000000001,5,0.9559999999999998,5,3.6,5,3.2,5,13.0,5,0.6,5,2.6979166666666665,1589.3346956855955,0.97,5,1.4300000000000002,5,2.6,5,1.8,5,13.2,5,0.2,0.9647036428441073,0.9647036428441073,0.8058229127860661,0.4057327189448845,0.5596203526663106,0.4057327189448845,1
25-26-prem-manchester-united-vs-burnley,2025-2026,3.0,prem,3.0,2025-08-30 14:00:00+00:00,True,1.0,90.0,3.0,2.0,manchester-united,burnley,fpl-core-insights,prem,1,0,0,0,5,2.7916666666666665,1567.9948770026683,1.6299999999999997,5,1.488,5,5.0,5,1.4,5,16.75,4,0.2,5,3.8020833333333335,1452.6006121533665,0.9950000000000001,4,1.2825,4,3.2,5,1.25,4,13.75,4,0.2,0.5903311683977364,0.5903311683977364,0.4028795484044148,-0.19720055331398714,-0.19218713488986777,-0.19720055331398714,1
25-26-prem-sunderland-vs-brentford,2025-2026,3.0,prem,3.0,2025-08-30 14:00:00+00:00,True,56.0,94.0,2.0,1.0,sunderland,brentford,fpl-core-insights,prem,1,0,0,0,5,3.8020833333333335,1427.7579665924777,0.675,4,0.685,4,3.4,5,1.75,4,14.5,4,0.2,5,3.8020833333333335,1608.1213948692355,1.762,5,1.192,5,4.4,5,2.4,5,16.2,5,0.4,-0.16163418367639454,-0.16163418367639454,-0.46782224551008295,0.5962857717387273,0.6858973500516408,0.5962857717387273,1
25-26-prem-tottenham-hotspur-vs-afc-bournemouth,2025-2026,3.0,prem,3.0,2025-08-30 14:00:00+00:00,True,6.0,91.0,0.0,1.0,tottenham,bournemouth,fpl-core-insights,prem,1,0,0,0,5,7.104166666666667,1550.7769224947704,1.3299999999999998,5,1.9020000000000004,5,3.0,5,2.0,5,11.8,5,0.4,5,3.8020833333333335,1582.027423511326,1.346,5,1.2319999999999998,5,3.6,5,2.4,5,13.4,5,0.4,0.6194457227983113,0.6194457227983113,0.3964898904153156,0.29244706697672285,0.4964064669654302,0.29244706697672285,1
25-26-prem-wolverhampton-wanderers-vs-everton,2025-2026,3.0,prem,3.0,2025-08-30 14:00:00+00:00,True,39.0,11.0,2.0,3.0,wolves,everton,fpl-core-insights,prem,1,0,0,0,5,3.8125,1533.553270612312,0.9720000000000001,5,1.794,5,3.4,5,1.0,5,16.8,5,0.0,5,2.8020833333333335,1599.821397733984,1.196,5,1.65,5,3.4,5,1.8,5,14.4,5,0.6,0.20083715324303683,0.20083715324303683,0.11173719542070623,0.33167566894694656,0.6886120942011134,0.33167566894694656,1
25-26-prem-leeds-united-vs-newcastle-united,2025-2026,3.0,prem,3.0,2025-08-30 16:30:00+00:00,True,2.0,4.0,0.0,0.0,leeds,newcastle-united,fpl-core-insights,prem,1,0,0,0,5,3.8958333333333335,1472.0921571467268,0.82,3,2.1966666666666668,3,2.4,5,1.0,3,16.5,2,0.2,5,4.895833333333333,1660.1850409689655,1.3539999999999999,5,0.638,5,4.6,5,2.0,5,8.8,5,0.6,-0.11275615838337266,-0.11275615838337266,-0.3070382888405832,0.6244921501035738,1.1520231362147315,0.6244921501035738,1
25-26-prem-brighton-hove-albion-vs-manchester-city,2025-2026,3.0,prem,3.0,2025-08-31 13:00:00+00:00,True,36.0,43.0,2.0,1.0,brighton,manchester-city,fpl-core-insights,prem,1,0,0,0,5,3.7604166666666665,1628.1893722870373,2.0119999999999996,5,1.7939999999999998,5,7.8,5,2.6,5,16.0,5,0.2,5,8.0625,1776.8251973916642,2.088,5,0.8360000000000001,5,4.6,5,2.2,5,11.2,5,0.6,0.6807116910889933,0.6807116910889933,0.6754028038626702,1.0966303099879926,1.2618414616438376,1.0966303099879926,1
25-26-prem-nottingham-forest-vs-west-ham-united,2025-2026,3.0,prem,3.0,2025-08-31 13:00:00+00:00,True,17.0,21.0,0.0,3.0,nottingham-forest,west-ham,fpl-core-insights,prem,1,0,0,0,5,7.0,1605.2969578755847,1.436,5,1.1460000000000001,5,3.4,5,3.4,5,11.8,5,0.0,5,4.770833333333333,1510.0923759050834,1.094,5,1.506,5,5.0,5,1.2,5,12.6,5,0.0,0.6149722478877492,0.6149722478877492,0.2840519331133399,-0.033772301379582884,0.22724026406362238,-0.033772301379582884,1
25-26-prem-liverpool-vs-arsenal,2025-2026,3.0,prem,3.0,2025-08-31 15:30:00+00:00,True,14.0,3.0,1.0,0.0,liverpool,arsenal,fpl-core-insights,prem,1,0,0,0,5,5.854166666666667,1803.293949995482,1.866,5,1.5559999999999998,5,5.2,5,3.0,5,9.4,5,0.2,5,7.958333333333333,1764.9477534950975,1.6460000000000001,5,1.114,5,4.2,5,2.4,5,10.2,5,0.6,1.3452613340891506,1.3452613340891506,1.0875042573745566,1.0259312767372109,1.20330390432908,1.0259312767372109,1
25-26-prem-aston-villa-vs-crystal-palace,2025-2026,3.0,prem,3.0,2025-08-31 18:00:00+00:00,True,7.0,31.0,0.0,3.0,aston-villa,crystal-palace,fpl-core-insights,prem,1,0,0,0,5,8.166666666666666,1667.9884347453483,0.8300000000000001,5,1.38,5,3.2,5,1.4,5,10.4,5,0.6,5,7.208333333333333,1623.3001482879185,1.716,5,1.3519999999999999,5,6.6,5,3.0,5,13.4,5,0.4,0.8768192296948207,0.8768192296948207,0.5568487053147305,0.571448319875469,0.6149196555286551,0.571448319875469,1
25-26-prem-arsenal-vs-nottingham-forest,2025-2026,4.0,prem,4.0,2025-09-13 11:30:00+00:00,True,3.0,17.0,3.0,0.0,arsenal,nottingham-forest,fpl-core-insights,prem,1,0,0,0,5,12.833333333333334,1758.2281304471633,1.5180000000000002,5,0.8059999999999998,5,4.0,5,1.8,5,10.8,5,0.6,5,12.9375,1590.6421982885784,1.3199999999999998,5,1.416,5,3.2,5,2.8,5,14.2,5,0.0,1.1928016638608205,1.1928016638608205,1.0109280760682686,0.23513537538983365,0.545091451139883,0.23513537538983365,1
25-26-prem-afc-bournemouth-vs-brighton-hove-albion,2025-2026,4.0,prem,4.0,2025-09-13 14:00:00+00:00,True,91.0,36.0,2.0,1.0,bournemouth,brighton,fpl-core-insights,prem,1,0,0,0,5,14.0,1593.421410800636,1.44,5,0.9620000000000001,5,4.4,5,2.6,5,18.0,5,0.6,5,13.041666666666666,1640.1395665204777,2.032,5,1.7120000000000002,5,6.8,5,2.8,5,16.8,5,0.2,0.5237759382231665,0.5237759382231665,0.33154631163063175,0.706319473404372,0.724878361862853,0.706319473404372,1
25-26-prem-crystal-palace-vs-sunderland,2025-2026,4.0,prem,4.0,2025-09-13 14:00:00+00:00,True,31.0,56.0,0.0,0.0,crystal-palace,sunderland,fpl-core-insights,prem,1,0,0,0,5,12.833333333333334,1636.742434864719,1.568,5,1.444,5,5.4,5,2.2,5,17.0,5,0.4,5,14.0,1440.5689032181804,0.8480000000000001,5,0.788,5,3.4,5,1.8,5,17.2,5,0.2,0.6622825437404425,0.6622825437404425,0.6391095887494509,-0.43596999381854595,-0.11613096697419883,-0.43596999381854595,1
25-26-prem-everton-vs-aston-villa,2025-2026,4.0,prem,4.0,2025-09-13 14:00:00+00:00,True,11.0,7.0,0.0,0.0,everton,aston-villa,fpl-core-insights,prem,1,0,0,0,5,14.0,1610.2164271349454,1.35,5,1.6179999999999999,5,3.0,5,2.0,5,16.0,5,0.4,5,12.833333333333334,1654.546148168548,0.8619999999999999,5,1.75,5,3.4,5,1.4,5,11.0,5,0.4,0.7087075739262649,0.7087075739262649,0.3603834971257346,0.5094858171029432,0.8091579608208388,0.5094858171029432,1
25-26-prem-fulham-vs-leeds-united,2025-2026,4.0,prem,4.0,2025-09-13 14:00:00+00:00,True,54.0,2.0,1.0,0.0,fulham,leeds,fpl-core-insights,prem,1,0,0,0,5,14.104166666666666,1584.1518659136646,0.9179999999999999,5,1.302,5,2.6,5,1.2,5,17.4,5,0.2,5,13.895833333333334,1475.1066803702915,0.7875,4,1.7625,4,2.0,5,1.0,4,17.0,3,0.4,0.5334735763586647,0.5334735763586647,0.3683801813625332,-0.2899996702991551,-0.08841527475276101,-0.2899996702991551,1
25-26-prem-newcastle-united-vs-wolverhampton-wanderers,2025-2026,4.0,prem,4.0,2025-09-13 14:00:00+00:00,True,4.0,39.0,1.0,0.0,newcastle-united,wolves,fpl-core-insights,prem,1,0,0,0,5,13.895833333333334,1657.1705177454007,1.0679999999999998,5,0.6519999999999999,5,3.8,5,1.8,5,9.6,5,0.6,5,14.0,1523.1582412113505,0.9120000000000001,5,1.848,5,3.6,5,1.0,5,19.6,5,0.0,1.1349845176733033,1.1349845176733033,0.6001512664729622,0.09164171569555463,0.17212932506424883,0.09164171569555463,1
25-26-prem-west-ham-united-vs-tottenham-hotspur,2025-2026,4.0,prem,4.0,2025-09-13 16:30:00+00:00,True,21.0,6.0,0.0,3.0,west-ham,tottenham,fpl-core-insights,prem,1,0,0,0,5,13.145833333333334,1524.7471354920897,1.3820000000000001,5,1.27,5,5.6,5,2.0,5,13.0,5,0.2,5,14.104166666666666,1539.3829352054604,1.232,5,1.542,5,3.0,5,1.8,5,12.6,5,0.4,0.27615682178712864,0.27615682178712864,0.03610849536828324,0.36912041915757937,0.5803464781444024,0.36912041915757937,1
25-26-prem-brentford-vs-chelsea,2025-2026,4.0,prem,4.0,2025-09-13 19:00:00+00:00,True,94.0,8.0,2.0,2.0,brentford,chelsea,fpl-core-insights,prem,1,0,0,0,5,14.208333333333334,1595.3104582435328,1.402,5,1.32,5,4.0,5,2.0,5,16.6,5,0.4,5,14.3125,1696.9968556553677,1.722,5,0.782,5,4.2,5,3.6,5,15.2,5,0.8,0.6540450983601038,0.6540450983601038,0.5507825550365316,0.831969689093712,1.0020561804264585,0.831969689093712,1
25-26-prem-burnley-vs-liverpool,2025-2026,4.0,prem,4.0,2025-09-14 13:00:00+00:00,True,90.0,14.0,0.0,1.0,burnley,liverpool,fpl-core-insights,prem,1,0,0,0,5,14.958333333333334,1447.6980970380353,1.036,5,1.752,5,3.2,5,1.4,5,15.0,5,0.2,5,13.895833333333334,1810.0135730434163,1.5579999999999998,5,1.4280000000000002,5,5.0,5,2.4,5,10.2,5,0.2,-0.19965071709115995,-0.19965071709115995,-0.2078628136015474,1.0980064978428161,1.3602645347580928,1.0980064978428161,1
25-26-prem-manchester-city-vs-manchester-united,2025-2026,4.0,prem,4.0,2025-09-14 15:30:00+00:00,True,43.0,1.0,3.0,0.0,manchester-city,manchester-united,fpl-core-insights,prem,1,0,0,0,5,14.104166666666666,1764.8750031582238,2.0740000000000003,5,1.274,5,4.2,5,2.8,5,13.0,5,0.4,5,15.0625,1572.8973921179995,2.2960000000000003,5,1.5619999999999998,5,6.0,5,2.2,5,17.5,4,0.2,1.2309247921021358,1.2309247921021358,1.0524636392141329,0.410343130605707,0.6009934286852966,0.410343130605707,1
25-26-prem-liverpool-vs-everton,2025-2026,5.0,prem,5.0,2025-09-20 11:30:00+00:00,True,14.0,11.0,2.0,1.0,liverpool,everton,fpl-core-insights,prem,1,0,0,0,5,2.6875,1816.6978147568266,1.4380000000000002,5,0.986,5,4.2,5,2.6,5,12.8,5,0.4,5,6.895833333333333,1609.1933460756904,1.6060000000000003,5,1.3000000000000003,5,3.2,5,2.4,5,17.4,5,0.6,1.33592095374237,1.33592095374237,1.0632299535346406,0.35340703647440025,0.6987412015672159,0.35340703647440025,1
25-26-prem-brighton-hove-albion-vs-tottenham-hotspur,2025-2026,5.0,prem,5.0,2025-09-20 14:00:00+00:00,True,36.0,6.0,2.0,2.0,brighton,tottenham,fpl-core-insights,prem,1,0,0,0,5,7.0,1631.094575646811,1.7079999999999997,5,1.5960000000000003,5,5.6,5,2.2,5,17.6,5,0.2,5,3.7916666666666665,1561.0521938899271,0.722,5,0.9520000000000002,5,2.4,5,1.0,5,17.4,5,0.6,0.6993522103992302,0.6993522103992302,0.6698535427420538,0.4482120565492071,0.6357106243185418,0.4482120565492071,1
25-26-prem-burnley-vs-nottingham-forest,2025-2026,5.0,prem,5.0,2025-09-20 14:00:00+00:00,True,90.0,17.0,1.0,1.0,burnley,nottingham-forest,fpl-core-insights,prem,1,0,0,0,5,6.041666666666667,1444.408148546278,0.874,5,1.818,5,2.4,5,1.4,5,17.0,5,0.2,5,2.7916666666666665,1571.6684488518342,0.882,5,1.936,5,2.8,5,1.8,5,13.8,5,0.0,-0.18151667658732143,-0.18151667658732143,-0.19516898524886045,0.15994434305056965,0.47067178415708755,0.15994434305056965,1
25-26-prem-west-ham-united-vs-crystal-palace,2025-2026,5.0,prem,5.0,2025-09-20 14:00:00+00:00,True,21.0,31.0,1.0,2.0,west-ham,crystal-palace,fpl-core-insights,prem,1,0,0,0,5,6.895833333333333,1512.8876888220248,1.286,5,1.38,5,5.2,5,2.0,5,13.4,5,0.2,5,3.7916666666666665,1627.4543717188146,1.768,5,1.15,5,4.6,5,3.0,5,18.666666666666668,3,0.4,0.21399483719017992,0.21399483719017992,-0.00740489384958086,0.5898059367790538,0.6109634673561452,0.5898059367790538,1
25-26-prem-wolverhampton-wanderers-vs-leeds-united,2025-2026,5.0,prem,5.0,2025-09-20 14:00:00+00:00,True,39.0,2.0,1.0,3.0,wolves,leeds,fpl-core-insights,prem,1,0,0,0,5,7.0,1518.6414478814745,0.804,5,1.8720000000000003,5,3.0,5,0.8,5,19.6,5,0.0,5,7.0,1470.0676517218712,0.788,5,1.5799999999999998,5,2.2,5,1.0,5,17.25,4,0.4,0.18091272177370868,0.18091272177370868,0.10418942528049728,-0.2999815387230454,-0.09540258264948424,-0.2999815387230454,1
25-26-prem-manchester-united-vs-chelsea,2025-2026,5.0,prem,5.0,2025-09-20 16:30:00+00:00,True,1.0,8.0,2.0,1.0,manchester-united,chelsea,fpl-core-insights,prem,1,0,0,0,5,6.041666666666667,1569.4405839586218,2.0100000000000002,5,2.0100000000000002,5,4.4,5,2.0,5,19.5,4,0.0,5,2.8958333333333335,1679.078936335261,2.002,5,0.914,5,5.4,5,3.6,5,15.8,5,0.4,0.5681504656058429,0.5681504656058429,0.36342461192077324,0.7757535600193921,0.9289405987870788,0.7757535600193921,1
25-26-prem-fulham-vs-brentford,2025-2026,5.0,prem,5.0,2025-09-20 19:00:00+00:00,True,54.0,94.0,3.0,1.0,fulham,brentford,fpl-core-insights,prem,1,0,0,0,5,7.208333333333333,1589.1908945620848,0.9359999999999999,5,1.1640000000000001,5,2.8,5,1.4,5,19.2,5,0.4,5,4.0,1599.7495940118272,1.246,5,1.112,5,4.0,5,2.0,5,16.75,4,0.4,0.543455444782555,0.543455444782555,0.37536748925925645,0.5709244442117252,0.6731796427094934,0.5709244442117252,1
25-26-prem-afc-bournemouth-vs-newcastle-united,2025-2026,5.0,prem,5.0,2025-09-21 13:00:00+00:00,True,91.0,4.0,0.0,0.0,bournemouth,newcastle-united,fpl-core-insights,prem,1,0,0,0,5,7.958333333333333,1602.4664016743027,1.4060000000000001,5,1.032,5,4.0,5,2.2,5,19.8,5,0.4,5,2.75,1658.8871647839308,1.152,5,0.93,5,4.0,5,1.8,5,12.8,5,0.4,0.5602418688854847,0.5602418688854847,0.3570724630942545,0.5681587084897695,1.1061903951967476,0.5681587084897695,1
25-26-prem-sunderland-vs-aston-villa,2025-2026,5.0,prem,5.0,2025-09-21 13:00:00+00:00,True,56.0,7.0,1.0,1.0,sunderland,aston-villa,fpl-core-insights,prem,1,0,0,0,5,7.958333333333333,1447.1806136223493,0.77,5,1.03,5,2.4,5,1.4,5,17.0,5,0.2,5,4.75,1651.7534687918874,0.73,5,1.6159999999999997,5,2.6,5,0.8,5,13.0,4,0.4,-0.09306319441828988,-0.09306319441828988,-0.40301603302439026,0.5101906292827088,0.8029036212160537,0.5101906292827088,1
25-26-prem-arsenal-vs-manchester-city,2025-2026,5.0,prem,5.0,2025-09-21 15:30:00+00:00,True,3.0,43.0,1.0,1.0,arsenal,manchester-city,fpl-core-insights,prem,1,0,0,0,5,4.947916666666667,1764.1711695479416,1.3739999999999999,5,0.7380000000000001,5,3.2,5,1.8,5,14.6,5,0.8,5,2.8541666666666665,1773.0984294678858,1.6580000000000001,5,1.444,5,4.4,5,2.6,5,14.0,5,0.4,1.2494628240797159,1.2494628240797159,1.0505908882214954,1.1075608608769982,1.2934212917954577,1.1075608608769982,1
25-26-prem-brentford-vs-manchester-united,2025-2026,6.0,prem,6.0,2025-09-27 11:30:00+00:00,True,94.0,1.0,3.0,1.0,brentford,manchester-united,fpl-core-insights,prem,1,0,0,0,5,6.6875,1591.7220798475298,1.1239999999999999,5,1.076,5,4.2,5,1.8,5,13.0,4,0.2,5,6.791666666666667,1580.2915810447168,2.074,5,1.834,5,3.8,5,2.6,5,19.25,4,0.0,0.6377690181678382,0.6377690181678382,0.5203378377236464,0.3895525529308882,0.6054760956202929,0.3895525529308882,1
25-26-prem-chelsea-vs-brighton-hove-albion,2025-2026,6.0,prem,6.0,2025-09-27 14:00:00+00:00,True,8.0,36.0,1.0,3.0,chelsea,brighton,fpl-core-insights,prem,1,0,0,0,5,3.8020833333333335,1671.671906069626,1.5739999999999998,5,1.434,5,4.0,5,2.8,5,15.6,5,0.2,5,3.8020833333333335,1631.1342039687163,1.262,5,1.718,5,4.8,5,1.4,5,19.2,5,0.4,0.9008207885791008,0.9008207885791008,0.7370336215664379,0.7200384705826615,0.771044964457241,0.7200384705826615,1
25-26-prem-crystal-palace-vs-liverpool,2025-2026,6.0,prem,6.0,2025-09-27 14:00:00+00:00,True,31.0,14.0,2.0,1.0,crystal-palace,liverpool,fpl-core-insights,prem,1,0,0,0,5,7.0,1636.4627323470563,2.0100000000000002,5,1.096,5,4.4,5,3.4,5,19.333333333333332,3,0.4,5,3.7916666666666665,1823.4822138136203,1.59,5,1.55,5,4.0,5,3.2,5,14.6,5,0.0,0.6260850588339826,0.6260850588339826,0.6114082103188216,1.0371519332911432,1.3086040705599942,1.0371519332911432,1
25-26-prem-leeds-united-vs-afc-bournemouth,2025-2026,6.0,prem,6.0,2025-09-27 14:00:00+00:00,True,2.0,91.0,2.0,2.0,leeds,bournemouth,fpl-core-insights,prem,1,0,0,0,5,7.0,1483.6081385451123,0.458,5,1.7759999999999998,5,2.4,5,0.6,5,18.5,4,0.2,5,6.041666666666667,1601.7887767118539,1.158,5,0.6180000000000001,5,3.8,5,1.6,5,18.8,5,0.6,-0.056265120026258476,-0.056265120026258476,-0.24407087783272285,0.3573701493006131,0.5606671348945684,0.3573701493006131,1
25-26-prem-manchester-city-vs-burnley,2025-2026,6.0,prem,6.0,2025-09-27 14:00:00+00:00,True,43.0,90.0,5.0,1.0,manchester-city,burnley,fpl-core-insights,prem,1,0,0,0,5,2.8020833333333335,1777.0960274465197,1.206,5,1.174,5,3.6,5,2.2,5,11.8,5,0.6,5,3.8020833333333335,1438.6184825855526,0.764,5,1.8039999999999998,5,3.8,5,1.4,5,17.8,5,0.0,1.3093218907097761,1.3093218907097761,1.1242359930798542,-0.2184551652458089,-0.19207398185552274,-0.2184551652458089,1
25-26-prem-nottingham-forest-vs-sunderland,2025-2026,6.0,prem,6.0,2025-09-27 16:30:00+00:00,True,17.0,56.0,0.0,1.0,nottingham-forest,sunderland,fpl-core-insights,prem,1,0,0,0,5,2.8958333333333335,1565.1420748745456,0.648,5,2.242,5,4.0,5,1.2,5,15.2,5,0.0,5,6.145833333333333,1450.6199711646848,0.8240000000000001,5,0.9860000000000001,5,3.0,5,1.2,5,17.4,5,0.2,0.44146641366277967,0.44146641366277967,0.13375756297489147,-0.38895740244235144,-0.07297943644394873,-0.38895740244235144,1
25-26-prem-tottenham-hotspur-vs-wolverhampton-wanderers,2025-2026,6.0,prem,6.0,2025-09-27 19:00:00+00:00,True,6.0,39.0,1.0,1.0,tottenham,wolves,fpl-core-insights,prem,1,0,0,0,5,3.0104166666666665,1574.472711433296,0.9179999999999999,5,0.938,5,2.2,5,1.0,5,16.0,5,0.4,5,4.010416666666667,1519.8827850672376,1.236,5,1.3820000000000001,5,4.2,5,1.2,5,18.8,5,0.2,0.6833969065095356,0.6833969065095356,0.5163353168220554,0.12440248386506698,0.16654742572884296,0.12440248386506698,1
25-26-prem-aston-villa-vs-fulham,2025-2026,6.0,prem,6.0,2025-09-28 13:00:00+00:00,True,7.0,54.0,3.0,1.0,aston-villa,fulham,fpl-core-insights,prem,1,0,0,0,5,7.0,1648.3141112495518,0.8460000000000001,5,1.5379999999999998,5,2.4,5,1.0,5,13.0,4,0.2,5,4.760416666666667,1606.2803542000572,1.0,5,1.1720000000000002,5,3.0,5,1.6,5,19.0,5,0.4,0.7888449906340149,0.7888449906340149,0.4901068713083676,0.431039950957784,0.6082253372804445,0.431039950957784,1
25-26-prem-newcastle-united-vs-arsenal,2025-2026,6.0,prem,6.0,2025-09-28 15:30:00+00:00,True,4.0,3.0,1.0,2.0,newcastle-united,arsenal,fpl-core-insights,prem,1,0,0,0,5,3.8645833333333335,1666.4988228453064,1.528,5,1.592,5,5.2,5,2.8,5,15.8,5,0.2,5,3.8541666666666665,1764.0798195995208,0.732,5,0.77,5,2.2,5,1.4,5,16.2,5,0.6,1.1445020700208837,1.1445020700208837,0.6228896725242498,1.0501566257511208,1.248842449122038,1.0501566257511208,1
25-26-prem-everton-vs-west-ham-united,2025-2026,6.0,prem,6.0,2025-09-29 19:00:00+00:00,True,11.0,21.0,1.0,1.0,everton,west-ham,fpl-core-insights,prem,1,0,0,0,5,6.010416666666667,1591.2028590672464,1.1520000000000001,5,1.23,5,2.6,5,1.6,5,19.8,5,0.4,5,9.208333333333334,1503.879328193783,1.3059999999999998,5,1.6919999999999997,5,5.0,5,2.2,5,12.8,5,0.2,0.6518290888071645,0.6518290888071645,0.3296308265542922,-0.02252648532741834,0.1923925636504121,-0.02252648532741834,1
25-26-prem-afc-bournemouth-vs-fulham,2025-2026,7.0,prem,7.0,2025-10-03 19:00:00+00:00,True,91.0,54.0,3.0,1.0,bournemouth,fulham,fpl-core-insights,prem,1,0,0,0,5,6.208333333333333,1600.69425204058,1.064,5,0.8939999999999999,5,4.0,5,1.4,5,21.0,5,0.4,5,5.25,1599.6551143041572,0.9800000000000001,5,0.924,5,3.2,5,1.6,5,16.4,5,0.4,0.5508583709066358,0.5508583709066358,0.34335762931785224,0.38817414584323384,0.5782192737002594,0.38817414584323384,1
25-26-prem-leeds-united-vs-tottenham-hotspur,2025-2026,7.0,prem,7.0,2025-10-04 11:30:00+00:00,True,2.0,6.0,1.0,2.0,leeds,tottenham,fpl-core-insights,prem,1,0,0,0,5,6.895833333333333,1484.702663216386,0.792,5,1.364,5,3.8,5,1.2,5,20.75,4,0.2,5,3.6875,1565.566915236924,1.392,5,1.256,5,3.4,5,1.6,5,16.4,5,0.2,-0.042252600043497596,-0.042252600043497596,-0.23426211384479023,0.48250235806802333,0.6350641082894897,0.48250235806802333,1
25-26-prem-arsenal-vs-west-ham-united,2025-2026,7.0,prem,7.0,2025-10-04 14:00:00+00:00,True,3.0,21.0,2.0,0.0,arsenal,west-ham,fpl-core-insights,prem,1,0,0,0,5,2.7916666666666665,1778.0599726672733,1.284,5,1.172,5,3.6,5,3.2,5,15.0,5,0.4,5,4.791666666666667,1508.3545356996276,1.3980000000000001,5,1.2900000000000003,5,4.8,5,2.2,5,13.8,5,0.2,1.2875887084788404,1.2875887084788404,1.1055084248322673,0.0007672206232163907,0.2086981578158564,0.0007672206232163907,1
25-26-prem-manchester-united-vs-sunderland,2025-2026,7.0,prem,7.0,2025-10-04 14:00:00+00:00,True,1.0,56.0,2.0,0.0,manchester-united,sunderland,fpl-core-insights,prem,1,0,0,0,5,7.104166666666667,1572.8640516211692,2.164,5,1.886,5,4.4,5,3.0,5,19.0,4,0.0,5,6.895833333333333,1465.6988522713032,0.994,5,1.2479999999999998,5,2.8,5,1.2,5,17.6,5,0.4,0.5735706253512752,0.5735706253512752,0.3439733096894344,-0.34280757825210273,-0.04067455951077463,-0.34280757825210273,1
25-26-prem-chelsea-vs-liverpool,2025-2026,7.0,prem,7.0,2025-10-04 16:30:00+00:00,True,8.0,14.0,2.0,1.0,chelsea,liverpool,fpl-core-insights,prem,1,0,0,0,5,3.8958333333333335,1664.9647629376484,1.158,5,1.6099999999999999,5,2.4,5,1.8,5,19.6,5,0.2,5,3.8958333333333335,1792.003703980572,1.6199999999999999,5,1.83,5,3.6,5,3.4,5,15.0,5,0.0,0.8498910717975672,0.8498910717975672,0.7035244474957286,0.9509980729381212,1.2172701460572535,0.9509980729381212,1
25-26-prem-aston-villa-vs-burnley,2025-2026,7.0,prem,7.0,2025-10-05 13:00:00+00:00,True,7.0,90.0,2.0,1.0,aston-villa,burnley,fpl-core-insights,prem,1,0,0,0,5,2.75,1658.5101799633044,0.8960000000000001,5,1.076,5,3.6,5,1.6,5,13.25,4,0.4,5,7.958333333333333,1436.968628070348,0.6060000000000001,5,1.484,5,3.6,5,1.0,5,17.8,5,0.0,0.8628284550665294,0.8628284550665294,0.5418952964111278,-0.26983737891542686,-0.22804153142425532,-0.26983737891542686,1
25-26-prem-everton-vs-crystal-palace,2025-2026,7.0,prem,7.0,2025-10-05 13:00:00+00:00,True,11.0,31.0,2.0,1.0,everton,crystal-palace,fpl-core-insights,prem,1,0,0,0,5,5.75,1586.727651561402,1.254,5,1.028,5,3.6,5,1.6,5,17.8,5,0.2,5,2.84375,1653.1783073884121,1.8,5,1.5300000000000002,5,4.0,5,3.6,5,18.0,3,0.2,0.6285353828565298,0.6285353828565298,0.3133252323888479,0.6675253489604894,0.7062523997506508,0.6675253489604894,1
25-26-prem-newcastle-united-vs-nottingham-forest,2025-2026,7.0,prem,7.0,2025-10-05 13:00:00+00:00,True,4.0,17.0,2.0,0.0,newcastle-united,nottingham-forest,fpl-core-insights,prem,1,0,0,0,5,3.84375,1660.6036405730226,1.2719999999999998,5,1.9979999999999998,5,4.8,5,2.6,5,17.0,5,0.4,5,2.75,1539.9528663995611,1.484,5,1.986,5,6.4,5,2.4,5,16.4,5,0.2,1.167360926444643,1.167360926444643,0.6388908720208812,0.06369336294882072,0.3688850633075033,0.06369336294882072,1
25-26-prem-wolverhampton-wanderers-vs-brighton-hove-albion,2025-2026,7.0,prem,7.0,2025-10-05 13:00:00+00:00,True,39.0,36.0,1.0,1.0,wolves,brighton,fpl-core-insights,prem,1,0,0,0,5,7.75,1523.573786786265,1.188,5,1.1320000000000001,5,4.0,5,1.0,5,22.4,5,0.2,5,7.958333333333333,1644.4707529560667,1.3760000000000001,5,1.61,5,3.2,5,2.0,5,20.4,5,0.2,0.18133945481010388,0.18133945481010388,0.145533953981154,0.7739076763317538,0.8087534084816057,0.7739076763317538,1
25-26-prem-brentford-vs-manchester-city,2025-2026,7.0,prem,7.0,2025-10-05 15:30:00+00:00,True,94.0,43.0,0.0,1.0,brentford,manchester-city,fpl-core-insights,prem,1,0,0,0,5,8.166666666666666,1599.1496092710775,1.192,5,1.292,5,5.0,5,2.6,5,13.25,4,0.0,5,3.8541666666666665,1770.6734504988851,0.952,5,1.226,5,3.0,5,2.4,5,11.0,5,0.4,0.683348261409292,0.683348261409292,0.5522433079926641,1.1254691680966298,1.3110835693051697,1.1254691680966298,1
25-26-prem-nottingham-forest-vs-chelsea,2025-2026,8.0,prem,8.0,2025-10-18 11:30:00+00:00,True,17.0,8.0,0.0,3.0,nottingham-forest,chelsea,fpl-core-insights,prem,1,0,0,0,5,12.9375,1535.1614674588764,1.324,5,2.5059999999999993,5,5.6,5,2.0,5,16.8,5,0.2,5,13.791666666666666,1676.310440358191,1.2719999999999998,5,1.6319999999999997,5,3.4,5,2.0,5,20.6,5,0.2,0.3538750764126717,0.3538750764126717,0.04225052452763271,0.7280317710323516,0.8849015339927429,0.7280317710323516,1
25-26-prem-brighton-hove-albion-vs-newcastle-united,2025-2026,8.0,prem,8.0,2025-10-18 14:00:00+00:00,True,36.0,4.0,2.0,1.0,brighton,newcastle-united,fpl-core-insights,prem,1,0,0,0,5,13.041666666666666,1643.299050306196,1.1,5,1.358,5,3.0,5,1.8,5,20.8,5,0.2,5,13.041666666666666,1665.3950395137074,1.934,5,1.966,5,6.4,5,3.8,5,16.4,5,0.4,0.7925393884338267,0.7925393884338267,0.7507447905492123,0.6539008589157128,1.188803764865831,0.6539008589157128,1
25-26-prem-burnley-vs-leeds-united,2025-2026,8.0,prem,8.0,2025-10-18 14:00:00+00:00,True,90.0,2.0,2.0,0.0,burnley,leeds,fpl-core-insights,prem,1,0,0,0,5,13.041666666666666,1433.971716468717,0.66,5,1.186,5,4.0,5,1.2,5,20.0,5,0.0,5,14.104166666666666,1474.7275383378176,1.0959999999999999,5,0.8879999999999999,5,4.0,5,2.0,5,20.4,5,0.2,-0.22305015750036317,-0.22305015750036317,-0.2627068447384381,-0.24760282219837226,-0.06131075483432909,-0.24760282219837226,1
25-26-prem-crystal-palace-vs-afc-bournemouth,2025-2026,8.0,prem,8.0,2025-10-18 14:00:00+00:00,True,31.0,91.0,3.0,3.0,crystal-palace,bournemouth,fpl-core-insights,prem,1,0,0,0,5,13.041666666666666,1643.5680912806924,1.732,5,1.6460000000000001,5,4.4,5,3.8,5,21.25,4,0.2,5,14.791666666666666,1608.4031574482015,1.088,5,0.734,5,4.8,5,1.2,5,18.8,5,0.4,0.6833507587101421,0.6833507587101421,0.6348087189026198,0.3764605094153497,0.5981481996173464,0.3764605094153497,1
25-26-prem-manchester-city-vs-everton,2025-2026,8.0,prem,8.0,2025-10-18 14:00:00+00:00,True,43.0,11.0,2.0,0.0,manchester-city,everton,fpl-core-insights,prem,1,0,0,0,5,12.9375,1778.0984712742145,1.0879999999999999,5,0.942,5,3.6,5,2.6,5,11.6,5,0.4,5,13.041666666666666,1596.3378676691216,1.2739999999999998,5,1.1119999999999999,5,4.2,5,2.0,5,18.4,5,0.2,1.319882035743447,1.319882035743447,1.1380384058655977,0.33622687342935664,0.6612520129143994,0.33622687342935664,1
25-26-prem-sunderland-vs-wolverhampton-wanderers,2025-2026,8.0,prem,8.0,2025-10-18 14:00:00+00:00,True,56.0,39.0,2.0,0.0,sunderland,wolves,fpl-core-insights,prem,1,0,0,0,5,14.0,1460.6189210979906,1.0619999999999998,5,1.454,5,2.6,5,1.6,5,18.4,5,0.4,5,13.041666666666666,1524.7454894361356,1.078,5,0.93,5,3.8,5,0.8,5,23.0,5,0.2,-0.06504870736742667,-0.06504870736742667,-0.3776277894758914,0.16174797402893307,0.20450234059264538,0.16174797402893307,1
25-26-prem-fulham-vs-arsenal,2025-2026,8.0,prem,8.0,2025-10-18 16:30:00+00:00,True,54.0,3.0,0.0,1.0,fulham,arsenal,fpl-core-insights,prem,1,0,0,0,5,14.895833333333334,1591.9462088965358,0.986,5,0.99,5,3.4,5,1.4,5,13.8,5,0.2,5,14.104166666666666,1780.4167297514443,1.6599999999999997,5,1.096,5,4.0,5,3.6,5,15.6,5,0.6,0.5451163936027619,0.5451163936027619,0.3408843171325232,1.1142259358587177,1.300042295659484,1.1142259358587177,1
25-26-prem-tottenham-hotspur-vs-aston-villa,2025-2026,8.0,prem,8.0,2025-10-19 13:00:00+00:00,True,6.0,7.0,1.0,2.0,tottenham,aston-villa,fpl-core-insights,prem,1,0,0,0,5,15.0625,1575.5420401154925,1.254,5,1.3279999999999998,5,3.4,5,1.6,5,14.2,5,0.2,5,14.0,1661.5070915649353,1.02,5,0.74,5,4.8,5,2.0,5,13.0,4,0.2,0.6484048166430717,0.6484048166430717,0.5015605128588548,0.5369039224872356,0.8556979208895406,0.5369039224872356,1
25-26-prem-liverpool-vs-manchester-united,2025-2026,8.0,prem,8.0,2025-10-19 15:30:00+00:00,True,14.0,1.0,0.0,1.0,liverpool,manchester-united,fpl-core-insights,prem,1,0,0,0,5,14.958333333333334,1780.6580265600294,1.83,5,1.8900000000000001,5,3.4,5,4.0,5,14.6,5,0.0,5,15.0625,1577.9439827944818,2.182,5,1.398,5,4.8,5,3.0,5,18.6,5,0.2,1.1927628225206306,1.1927628225206306,0.9159876107429455,0.36834745754608644,0.6083908365750639,0.36834745754608644,1
25-26-prem-west-ham-united-vs-brentford,2025-2026,8.0,prem,8.0,2025-10-20 19:00:00+00:00,True,21.0,94.0,0.0,2.0,west-ham,brentford,fpl-core-insights,prem,1,0,0,0,5,16.208333333333332,1505.9977786154566,1.072,5,1.566,5,3.6,5,1.8,5,14.2,5,0.2,5,15.145833333333334,1591.724588495748,1.092,5,1.154,5,4.4,5,2.4,5,15.0,4,0.0,0.19998064678940602,0.19998064678940602,-0.011686366557427011,0.5434448415543865,0.6707790236403242,0.5434448415543865,1
25-26-prem-leeds-united-vs-west-ham-united,2025-2026,9.0,prem,9.0,2025-10-24 19:00:00+00:00,True,2.0,21.0,2.0,1.0,leeds,west-ham,fpl-core-insights,prem,1,0,0,0,5,6.208333333333333,1465.8522972089863,1.484,5,0.8859999999999999,5,4.6,5,2.6,5,19.4,5,0.0,5,4.0,1496.1625945275955,0.6580000000000001,5,1.8939999999999997,5,2.2,5,1.0,5,14.2,5,0.0,-0.0961380481391947,-0.0961380481391947,-0.2973560983481803,-0.04277479980103997,0.15556859929853037,-0.04277479980103997,1
25-26-prem-chelsea-vs-sunderland,2025-2026,9.0,prem,9.0,2025-10-25 14:00:00+00:00,True,8.0,56.0,1.0,2.0,chelsea,sunderland,fpl-core-insights,prem,1,0,0,0,5,2.7916666666666665,1690.711485253721,1.6440000000000001,5,1.986,5,5.2,5,2.6,5,17.8,5,0.4,5,7.0,1470.1623646275634,0.884,5,1.38,5,2.4,5,1.6,5,15.6,5,0.6,0.969461398952647,0.969461398952647,0.848831578117929,-0.3406655320022627,-0.012245482405099942,-0.3406655320022627,1
25-26-prem-newcastle-united-vs-fulham,2025-2026,9.0,prem,9.0,2025-10-25 14:00:00+00:00,True,4.0,54.0,2.0,1.0,newcastle-united,fulham,fpl-core-insights,prem,1,0,0,0,5,3.7916666666666665,1664.2263698211043,1.748,5,1.386,5,6.0,5,3.0,5,17.8,5,0.6,5,6.895833333333333,1584.9706104186344,0.8720000000000001,5,1.2440000000000002,5,2.8,5,0.8,5,14.0,5,0.2,1.2070017704385918,1.2070017704385918,0.6798980097339427,0.3359362354162714,0.5380477054366879,0.3359362354162714,1
25-26-prem-manchester-united-vs-brighton-hove-albion,2025-2026,9.0,prem,9.0,2025-10-25 16:30:00+00:00,True,1.0,36.0,4.0,2.0,manchester-united,brighton,fpl-core-insights,prem,1,0,0,0,5,6.041666666666667,1594.660336041433,1.7240000000000002,5,1.7079999999999997,5,4.4,5,3.2,5,18.4,5,0.4,5,7.104166666666667,1651.6476999355523,1.158,5,1.358,5,3.6,5,1.6,5,21.0,5,0.2,0.6452312007063559,0.6452312007063559,0.42097654916221783,0.7697640838380954,0.8197098074179453,0.7697640838380954,1
25-26-prem-brentford-vs-liverpool,2025-2026,9.0,prem,9.0,2025-10-25 19:00:00+00:00,True,94.0,14.0,3.0,2.0,brentford,liverpool,fpl-core-insights,prem,1,0,0,0,5,5.0,1601.5597725836092,1.28,5,0.9739999999999999,5,5.0,5,3.2,5,13.5,4,0.2,5,3.0,1765.889135843916,1.702,5,2.056,5,3.4,5,3.6,5,14.8,5,0.0,0.7018674568839371,0.7018674568839371,0.5878568890452622,0.9182859160309894,1.1960461157892646,0.9182859160309894,1
25-26-prem-afc-bournemouth-vs-nottingham-forest,2025-2026,9.0,prem,9.0,2025-10-26 14:00:00+00:00,True,91.0,17.0,2.0,0.0,bournemouth,nottingham-forest,fpl-core-insights,prem,1,0,0,0,5,8.0,1611.6015795235558,1.176,5,1.584,5,4.6,5,1.2,5,16.8,5,0.2,5,8.104166666666666,1526.9035258972,1.6960000000000002,5,2.186,5,5.2,5,2.6,5,16.6,5,0.2,0.6078358809798449,0.6078358809798449,0.39030005421891895,0.0016873378658005117,0.29592766689576855,0.0016873378658005117,1
25-26-prem-arsenal-vs-crystal-palace,2025-2026,9.0,prem,9.0,2025-10-26 14:00:00+00:00,True,3.0,31.0,1.0,0.0,arsenal,crystal-palace,fpl-core-insights,prem,1,0,0,0,5,4.791666666666667,1791.4052702241622,1.6,5,1.3379999999999999,5,4.4,5,3.4,5,15.0,5,0.8,5,2.7916666666666665,1638.0153307883663,1.6759999999999997,5,1.51,5,3.8,5,3.0,5,19.2,5,0.6,1.2902277744284263,1.2902277744284263,1.1002051912429212,0.5967684054956287,0.649664371475428,0.5967684054956287,1
25-26-prem-aston-villa-vs-manchester-city,2025-2026,9.0,prem,9.0,2025-10-26 14:00:00+00:00,True,7.0,43.0,1.0,0.0,aston-villa,manchester-city,fpl-core-insights,prem,1,0,0,0,5,2.8854166666666665,1654.4875653946285,0.9780000000000001,5,1.1039999999999999,5,4.8,5,2.0,5,16.8,5,0.2,5,4.791666666666667,1783.6168560209846,1.5979999999999999,5,0.96,5,4.8,5,3.6,5,13.2,5,0.6,0.8271022863650532,0.8271022863650532,0.5345252970842873,1.1530567212080072,1.3413367719468892,1.1530567212080072,1
25-26-prem-wolverhampton-wanderers-vs-burnley,2025-2026,9.0,prem,9.0,2025-10-26 14:00:00+00:00,True,39.0,90.0,2.0,3.0,wolves,burnley,fpl-core-insights,prem,1,0,0,0,5,8.0,1515.2020459065627,1.1440000000000001,5,0.75,5,3.8,5,0.8,5,22.8,5,0.2,5,8.0,1442.8469575975482,0.5800000000000001,5,1.492,5,3.6,5,1.0,5,20.6,5,0.2,0.1675400831190167,0.1675400831190167,0.10894474906660634,-0.22787955143357247,-0.17329688135055515,-0.22787955143357247,1
25-26-prem-everton-vs-tottenham-hotspur,2025-2026,9.0,prem,9.0,2025-10-26 16:30:00+00:00,True,11.0,6.0,0.0,3.0,everton,tottenham,fpl-core-insights,prem,1,0,0,0,5,8.104166666666666,1592.7096423480502,1.02,5,1.48,5,4.0,5,1.6,5,17.4,5,0.0,5,3.8958333333333335,1560.7202190762118,1.424,5,1.098,5,4.2,5,2.4,5,19.4,5,0.2,0.6474600821470021,0.6474600821470021,0.31652411519021767,0.45776525391898837,0.585840161014691,0.45776525391898837,1
25-26-prem-brighton-hove-albion-vs-leeds-united,2025-2026,10.0,prem,10.0,2025-11-01 15:00:00+00:00,True,36.0,2.0,3.0,0.0,brighton,leeds,fpl-core-insights,prem,1,0,0,0,5,2.8020833333333335,1634.3862858989714,1.2879999999999998,5,1.346,5,4.8,5,2.0,5,19.4,5,0.0,5,7.833333333333333,1474.4317846069582,1.6239999999999999,5,0.8460000000000001,5,5.0,5,3.0,5,20.0,5,0.0,0.7410958226068136,0.7410958226068136,0.6879423704560081,-0.27454819359330057,-0.06355532706079511,-0.27454819359330057,1
25-26-prem-burnley-vs-arsenal,2025-2026,10.0,prem,10.0,2025-11-01 15:00:00+00:00,True,90.0,3.0,0.0,2.0,burnley,arsenal,fpl-core-insights,prem,1,0,0,0,5,6.041666666666667,1456.9710703349303,0.6799999999999999,5,1.8059999999999998,5,3.4,5,1.0,5,21.2,5,0.2,5,2.8020833333333335,1803.4667741222881,1.4540000000000002,5,0.992,5,4.6,5,3.0,5,13.2,5,0.8,-0.1463187288868947,-0.1463187288868947,-0.18933933362834324,1.1386848604369273,1.3147147512146198,1.1386848604369273,1
25-26-prem-crystal-palace-vs-brentford,2025-2026,10.0,prem,10.0,2025-11-01 15:00:00+00:00,True,31.0,94.0,2.0,0.0,crystal-palace,brentford,fpl-core-insights,prem,1,0,0,0,5,2.8020833333333335,1645.0124061217757,1.4680000000000002,5,1.306,5,2.4,5,1.8,5,16.6,5,0.6,5,3.8020833333333335,1618.4458125750184,1.674,5,1.46,5,5.2,5,4.2,5,13.6,5,0.4,0.7196911660089903,0.7196911660089903,0.6482359533187332,0.666475182731506,0.8141793050071425,0.666475182731506,1
25-26-prem-fulham-vs-wolverhampton-wanderers,2025-2026,10.0,prem,10.0,2025-11-01 15:00:00+00:00,True,54.0,39.0,3.0,0.0,fulham,wolves,fpl-core-insights,prem,1,0,0,0,5,3.8020833333333335,1574.3986580012786,0.8200000000000001,5,1.554,5,2.8,5,0.8,5,15.6,5,0.0,5,2.8020833333333335,1497.2912480257812,1.452,5,1.0,5,4.0,5,1.8,5,20.8,5,0.0,0.5194527907422996,0.5194527907422996,0.3277585785331894,0.07979747476189068,0.12748148002504883,0.07979747476189068,1
25-26-prem-nottingham-forest-vs-manchester-united,2025-2026,10.0,prem,10.0,2025-11-01 15:00:00+00:00,True,17.0,1.0,2.0,2.0,nottingham-forest,manchester-united,fpl-core-insights,prem,1,0,0,0,5,6.041666666666667,1521.3180964153155,1.4340000000000002,5,1.97,5,4.8,5,2.4,5,17.2,5,0.2,5,6.9375,1603.9989460574518,1.6780000000000002,5,1.4060000000000001,5,5.8,5,3.6,5,18.0,5,0.4,0.26789126908197675,0.26789126908197675,-0.03836465901104493,0.4577497782014462,0.6977643850481107,0.4577497782014462,1
25-26-prem-tottenham-hotspur-vs-chelsea,2025-2026,10.0,prem,10.0,2025-11-01 17:30:00+00:00,True,6.0,8.0,0.0,1.0,tottenham,chelsea,fpl-core-insights,prem,1,0,0,0,5,2.8958333333333335,1564.2994878965214,1.362,5,1.09,5,4.2,5,3.0,5,18.8,5,0.4,5,2.90625,1677.5096666595427,1.6780000000000002,5,2.16,5,5.6,5,3.2,5,15.6,5,0.2,0.5825281575542981,0.5825281575542981,0.48894725752294926,0.8112547131348816,0.9157801632625795,0.8112547131348816,1
25-26-prem-liverpool-vs-aston-villa,2025-2026,10.0,prem,10.0,2025-11-01 20:00:00+00:00,True,14.0,7.0,2.0,0.0,liverpool,aston-villa,fpl-core-insights,prem,1,0,0,0,5,3.0104166666666665,1742.3727335974118,1.7899999999999998,5,1.7580000000000002,5,4.6,5,3.0,5,16.0,5,0.0,5,6.25,1665.8922699120267,0.9179999999999999,5,1.156,5,4.6,5,1.8,5,18.4,5,0.4,1.1226590588469165,1.1226590588469165,0.8134472632562068,0.5642340744882066,0.8695433969420807,0.5642340744882066,1
25-26-prem-west-ham-united-vs-newcastle-united,2025-2026,10.0,prem,10.0,2025-11-02 14:00:00+00:00,True,21.0,4.0,3.0,1.0,west-ham,newcastle-united,fpl-core-insights,prem,1,0,0,0,5,8.791666666666666,1487.5831071296236,0.6679999999999999,5,1.934,5,2.0,5,0.8,5,14.0,5,0.0,5,3.75,1679.4756482311825,1.4760000000000002,5,1.352,5,5.6,5,2.6,5,15.6,5,0.4,0.13276069454365066,0.13276069454365066,-0.07535752087943956,0.7225494952262419,1.2320190268802114,0.7225494952262419,1
25-26-prem-manchester-city-vs-afc-bournemouth,2025-2026,10.0,prem,10.0,2025-11-02 16:30:00+00:00,True,43.0,91.0,3.0,1.0,manchester-city,bournemouth,fpl-core-insights,prem,1,0,0,0,5,3.8645833333333335,1774.3095315363857,1.164,5,1.018,5,3.8,5,2.6,5,16.6,5,0.6,5,7.104166666666667,1617.1870090054404,1.002,5,1.5340000000000003,5,4.6,5,1.0,5,15.0,5,0.4,1.314570297189388,1.314570297189388,1.1126752224834724,0.41833645203271075,0.6478878778566903,0.41833645203271075,1
25-26-prem-sunderland-vs-everton,2025-2026,10.0,prem,10.0,2025-11-03 20:00:00+00:00,True,56.0,11.0,1.0,1.0,sunderland,everton,fpl-core-insights,prem,1,0,0,0,5,9.25,1487.1508683651412,1.0740000000000003,5,1.204,5,3.2,5,2.0,5,15.8,5,0.4,5,8.145833333333334,1579.5935070895473,1.2280000000000002,5,1.6440000000000001,5,4.0,5,2.2,5,17.6,5,0.0,0.026849767866686004,0.026849767866686004,-0.2848151744711399,0.2705431657424429,0.5817730115073239,0.2705431657424429,1
25-26-prem-tottenham-hotspur-vs-manchester-united,2025-2026,11.0,prem,11.0,2025-11-08 12:30:00+00:00,True,6.0,1.0,2.0,2.0,tottenham,manchester-united,fpl-core-insights,prem,1,0,0,0,5,3.6875,1565.270752697282,1.3699999999999999,5,1.984,5,3.6,5,2.8,5,18.0,5,0.4,5,6.895833333333333,1603.9217865334792,1.534,5,1.7060000000000002,5,6.4,5,3.0,5,16.2,5,0.4,0.604799778744076,0.604799778744076,0.5383912510617015,0.4497145574551331,0.6921397305256916,0.4497145574551331,1
25-26-prem-everton-vs-fulham,2025-2026,11.0,prem,11.0,2025-11-08 15:00:00+00:00,True,11.0,54.0,2.0,0.0,everton,fulham,fpl-core-insights,prem,1,0,0,0,5,4.791666666666667,1579.2355321868797,1.2399999999999998,5,1.6079999999999999,5,3.6,5,2.0,5,16.2,5,0.0,5,7.0,1580.161670663958,0.914,5,1.3800000000000003,5,3.2,5,1.0,5,13.6,5,0.2,0.575689341976784,0.575689341976784,0.2618522092702431,0.36840902922234314,0.5775248631553763,0.36840902922234314,1
25-26-prem-west-ham-united-vs-burnley,2025-2026,11.0,prem,11.0,2025-11-08 15:00:00+00:00,True,21.0,90.0,3.0,2.0,west-ham,burnley,fpl-core-insights,prem,1,0,0,0,5,6.041666666666667,1500.6967244473942,0.8859999999999999,5,1.576,5,3.2,5,1.0,5,16.4,5,0.0,5,7.0,1453.4230983570474,0.622,5,2.104,5,2.8,5,1.0,5,18.8,5,0.2,0.19160029108147753,0.19160029108147753,-0.03416980330296076,-0.20195552193649094,-0.16434185504139143,-0.20195552193649094,1
25-26-prem-sunderland-vs-arsenal,2025-2026,11.0,prem,11.0,2025-11-08 17:30:00+00:00,True,56.0,3.0,2.0,2.0,sunderland,arsenal,fpl-core-insights,prem,1,0,0,0,5,4.895833333333333,1487.5088432678087,1.1099999999999999,5,1.2259999999999998,5,3.0,5,2.0,5,14.6,5,0.4,5,3.9895833333333335,1808.7454851008224,1.22,5,1.216,5,3.8,5,2.0,5,16.6,5,1.0,0.03554072433888584,0.03554072433888584,-0.2787315049406,1.1793209269985172,1.359635140104329,1.1793209269985172,1
25-26-prem-chelsea-vs-wolverhampton-wanderers,2025-2026,11.0,prem,11.0,2025-11-08 20:00:00+00:00,True,8.0,39.0,3.0,0.0,chelsea,wolves,fpl-core-insights,prem,1,0,0,0,5,3.09375,1679.4968259895365,1.6759999999999997,5,1.752,5,4.8,5,3.2,5,17.2,5,0.2,5,7.208333333333333,1491.5282353631019,1.27,5,1.1039999999999999,5,3.8,5,1.8,5,18.0,5,0.0,0.8944702700840541,0.8944702700840541,0.8086769621972626,0.021725402348813913,0.0868310293358951,0.021725402348813913,1
25-26-prem-aston-villa-vs-afc-bournemouth,2025-2026,11.0,prem,11.0,2025-11-09 14:00:00+00:00,True,7.0,91.0,4.0,0.0,aston-villa,bournemouth,fpl-core-insights,prem,1,0,0,0,5,2.75,1666.6457211616182,1.044,5,1.672,5,4.0,5,2.0,5,15.0,5,0.4,5,6.895833333333333,1613.118389298518,1.0539999999999998,5,1.95,5,5.2,5,1.2,5,16.6,5,0.2,0.8684825241737186,0.8684825241737186,0.5627185419619751,0.3958934310666113,0.6321777631804207,0.3958934310666113,1
25-26-prem-brentford-vs-newcastle-united,2025-2026,11.0,prem,11.0,2025-11-09 14:00:00+00:00,True,94.0,4.0,3.0,1.0,brentford,newcastle-united,fpl-core-insights,prem,1,0,0,0,5,7.958333333333333,1611.420345019205,1.3780000000000001,5,1.184,5,4.0,5,3.2,5,14.0,5,0.4,5,3.75,1673.0856791527244,1.054,5,1.2840000000000003,5,5.2,5,1.8,5,15.2,5,0.4,0.7798594536764335,0.7798594536764335,0.6174468236876358,0.6960047690186159,1.2134377185348733,0.6960047690186159,1
25-26-prem-crystal-palace-vs-brighton-hove-albion,2025-2026,11.0,prem,11.0,2025-11-09 14:00:00+00:00,True,31.0,36.0,0.0,0.0,crystal-palace,brighton,fpl-core-insights,prem,1,0,0,0,5,2.75,1658.9542910562936,1.3279999999999998,5,1.616,5,3.2,5,1.4,5,18.4,5,0.4,5,7.958333333333333,1638.402326645918,1.4460000000000002,5,1.084,5,5.6,5,1.8,5,20.0,5,0.2,0.7900043790848656,0.7900043790848656,0.7129627389808783,0.723002921862889,0.7911823246166434,0.723002921862889,1
25-26-prem-nottingham-forest-vs-leeds-united,2025-2026,11.0,prem,11.0,2025-11-09 14:00:00+00:00,True,17.0,2.0,3.0,1.0,nottingham-forest,leeds,fpl-core-insights,prem,1,0,0,0,5,2.84375,1517.4722274166893,1.008,5,1.704,5,3.0,5,1.0,5,17.8,5,0.2,5,7.958333333333333,1470.4157438600116,1.6280000000000001,5,1.1039999999999999,5,4.6,5,3.0,5,18.4,5,0.0,0.25702100826783625,0.25702100826783625,-0.045973841580943295,-0.32463469560313035,-0.09861587846767594,-0.32463469560313035,1
25-26-prem-manchester-city-vs-liverpool,2025-2026,11.0,prem,11.0,2025-11-09 16:30:00+00:00,True,43.0,14.0,3.0,0.0,manchester-city,liverpool,fpl-core-insights,prem,1,0,0,0,5,3.8541666666666665,1782.4503774280804,1.3059999999999998,5,1.192,5,5.8,5,2.0,5,14.8,5,0.0,5,4.854166666666667,1752.9078616226298,1.6139999999999997,5,1.322,5,5.8,5,3.0,5,16.2,5,0.4,1.3633825483721609,1.3633825483721609,1.1660556660407042,0.8282330986527916,1.1510785971699393,0.8282330986527916,1
25-26-prem-burnley-vs-chelsea,2025-2026,12.0,prem,12.0,2025-11-22 12:30:00+00:00,True,90.0,8.0,0.0,2.0,burnley,chelsea,fpl-core-insights,prem,1,0,0,0,5,13.895833333333334,1446.9308108603368,0.752,5,2.302,5,3.8,5,1.8,5,18.0,5,0.2,5,13.6875,1683.0201202013216,2.128,5,1.056,5,6.2,5,4.2,5,14.4,5,0.4,-0.18078621102521292,-0.18078621102521292,-0.22544745905623592,0.8440630243103598,0.9450217873884789,0.8440630243103598,1
25-26-prem-afc-bournemouth-vs-west-ham-united,2025-2026,12.0,prem,12.0,2025-11-22 15:00:00+00:00,True,91.0,21.0,2.0,2.0,bournemouth,west-ham,fpl-core-insights,prem,1,0,0,0,5,13.041666666666666,1606.7829439163665,1.2120000000000002,5,1.922,5,4.8,5,1.4,5,15.2,5,0.2,5,14.0,1507.1890119441048,1.252,5,1.6420000000000001,5,3.8,5,1.4,5,16.0,5,0.0,0.5848296012049419,0.5848296012049419,0.32825319967307,-0.017725447319139276,0.2150922282012225,-0.017725447319139276,1
25-26-prem-brighton-hove-albion-vs-brentford,2025-2026,12.0,prem,12.0,2025-11-22 15:00:00+00:00,True,36.0,94.0,2.0,1.0,brighton,brentford,fpl-core-insights,prem,1,0,0,0,5,13.041666666666666,1641.2182602470068,1.34,5,1.122,5,5.0,5,1.6,5,19.4,5,0.4,5,13.041666666666666,1620.8931202335204,1.7080000000000002,5,1.102,5,5.2,5,3.8,5,14.2,5,0.4,0.7939892534480765,0.7939892534480765,0.7270128201935077,0.6512850630747062,0.8281997956579626,0.6512850630747062,1
25-26-prem-fulham-vs-sunderland,2025-2026,12.0,prem,12.0,2025-11-22 15:00:00+00:00,True,54.0,56.0,1.0,0.0,fulham,sunderland,fpl-core-insights,prem,1,0,0,0,5,14.0,1572.3991002563628,0.818,5,1.4440000000000002,5,3.2,5,0.8,5,14.8,5,0.2,5,13.895833333333334,1493.5164390587418,0.866,5,1.272,5,2.8,5,1.8,5,15.8,5,0.2,0.544988799653277,0.544988799653277,0.32192893850505827,-0.25019719854715183,0.07630401918666893,-0.25019719854715183,1
25-26-prem-liverpool-vs-nottingham-forest,2025-2026,12.0,prem,12.0,2025-11-22 15:00:00+00:00,True,14.0,17.0,0.0,3.0,liverpool,nottingham-forest,fpl-core-insights,prem,1,0,0,0,5,12.9375,1745.9602691545135,1.2760000000000002,5,1.0739999999999998,5,5.0,5,2.8,5,13.6,5,0.4,5,13.041666666666666,1523.9699969927533,1.458,5,1.152,5,3.4,5,1.6,5,20.6,5,0.2,1.1155784851637907,1.1155784851637907,0.7775186529297221,-0.016738397391607228,0.29878592853831637,-0.016738397391607228,1
25-26-prem-wolverhampton-wanderers-vs-crystal-palace,2025-2026,12.0,prem,12.0,2025-11-22 15:00:00+00:00,True,39.0,31.0,0.0,2.0,wolves,crystal-palace,fpl-core-insights,prem,1,0,0,0,5,13.791666666666666,1488.0049411513169,1.192,5,1.582,5,3.2,5,1.6,5,14.8,5,0.0,5,13.041666666666666,1656.1383574552049,1.388,5,1.51,5,3.4,5,1.4,5,19.4,5,0.6,0.051444967222797795,0.051444967222797795,-0.0288261149556108,0.7101558101494452,0.7859944807542469,0.7101558101494452,1
25-26-prem-newcastle-united-vs-manchester-city,2025-2026,12.0,prem,12.0,2025-11-22 17:30:00+00:00,True,4.0,43.0,2.0,1.0,newcastle-united,manchester-city,fpl-core-insights,prem,1,0,0,0,5,13.145833333333334,1663.6129039384089,0.714,5,1.448,5,4.0,5,1.2,5,14.4,5,0.4,5,13.041666666666666,1789.3979698961966,1.3719999999999999,5,1.1520000000000001,5,6.2,5,1.8,5,15.4,5,0.2,1.1795994791478028,1.1795994791478028,0.6476644270370867,1.2015557780468529,1.4140969940952304,1.2015557780468529,1
25-26-prem-leeds-united-vs-aston-villa,2025-2026,12.0,prem,12.0,2025-11-23 14:00:00+00:00,True,2.0,7.0,1.0,2.0,leeds,aston-villa,fpl-core-insights,prem,1,0,0,0,5,14.0,1463.9179742839476,1.3980000000000001,5,1.4499999999999997,5,3.6,5,2.6,5,16.0,5,0.0,5,14.0,1672.9811665437696,1.2180000000000002,5,1.4300000000000002,5,5.0,5,2.0,5,15.2,5,0.6,-0.12785132265701202,-0.12785132265701202,-0.3663996158736105,0.610066703937454,0.9361227555672599,0.610066703937454,1
25-26-prem-arsenal-vs-tottenham-hotspur,2025-2026,12.0,prem,12.0,2025-11-23 16:30:00+00:00,True,3.0,6.0,4.0,1.0,arsenal,tottenham,fpl-core-insights,prem,1,0,0,0,5,14.958333333333334,1802.7378893098894,1.468,5,0.866,5,5.0,5,2.6,5,14.8,5,0.8,5,15.166666666666666,1564.0862210118232,1.21,5,1.762,5,3.6,5,2.6,5,19.2,5,0.2,1.3311008337108807,1.3311008337108807,1.138557632150734,0.5331481325686772,0.597309609468327,0.5331481325686772,1
25-26-prem-manchester-united-vs-everton,2025-2026,12.0,prem,12.0,2025-11-24 20:00:00+00:00,True,1.0,11.0,0.0,1.0,manchester-united,everton,fpl-core-insights,prem,1,0,0,0,5,16.3125,1605.106318218938,1.2440000000000002,5,1.486,5,5.6,5,2.6,5,17.2,5,0.4,5,16.208333333333332,1586.9981025944749,1.3820000000000001,5,1.45,5,3.4,5,2.8,5,17.0,5,0.2,0.6973828490187158,0.6973828490187158,0.457204726730882,0.29438827277234253,0.6221694326940689,0.29438827277234253,1
25-26-prem-brentford-vs-burnley,2025-2026,13.0,prem,13.0,2025-11-29 15:00:00+00:00,True,94.0,90.0,3.0,1.0,brentford,burnley,fpl-core-insights,prem,1,0,0,0,5,7.0,1613.7030418779816,1.616,5,1.276,5,4.6,5,3.4,5,16.0,5,0.2,5,7.104166666666667,1441.1437256318425,0.76,5,2.414,5,3.8,5,1.8,5,15.8,5,0.2,0.8092749112273203,0.8092749112273203,0.6242495138880744,-0.2465966273499785,-0.21099930858770233,-0.2465966273499785,1
25-26-prem-manchester-city-vs-leeds-united,2025-2026,13.0,prem,13.0,2025-11-29 15:00:00+00:00,True,43.0,2.0,3.0,2.0,manchester-city,leeds,fpl-core-insights,prem,1,0,0,0,5,3.7916666666666665,1761.817101818219,1.4620000000000002,5,1.424,5,4.6,5,1.8,5,16.8,5,0.4,5,6.041666666666667,1457.4707752292109,1.4200000000000002,5,1.6600000000000001,5,3.8,5,2.4,5,17.4,5,0.0,1.3403561131388397,1.3403561131388397,1.0962116623948661,-0.3747672836690564,-0.1398051337933633,-0.3747672836690564,1
25-26-prem-sunderland-vs-afc-bournemouth,2025-2026,13.0,prem,13.0,2025-11-29 15:00:00+00:00,True,56.0,91.0,3.0,2.0,sunderland,bournemouth,fpl-core-insights,prem,1,0,0,0,5,7.0,1487.795258549805,0.7579999999999999,5,1.3359999999999999,5,2.6,5,1.4,5,15.8,5,0.2,5,7.0,1602.0298053200454,1.798,5,1.8760000000000001,5,5.6,5,2.0,5,17.0,5,0.2,0.06870157460210793,0.06870157460210793,-0.26105783366795327,0.31364697617404147,0.5639635676349011,0.31364697617404147,1
25-26-prem-everton-vs-newcastle-united,2025-2026,13.0,prem,13.0,2025-11-29 17:30:00+00:00,True,11.0,4.0,1.0,4.0,everton,newcastle-united,fpl-core-insights,prem,1,0,0,0,5,4.895833333333333,1599.749149343789,1.018,5,1.486,5,2.2,5,1.8,5,14.4,5,0.4,5,3.8958333333333335,1657.9951388377071,1.292,5,1.616,5,4.4,5,2.8,5,14.6,5,0.2,0.6508301482860707,0.6508301482860707,0.335332152189488,0.6276805779583384,1.1510511233210194,0.6276805779583384,1
25-26-prem-tottenham-hotspur-vs-fulham,2025-2026,13.0,prem,13.0,2025-11-29 20:00:00+00:00,True,6.0,54.0,1.0,2.0,tottenham,fulham,fpl-core-insights,prem,1,0,0,0,5,3.0,1547.142683478541,1.302,5,1.6039999999999999,5,4.4,5,2.8,5,17.6,5,0.2,5,7.208333333333333,1578.1202807652994,1.1620000000000001,5,1.1039999999999999,5,4.4,5,1.6,5,13.0,5,0.4,0.5053087689806673,0.5053087689806673,0.44540955528537607,0.32953138308961927,0.5558494347740783,0.32953138308961927,1
25-26-prem-crystal-palace-vs-manchester-united,2025-2026,13.0,prem,13.0,2025-11-30 12:00:00+00:00,True,31.0,1.0,1.0,2.0,crystal-palace,manchester-united,fpl-core-insights,prem,1,0,0,0,5,2.6666666666666665,1647.4805118341797,1.8780000000000001,5,2.0,5,4.6,5,2.6,5,19.8,5,0.4,5,5.666666666666667,1592.3552714696239,1.218,5,1.386,5,5.6,5,2.8,5,16.6,5,0.2,0.7627237652463235,0.7627237652463235,0.7133935936661009,0.42854401113888024,0.6564389696015704,0.42854401113888024,1
25-26-prem-aston-villa-vs-wolverhampton-wanderers,2025-2026,13.0,prem,13.0,2025-11-30 14:05:00+00:00,True,7.0,39.0,1.0,0.0,aston-villa,wolves,fpl-core-insights,prem,1,0,0,0,5,2.8472222222222223,1686.6539105429824,1.3900000000000001,5,1.6079999999999999,5,4.6,5,2.4,5,17.6,5,0.4,5,7.961805555555555,1480.4885798263244,1.384,5,1.706,5,2.8,5,2.0,5,16.0,5,0.0,0.9486935685755751,0.9486935685755751,0.6280250082350471,-0.05562826997628037,0.013156174336126973,-0.05562826997628037,1
25-26-prem-nottingham-forest-vs-brighton-hove-albion,2025-2026,13.0,prem,13.0,2025-11-30 14:05:00+00:00,True,17.0,36.0,0.0,2.0,nottingham-forest,brighton,fpl-core-insights,prem,1,0,0,0,5,2.7534722222222223,1552.364026988636,1.2959999999999998,5,1.3159999999999998,5,5.2,5,1.8,5,21.8,5,0.6,5,7.961805555555555,1648.4083386025457,1.402,5,1.214,5,5.0,5,1.6,5,19.8,5,0.4,0.39446969378268676,0.39446969378268676,0.11995269581463625,0.74593770462415,0.8210248026347083,0.74593770462415,1
25-26-prem-west-ham-united-vs-liverpool,2025-2026,13.0,prem,13.0,2025-11-30 14:05:00+00:00,True,21.0,14.0,0.0,2.0,west-ham,liverpool,fpl-core-insights,prem,1,0,0,0,5,7.961805555555555,1511.942150540426,1.284,5,1.8980000000000004,5,4.2,5,1.0,5,15.2,5,0.0,5,3.7534722222222223,1714.2464001154026,1.532,5,2.054,5,4.6,5,2.6,5,17.2,5,0.2,0.22969845170025102,0.22969845170025102,0.003140586250901467,0.6495260923386634,0.9869056230801032,0.6495260923386634,1
25-26-prem-chelsea-vs-arsenal,2025-2026,13.0,prem,13.0,2025-11-30 16:30:00+00:00,True,8.0,3.0,1.0,1.0,chelsea,arsenal,fpl-core-insights,prem,1,0,0,0,5,4.854166666666667,1694.4797788813148,1.8679999999999999,5,0.9099999999999999,5,4.8,5,3.0,5,15.8,5,0.6,5,3.8541666666666665,1809.3240171369887,1.614,5,1.216,5,5.2,5,3.0,5,15.6,5,0.2,0.996810144736491,0.996810144736491,0.9180463919503772,1.1784668040287654,1.382375242967442,1.1784668040287654,1
25-26-prem-afc-bournemouth-vs-everton,2025-2026,14.0,prem,14.0,2025-12-02 19:30:00+00:00,True,91.0,11.0,0.0,1.0,bournemouth,everton,fpl-core-insights,prem,1,0,0,0,5,3.1875,1591.0476324843266,1.732,5,1.2440000000000002,5,5.8,5,1.8,5,17.2,5,0.2,5,3.0833333333333335,1589.1238355359965,1.054,5,1.392,5,2.4,5,1.8,5,14.6,5,0.4,0.5385348785494717,0.5385348785494717,0.2773202774805709,0.29084997827927633,0.5872841855571969,0.29084997827927633,1
25-26-prem-fulham-vs-manchester-city,2025-2026,14.0,prem,14.0,2025-12-02 19:30:00+00:00,True,54.0,43.0,4.0,5.0,fulham,manchester-city,fpl-core-insights,prem,1,0,0,0,5,2.9791666666666665,1589.5219693759882,0.9460000000000001,5,0.8480000000000001,5,4.0,5,1.2,5,15.0,5,0.4,5,3.1875,1763.789817478985,1.8780000000000001,5,1.336,5,5.6,5,2.8,5,15.0,5,0.4,0.5808138079112956,0.5808138079112956,0.36519477328564387,1.0720625514449602,1.3058573832104028,1.0720625514449602,1
25-26-prem-newcastle-united-vs-tottenham-hotspur,2025-2026,14.0,prem,14.0,2025-12-02 20:15:00+00:00,True,4.0,6.0,2.0,2.0,newcastle-united,tottenham,fpl-core-insights,prem,1,0,0,0,5,3.1145833333333335,1668.6204526454997,1.434,5,1.698,5,5.2,5,3.2,5,14.2,5,0.2,5,3.0104166666666665,1535.7409948678521,0.8100000000000002,5,1.6239999999999999,5,3.6,5,1.8,5,18.2,5,0.2,1.1955332972312311,1.1955332972312311,0.6912265406872122,0.42044518214815885,0.46964537878464274,0.42044518214815885,1
25-26-prem-arsenal-vs-brentford,2025-2026,14.0,prem,14.0,2025-12-03 19:30:00+00:00,True,3.0,94.0,2.0,0.0,arsenal,brentford,fpl-core-insights,prem,1,0,0,0,5,3.125,1808.3244682647266,1.7719999999999998,5,1.012,5,5.8,5,3.2,5,14.6,5,0.0,5,4.1875,1617.491242210216,1.6780000000000002,5,1.006,5,3.8,5,3.2,5,14.8,5,0.2,1.3734756857264734,1.3734756857264734,1.1657531508273815,0.6452475975047629,0.8392721735368753,0.6452475975047629,1
25-26-prem-brighton-hove-albion-vs-aston-villa,2025-2026,14.0,prem,14.0,2025-12-03 19:30:00+00:00,True,36.0,7.0,3.0,4.0,brighton,aston-villa,fpl-core-insights,prem,1,0,0,0,5,3.2256944444444446,1657.9468741742778,1.5779999999999998,5,1.134,5,5.2,5,2.2,5,20.0,5,0.6,5,3.2256944444444446,1689.883394301542,1.358,5,1.2920000000000003,5,5.2,5,2.0,5,17.4,5,0.4,0.8512894289205613,0.8512894289205613,0.7891728850325114,0.6245541842654745,0.9437352486190427,0.6245541842654745,1
25-26-prem-burnley-vs-crystal-palace,2025-2026,14.0,prem,14.0,2025-12-03 19:30:00+00:00,True,90.0,31.0,0.0,1.0,burnley,crystal-palace,fpl-core-insights,prem,1,0,0,0,5,4.1875,1437.3555252996082,0.86,5,2.5,5,3.6,5,1.8,5,18.2,5,0.0,5,3.3125,1633.7762091644981,1.48,5,2.002,5,3.8,5,2.2,5,15.4,5,0.4,-0.23199739220439083,-0.23199739220439083,-0.2765938896595335,0.6853648545322721,0.7226827093408538,0.6853648545322721,1
25-26-prem-wolverhampton-wanderers-vs-nottingham-forest,2025-2026,14.0,prem,14.0,2025-12-03 19:30:00+00:00,True,39.0,17.0,0.0,1.0,wolves,nottingham-forest,fpl-core-insights,prem,1,0,0,0,5,3.2256944444444446,1477.2590960677649,1.026,5,1.6079999999999999,5,2.2,5,1.6,5,17.6,5,0.0,5,3.2256944444444446,1542.8254914169038,1.456,5,1.3760000000000001,5,5.4,5,2.0,5,22.0,5,0.4,0.016626998305699657,0.016626998305699657,-0.050669950019747965,0.08968806952878328,0.3512345133743254,0.08968806952878328,1
25-26-prem-leeds-united-vs-chelsea,2025-2026,14.0,prem,14.0,2025-12-03 20:15:00+00:00,True,2.0,8.0,3.0,1.0,leeds,chelsea,fpl-core-insights,prem,1,0,0,0,5,4.21875,1455.498059568445,1.202,5,2.19,5,3.8,5,2.2,5,20.0,5,0.0,5,3.15625,1695.4793277535769,1.7,5,0.9099999999999999,5,5.0,5,2.6,5,15.2,5,0.6,-0.1156560228434574,-0.1156560228434574,-0.3402685537406194,0.9269459491913458,1.0095237979378748,0.9269459491913458,1
25-26-prem-liverpool-vs-sunderland,2025-2026,14.0,prem,14.0,2025-12-03 20:15:00+00:00,True,14.0,56.0,1.0,1.0,liverpool,sunderland,fpl-core-insights,prem,1,0,0,0,5,3.2569444444444446,1720.8647431038037,1.69,5,1.6099999999999999,5,5.2,5,3.0,5,15.8,5,0.2,5,4.21875,1498.7774313855239,0.884,5,1.51,5,3.4,5,1.4,5,15.8,5,0.0,1.016742445988675,1.016742445988675,0.6921501250651945,-0.23562914458252388,0.10502827329557851,-0.23562914458252388,1
25-26-prem-manchester-united-vs-west-ham-united,2025-2026,14.0,prem,14.0,2025-12-04 20:00:00+00:00,True,1.0,21.0,1.0,1.0,manchester-united,west-ham,fpl-core-insights,prem,1,0,0,0,5,4.333333333333333,1606.0595741393054,1.188,5,1.202,5,6.0,5,2.2,5,16.8,5,0.0,5,4.246527777777778,1505.3238075520248,1.272,5,1.672,5,4.0,5,1.0,5,14.6,5,0.0,0.6844677087353992,0.6844677087353992,0.4685850670443499,-0.02669623665767027,0.18707441897371996,-0.02669623665767027,1
25-26-prem-aston-villa-vs-arsenal,2025-2026,15.0,prem,15.0,2025-12-06 12:30:00+00:00,True,7.0,3.0,2.0,1.0,aston-villa,arsenal,fpl-core-insights,prem,1,0,0,0,5,2.7083333333333335,1701.25801475733,1.5699999999999998,5,1.31,5,5.6,5,2.6,5,18.0,5,0.2,5,2.7083333333333335,1811.80015320195,1.734,5,0.992,5,5.8,5,3.2,5,17.0,5,0.2,0.970419216634764,0.970419216634764,0.6626741385736479,1.1840021900525275,1.3995457417623962,1.1840021900525275,1
25-26-prem-afc-bournemouth-vs-chelsea,2025-2026,15.0,prem,15.0,2025-12-06 15:00:00+00:00,True,91.0,8.0,0.0,0.0,bournemouth,chelsea,fpl-core-insights,prem,1,0,0,0,5,3.8125,1578.7324260290986,1.73,5,1.4400000000000002,5,5.2,5,2.0,5,18.4,5,0.0,5,2.78125,1681.1747119653319,1.2600000000000002,5,1.44,5,3.8,5,1.6,5,16.4,5,0.4,0.5013182945400271,0.5013182945400271,0.2512686686739597,0.8622735560292212,0.9642531227243877,0.8622735560292212,1
25-26-prem-everton-vs-nottingham-forest,2025-2026,15.0,prem,15.0,2025-12-06 15:00:00+00:00,True,11.0,17.0,3.0,0.0,everton,nottingham-forest,fpl-core-insights,prem,1,0,0,0,5,3.8125,1601.4390419912245,0.9760000000000002,5,1.1620000000000001,5,2.6,5,1.4,5,14.2,5,0.6,5,2.8125,1553.2406851278172,1.102,5,1.3820000000000001,5,4.8,5,1.8,5,20.0,5,0.6,0.613335794363808,0.613335794363808,0.32806656228872094,0.11994439075867616,0.3724139382352504,0.11994439075867616,1
25-26-prem-manchester-city-vs-sunderland,2025-2026,15.0,prem,15.0,2025-12-06 15:00:00+00:00,True,43.0,56.0,3.0,0.0,manchester-city,sunderland,fpl-core-insights,prem,1,0,0,0,5,3.8125,1771.1412472869938,2.018,5,1.3940000000000001,5,5.2,5,3.2,5,15.4,5,0.2,5,2.78125,1505.788515385851,0.706,5,1.624,5,3.8,5,1.2,5,16.4,5,0.0,1.3138560871102667,1.3138560871102667,1.0834892713019084,-0.196078288533685,0.13271387252976571,-0.196078288533685,1
25-26-prem-newcastle-united-vs-burnley,2025-2026,15.0,prem,15.0,2025-12-06 15:00:00+00:00,True,4.0,90.0,2.0,1.0,newcastle-united,burnley,fpl-core-insights,prem,1,0,0,0,5,3.78125,1663.1600889601968,1.7100000000000002,5,1.616,5,5.6,5,3.4,5,13.6,5,0.0,5,2.8125,1430.5863557263594,0.75,5,2.162,5,3.0,5,1.8,5,17.0,5,0.0,1.1612157151294433,1.1612157151294433,0.6672042332159607,-0.2800079804428176,-0.23687466475193952,-0.2800079804428176,1
25-26-prem-tottenham-hotspur-vs-brentford,2025-2026,15.0,prem,15.0,2025-12-06 15:00:00+00:00,True,6.0,94.0,2.0,0.0,tottenham,brentford,fpl-core-insights,prem,1,0,0,0,5,3.78125,1541.201358553155,0.898,5,1.3519999999999999,5,3.2,5,2.2,5,18.0,5,0.0,5,2.8125,1614.0155572729925,1.64,5,1.0059999999999998,5,3.6,5,3.0,5,16.2,5,0.0,0.4936676862558943,0.4936676862558943,0.45476276424994677,0.6191775414688401,0.8210231343117294,0.6191775414688401,1
25-26-prem-leeds-united-vs-liverpool,2025-2026,15.0,prem,15.0,2025-12-06 17:30:00+00:00,True,2.0,14.0,3.0,3.0,leeds,liverpool,fpl-core-insights,prem,1,0,0,0,5,2.8854166666666665,1469.8026753566899,1.468,5,2.2819999999999996,5,3.8,5,2.0,5,19.6,5,0.0,5,2.8854166666666665,1713.8536591034765,1.86,5,1.392,5,5.8,5,2.8,5,16.8,5,0.2,-0.05098362968133284,-0.05098362968133284,-0.29499787852713216,0.6644645258310072,0.977191589939836,0.6644645258310072,1
25-26-prem-brighton-hove-albion-vs-west-ham-united,2025-2026,15.0,prem,15.0,2025-12-07 14:00:00+00:00,True,36.0,21.0,1.0,1.0,brighton,west-ham,fpl-core-insights,prem,1,0,0,0,5,3.7708333333333335,1646.5722537184897,1.6759999999999997,5,1.3619999999999999,5,5.6,5,2.4,5,21.0,5,0.6,5,2.75,1510.1023461343325,1.3,5,1.734,5,4.0,5,1.2,5,15.2,5,0.0,0.8131694746123879,0.8131694746123879,0.76248891701679,-0.002185018448259749,0.20423227172030733,-0.002185018448259749,1
25-26-prem-fulham-vs-crystal-palace,2025-2026,15.0,prem,15.0,2025-12-07 16:30:00+00:00,True,54.0,31.0,1.0,2.0,fulham,crystal-palace,fpl-core-insights,prem,1,0,0,0,5,4.875,1582.1705395679794,1.06,5,0.984,5,5.0,5,1.4,5,16.6,5,0.4,5,3.875,1640.545378737747,1.362,5,1.414,5,3.6,5,2.4,5,15.4,5,0.6,0.5693870880543472,0.5693870880543472,0.3571960693857801,0.6902421270798208,0.7260968001241378,0.6902421270798208,1
25-26-prem-wolverhampton-wanderers-vs-manchester-united,2025-2026,15.0,prem,15.0,2025-12-08 20:00:00+00:00,True,39.0,1.0,1.0,4.0,wolves,manchester-united,fpl-core-insights,prem,1,0,0,0,5,5.020833333333333,1466.8439023568515,0.682,5,1.538,5,1.6,5,1.2,5,17.8,5,0.0,5,4.0,1601.2810355569977,1.29,5,1.1360000000000001,5,5.0,5,2.0,5,16.4,5,0.0,-0.013629322924193235,-0.013629322924193235,-0.07184937488067299,0.4514272142977625,0.6599564905259887,0.4514272142977625,1
25-26-prem-chelsea-vs-everton,2025-2026,16.0,prem,16.0,2025-12-13 15:00:00+00:00,True,8.0,11.0,2.0,0.0,chelsea,everton,fpl-core-insights,prem,1,0,0,0,5,3.7916666666666665,1664.1448305824936,1.058,5,1.7420000000000002,5,3.2,5,1.0,5,17.4,5,0.4,5,7.0,1607.9080102546409,1.014,5,1.016,5,3.2,5,1.4,5,14.2,5,0.8,0.8989100774895038,0.8989100774895038,0.807588923665507,0.3680120540246089,0.6704007825579337,0.3680120540246089,1
25-26-prem-liverpool-vs-brighton-hove-albion,2025-2026,16.0,prem,16.0,2025-12-13 15:00:00+00:00,True,14.0,36.0,2.0,0.0,liverpool,brighton,fpl-core-insights,prem,1,0,0,0,5,3.7916666666666665,1712.8603764581137,1.424,5,1.228,5,4.8,5,2.8,5,15.6,5,0.4,5,6.041666666666667,1641.0397699533037,1.436,5,1.49,5,5.0,5,2.4,5,18.6,5,0.4,0.9529984589571389,0.9529984589571389,0.6351178939459093,0.7425375746782357,0.7846675569858818,0.7425375746782357,1
25-26-prem-burnley-vs-fulham,2025-2026,16.0,prem,16.0,2025-12-13 17:30:00+00:00,True,90.0,54.0,2.0,3.0,burnley,fulham,fpl-core-insights,prem,1,0,0,0,5,7.104166666666667,1427.747676183625,0.9880000000000001,5,2.056,5,3.6,5,2.2,5,17.0,5,0.0,5,6.041666666666667,1571.5489199362346,0.9400000000000001,5,1.266,5,4.6,5,1.4,5,17.6,5,0.2,-0.2203530298653541,-0.2203530298653541,-0.25640564489055273,0.33756707689316334,0.5413456702077519,0.33756707689316334,1
25-26-prem-arsenal-vs-wolverhampton-wanderers,2025-2026,16.0,prem,16.0,2025-12-13 20:00:00+00:00,True,3.0,39.0,2.0,1.0,arsenal,wolves,fpl-core-insights,prem,1,0,0,0,5,3.0,1802.929669647869,1.314,5,1.9,5,5.8,5,2.2,5,18.0,5,0.4,5,5.0,1458.3980320846456,0.716,5,2.0799999999999996,5,1.6,5,1.0,5,19.6,5,0.0,1.4041597038733489,1.4041597038733489,1.167113602263973,-0.11251872201380549,-0.07172839025723966,-0.11251872201380549,1
25-26-prem-crystal-palace-vs-manchester-city,2025-2026,16.0,prem,16.0,2025-12-14 14:00:00+00:00,True,31.0,43.0,0.0,3.0,crystal-palace,manchester-city,fpl-core-insights,prem,1,0,0,0,5,2.75,1655.6314462992177,1.3679999999999999,5,1.8419999999999999,5,3.6,5,2.8,5,13.0,5,0.4,5,3.75,1755.9087761356445,1.9260000000000002,5,1.512,5,4.4,5,3.2,5,15.4,5,0.2,0.7984374045169841,0.7984374045169841,0.7551816732565768,1.0503986492896782,1.2665837699499378,1.0503986492896782,1
25-26-prem-nottingham-forest-vs-tottenham-hotspur,2025-2026,16.0,prem,16.0,2025-12-14 14:00:00+00:00,True,17.0,6.0,3.0,0.0,nottingham-forest,tottenham,fpl-core-insights,prem,1,0,0,0,5,2.84375,1553.8339729946977,0.59,5,1.53,5,2.6,5,1.0,5,19.8,5,0.4,5,4.75,1562.1404542634637,1.464,5,1.2440000000000002,5,5.2,5,3.2,5,18.8,5,0.4,0.3560607586313309,0.3560607586313309,0.07939402105692843,0.5458805619546251,0.584117772834507,0.5458805619546251,1
25-26-prem-sunderland-vs-newcastle-united,2025-2026,16.0,prem,16.0,2025-12-14 14:00:00+00:00,True,56.0,4.0,1.0,0.0,sunderland,newcastle-united,fpl-core-insights,prem,1,0,0,0,5,7.958333333333333,1503.3791645836668,0.61,5,1.9080000000000001,5,3.4,5,1.2,5,17.8,5,0.0,5,3.75,1659.8651921556427,1.8059999999999998,5,1.384,5,7.2,5,3.0,5,13.4,5,0.0,0.10908676505537356,0.10908676505537356,-0.2298312992113881,0.6210711733849513,1.0953113439422872,0.6210711733849513,1
25-26-prem-west-ham-united-vs-aston-villa,2025-2026,16.0,prem,16.0,2025-12-14 14:00:00+00:00,True,21.0,7.0,2.0,3.0,west-ham,aston-villa,fpl-core-insights,prem,1,0,0,0,5,7.0,1515.6348298995185,1.178,5,2.004,5,3.2,5,1.4,5,13.8,5,0.0,5,2.75,1715.4288893585087,1.446,5,1.3379999999999999,5,5.4,5,2.4,5,17.6,5,0.2,0.22418361405886164,0.22418361405886164,0.026316899178246415,0.6827903408486439,0.999156648456187,0.6827903408486439,1
25-26-prem-brentford-vs-leeds-united,2025-2026,16.0,prem,16.0,2025-12-14 16:30:00+00:00,True,94.0,2.0,1.0,1.0,brentford,leeds,fpl-core-insights,prem,1,0,0,0,5,8.0625,1604.222351773945,1.59,5,1.296,5,3.4,5,3.0,5,17.6,5,0.0,5,7.958333333333333,1474.2022389440892,1.67,5,2.0300000000000002,5,4.4,5,2.2,5,19.0,5,0.0,0.7844205073906773,0.7844205073906773,0.5668880744387657,-0.27796256845253037,-0.026647472431901683,-0.27796256845253037,1
25-26-prem-manchester-united-vs-afc-bournemouth,2025-2026,16.0,prem,16.0,2025-12-15 20:00:00+00:00,True,1.0,91.0,4.0,4.0,manchester-united,bournemouth,fpl-core-insights,prem,1,0,0,0,5,7.0,1609.7269058292036,1.886,5,0.8320000000000001,5,5.6,5,3.4,5,17.2,5,0.0,5,9.208333333333334,1579.3774700651413,1.86,5,1.1720000000000002,5,5.2,5,2.0,5,17.4,5,0.2,0.7006258376591212,0.7006258376591212,0.5095262816308089,0.2635454343396594,0.5188565312053123,0.2635454343396594,1
25-26-prem-newcastle-united-vs-chelsea,2025-2026,17.0,prem,17.0,2025-12-20 12:30:00+00:00,True,4.0,8.0,2.0,2.0,newcastle-united,chelsea,fpl-core-insights,prem,1,0,0,0,5,2.6770833333333335,1658.044871166009,1.1599999999999997,5,1.2600000000000002,5,5.2,5,1.2,5,14.4,5,0.0,5,3.6875,1674.3615546866872,1.2719999999999998,5,1.832,5,3.8,5,1.8,5,16.0,5,0.4,1.0874306353262235,1.0874306353262235,0.6098130182191459,0.8544617351618848,0.9658712367700436,0.8544617351618848,1
25-26-prem-afc-bournemouth-vs-burnley,2025-2026,17.0,prem,17.0,2025-12-20 15:00:00+00:00,True,91.0,90.0,1.0,1.0,bournemouth,burnley,fpl-core-insights,prem,1,0,0,0,5,4.791666666666667,1582.450923742493,1.9100000000000001,5,1.49,5,6.4,5,2.8,5,16.6,5,0.2,5,6.895833333333333,1419.5636566757412,1.28,5,1.8980000000000001,5,3.8,5,2.4,5,16.4,5,0.0,0.5315420211653141,0.5315420211653141,0.2816675628539477,-0.269770640917391,-0.2394458813322659,-0.269770640917391,1
25-26-prem-brighton-hove-albion-vs-sunderland,2025-2026,17.0,prem,17.0,2025-12-20 15:00:00+00:00,True,36.0,56.0,0.0,0.0,brighton,sunderland,fpl-core-insights,prem,1,0,0,0,5,7.0,1635.1511074663838,1.738,5,1.718,5,4.6,5,2.8,5,18.0,5,0.2,5,6.041666666666667,1515.5457222578466,0.58,5,1.576,5,3.2,5,1.0,5,16.6,5,0.2,0.7530804725685734,0.7530804725685734,0.6974131683677951,-0.20028530313158593,0.15129533088366234,-0.20028530313158593,1
25-26-prem-manchester-city-vs-west-ham-united,2025-2026,17.0,prem,17.0,2025-12-20 15:00:00+00:00,True,43.0,21.0,3.0,0.0,manchester-city,west-ham,fpl-core-insights,prem,1,0,0,0,5,2.8125,1772.8861784487074,1.4619999999999997,5,1.3960000000000001,5,4.0,5,2.2,5,16.4,5,0.6,5,6.041666666666667,1508.9523443524824,0.782,5,1.916,5,2.6,5,1.2,5,14.4,5,0.0,1.3359733308234936,1.3359733308234936,1.1495265933947576,0.01339791595910196,0.20572792374579812,0.01339791595910196,1
25-26-prem-wolverhampton-wanderers-vs-brentford,2025-2026,17.0,prem,17.0,2025-12-20 15:00:00+00:00,True,39.0,94.0,0.0,2.0,wolves,brentford,fpl-core-insights,prem,1,0,0,0,5,6.791666666666667,1456.8001703530228,0.758,5,1.6219999999999999,5,2.0,5,1.2,5,19.0,5,0.0,5,2.8125,1591.2596392598505,1.012,5,1.27,5,3.0,5,1.8,5,16.2,5,0.0,-0.04915559190352513,-0.04915559190352513,-0.08027186722278473,0.5153154691785771,0.7107453570189793,0.5153154691785771,1
25-26-prem-tottenham-hotspur-vs-liverpool,2025-2026,17.0,prem,17.0,2025-12-20 17:30:00+00:00,True,6.0,14.0,1.0,2.0,tottenham,liverpool,fpl-core-insights,prem,1,0,0,0,5,6.145833333333333,1554.1751616089468,1.3659999999999999,5,1.536,5,5.0,5,2.6,5,21.4,5,0.4,5,7.104166666666667,1718.7490389450336,1.3679999999999999,5,1.1079999999999999,5,4.4,5,2.4,5,15.6,5,0.6,0.5382623866015243,0.5382623866015243,0.4803728673360783,0.6667049783632177,0.9981228652675794,0.6667049783632177,1
25-26-prem-everton-vs-arsenal,2025-2026,17.0,prem,17.0,2025-12-20 20:00:00+00:00,True,11.0,3.0,0.0,1.0,everton,arsenal,fpl-core-insights,prem,1,0,0,0,5,7.208333333333333,1601.639883847954,0.932,5,1.35,5,2.6,5,1.2,5,15.6,5,0.6,5,7.0,1804.5275313794918,1.388,5,1.354,5,5.8,5,2.4,5,16.0,5,0.4,0.6433618621213951,0.6433618621213951,0.3293850248295538,1.1445408039102585,1.371912849082328,1.1445408039102585,1
25-26-prem-leeds-united-vs-crystal-palace,2025-2026,17.0,prem,17.0,2025-12-20 20:00:00+00:00,True,2.0,31.0,4.0,1.0,leeds,crystal-palace,fpl-core-insights,prem,1,0,0,0,5,6.145833333333333,1479.6045824319333,1.818,5,1.6619999999999997,5,4.6,5,2.4,5,18.8,5,0.0,5,2.0,1644.4102128027782,1.142,5,1.418,5,3.6,5,2.0,5,16.4,5,0.2,-0.0035210130656456,-0.0035210130656456,-0.24492476935787882,0.6821385016170741,0.7174769820270352,0.6821385016170741,1
25-26-prem-aston-villa-vs-manchester-united,2025-2026,17.0,prem,17.0,2025-12-21 16:30:00+00:00,True,7.0,1.0,2.0,1.0,aston-villa,manchester-united,fpl-core-insights,prem,1,0,0,0,5,7.104166666666667,1722.1113749055448,1.494,5,1.108,5,6.0,5,2.4,5,18.8,5,0.2,5,5.854166666666667,1606.653452151852,2.418,5,1.02,5,7.0,5,3.4,5,15.8,5,0.0,1.0120756316753314,1.0120756316753314,0.7012460311617074,0.49684079167080714,0.6825037091448329,0.49684079167080714,1
25-26-prem-fulham-vs-nottingham-forest,2025-2026,17.0,prem,17.0,2025-12-22 20:00:00+00:00,True,54.0,17.0,1.0,0.0,fulham,nottingham-forest,fpl-core-insights,prem,1,0,0,0,5,4.989583333333333,1569.3867027595722,1.182,5,1.534,5,4.6,5,1.2,5,19.4,5,0.0,5,8.25,1561.7992656492145,0.96,5,1.164,5,3.6,5,1.6,5,20.0,5,0.4,0.5237602555721068,0.5237602555721068,0.3349946408963368,0.12524940728991119,0.4215684532498777,0.12524940728991119,1
25-26-prem-manchester-united-vs-newcastle-united,2025-2026,18.0,prem,18.0,2025-12-26 20:00:00+00:00,True,1.0,4.0,1.0,0.0,manchester-united,newcastle-united,fpl-core-insights,prem,1,0,0,0,5,5.145833333333333,1601.7522930406726,2.338,5,1.182,5,7.0,5,3.4,5,18.2,5,0.0,5,6.3125,1656.2321731617876,1.22,5,1.3519999999999999,5,4.8,5,2.4,5,13.8,5,0.0,0.6743815811038179,0.6743815811038179,0.4852377516122141,0.5995957744644176,1.0728345728194688,0.5995957744644176,1
25-26-prem-nottingham-forest-vs-manchester-city,2025-2026,18.0,prem,18.0,2025-12-27 12:30:00+00:00,True,17.0,43.0,1.0,2.0,nottingham-forest,manchester-city,fpl-core-insights,prem,1,0,0,0,5,4.6875,1554.2681533803336,0.9019999999999999,5,1.064,5,3.4,5,1.4,5,17.2,5,0.4,5,6.895833333333333,1775.3128914482204,1.5059999999999998,5,1.4140000000000001,5,4.8,5,2.8,5,14.8,5,0.8,0.40644432174822637,0.40644432174822637,0.103643505144695,1.1750141918767578,1.3723841857977797,1.1750141918767578,1
25-26-prem-arsenal-vs-brighton-hove-albion,2025-2026,18.0,prem,18.0,2025-12-27 15:00:00+00:00,True,3.0,36.0,2.0,1.0,arsenal,brighton,fpl-core-insights,prem,1,0,0,0,5,3.7916666666666665,1808.3532188620884,1.336,5,1.72,5,4.2,5,2.0,5,14.8,5,0.4,5,7.0,1629.9644665448984,1.7200000000000002,5,1.6119999999999997,5,4.4,5,2.6,5,15.8,5,0.4,1.3606041243280147,1.3606041243280147,1.1283854828326678,0.6761175901432448,0.722658217962073,0.6761175901432448,1
25-26-prem-brentford-vs-afc-bournemouth,2025-2026,18.0,prem,18.0,2025-12-27 15:00:00+00:00,True,94.0,91.0,4.0,1.0,brentford,bournemouth,fpl-core-insights,prem,1,0,0,0,5,7.0,1599.704882192452,0.656,5,1.3379999999999999,5,3.4,5,1.4,5,16.8,5,0.2,5,7.0,1576.4130522812607,1.442,5,1.436,5,4.6,5,2.4,5,17.0,5,0.2,0.7396911313272332,0.7396911313272332,0.5566665753332254,0.2641007748315433,0.5064466097047364,0.2641007748315433,1
25-26-prem-burnley-vs-everton,2025-2026,18.0,prem,18.0,2025-12-27 15:00:00+00:00,True,90.0,11.0,0.0,0.0,burnley,everton,fpl-core-insights,prem,1,0,0,0,5,7.0,1425.6015281369735,1.2680000000000002,5,1.8960000000000001,5,3.6,5,2.4,5,16.2,5,0.0,5,6.791666666666667,1595.0364037345535,0.93,5,1.3699999999999999,5,2.6,5,1.2,5,19.2,5,0.4,-0.22187909330986152,-0.22187909330986152,-0.24467522945681333,0.3227427503086936,0.6338728985201663,0.3227427503086936,1
25-26-prem-liverpool-vs-wolverhampton-wanderers,2025-2026,18.0,prem,18.0,2025-12-27 15:00:00+00:00,True,14.0,39.0,2.0,1.0,liverpool,wolves,fpl-core-insights,prem,1,0,0,0,5,6.895833333333333,1726.3617741943365,1.2399999999999998,5,1.252,5,4.2,5,2.2,5,14.2,5,0.4,5,7.0,1448.3549274204213,0.658,5,1.6239999999999999,5,2.2,5,1.2,5,17.6,5,0.0,1.0176458079600779,1.0176458079600779,0.6945948964953582,-0.10921764153103856,-0.09050669805817346,-0.10921764153103856,1
25-26-prem-west-ham-united-vs-fulham,2025-2026,18.0,prem,18.0,2025-12-27 15:00:00+00:00,True,21.0,54.0,0.0,1.0,west-ham,fulham,fpl-core-insights,prem,1,0,0,0,5,7.0,1506.5256313529694,0.85,5,1.592,5,2.8,5,1.6,5,16.8,5,0.0,5,4.791666666666667,1576.917815028453,1.392,5,1.4819999999999998,5,4.2,5,1.6,5,17.4,5,0.2,0.18024032526379785,0.18024032526379785,-0.023012939015184163,0.3501187723979881,0.545366157717323,0.3501187723979881,1
25-26-prem-chelsea-vs-aston-villa,2025-2026,18.0,prem,18.0,2025-12-27 17:30:00+00:00,True,8.0,7.0,1.0,2.0,chelsea,aston-villa,fpl-core-insights,prem,1,0,0,0,5,7.208333333333333,1676.1742526909086,1.3,5,1.72,5,4.2,5,1.8,5,15.2,5,0.4,5,6.041666666666667,1727.0125340167242,1.5099999999999998,5,1.2719999999999998,5,5.6,5,3.0,5,19.2,5,0.0,0.9760884805247719,0.9760884805247719,0.8690577976686397,0.7093681592027224,1.0236786717339244,0.7093681592027224,1
25-26-prem-sunderland-vs-leeds-united,2025-2026,18.0,prem,18.0,2025-12-28 14:00:00+00:00,True,56.0,2.0,1.0,1.0,sunderland,leeds,fpl-core-insights,prem,1,0,0,0,5,7.958333333333333,1520.732363179332,0.8219999999999998,5,1.37,5,4.0,5,1.4,5,17.4,5,0.4,5,7.75,1491.9981364210955,2.0699999999999994,5,1.6619999999999997,5,5.2,5,2.6,5,16.6,5,0.0,0.17259090910821262,0.17259090910821262,-0.16986304852508555,-0.1955885730772436,0.06695926733526186,-0.1955885730772436,1
25-26-prem-crystal-palace-vs-tottenham-hotspur,2025-2026,18.0,prem,18.0,2025-12-28 16:30:00+00:00,True,31.0,6.0,0.0,1.0,crystal-palace,tottenham,fpl-core-insights,prem,1,0,0,0,5,4.854166666666667,1634.79445144442,1.6,5,1.346,5,4.4,5,2.4,5,17.0,5,0.0,5,7.958333333333333,1546.562426359644,1.41,5,1.2639999999999998,5,5.4,5,2.6,5,20.2,5,0.4,0.6937850704252193,0.6937850704252193,0.6296092204913402,0.46084992464358,0.5103724684693838,0.46084992464358,1
25-26-prem-burnley-vs-newcastle-united,2025-2026,19.0,prem,19.0,2025-12-30 19:30:00+00:00,True,90.0,4.0,1.0,3.0,burnley,newcastle-united,fpl-core-insights,prem,1,0,0,0,5,3.1875,1428.1202823433125,1.408,5,1.46,5,3.2,5,2.4,5,15.4,5,0.2,5,3.9791666666666665,1646.9653830979864,1.0779999999999998,5,1.284,5,4.0,5,2.2,5,12.8,5,0.0,-0.20441162611013144,-0.20441162611013144,-0.23244800241700228,0.5701734403038927,1.0522389389071014,0.5701734403038927,1
25-26-prem-chelsea-vs-afc-bournemouth,2025-2026,19.0,prem,19.0,2025-12-30 19:30:00+00:00,True,8.0,91.0,2.0,2.0,chelsea,bournemouth,fpl-core-insights,prem,1,0,0,0,5,3.0833333333333335,1665.336876457454,1.552,5,1.6560000000000001,5,4.0,5,2.2,5,17.0,5,0.2,5,3.1875,1569.3014300135906,1.58,5,1.8719999999999999,5,5.4,5,2.8,5,17.0,5,0.2,0.9363266064347439,0.9363266064347439,0.84122448580562,0.20749190201395518,0.46682039873242476,0.20749190201395518,1
25-26-prem-nottingham-forest-vs-everton,2025-2026,19.0,prem,19.0,2025-12-30 19:30:00+00:00,True,17.0,11.0,0.0,2.0,nottingham-forest,everton,fpl-core-insights,prem,1,0,0,0,5,3.2916666666666665,1548.1185180510818,0.8640000000000001,5,1.198,5,3.2,5,1.2,5,16.8,5,0.2,5,3.1875,1592.5176495282144,0.908,5,1.318,5,3.4,5,1.4,5,20.6,5,0.6,0.41071078411252143,0.41071078411252143,0.10663002879970156,0.3052752831089635,0.6216456714803552,0.3052752831089635,1
25-26-prem-west-ham-united-vs-brighton-hove-albion,2025-2026,19.0,prem,19.0,2025-12-30 19:30:00+00:00,True,21.0,36.0,2.0,2.0,west-ham,brighton,fpl-core-insights,prem,1,0,0,0,5,3.1875,1496.249166638743,0.97,5,1.598,5,3.2,5,1.8,5,19.6,5,0.0,5,3.1875,1626.2782363714452,1.48,5,1.9939999999999998,5,3.8,5,2.0,5,15.4,5,0.2,0.15243275151107746,0.15243275151107746,-0.042478240642088425,0.6829316723741324,0.7274280755236944,0.6829316723741324,1
25-26-prem-arsenal-vs-aston-villa,2025-2026,19.0,prem,19.0,2025-12-30 20:15:00+00:00,True,3.0,7.0,4.0,1.0,arsenal,aston-villa,fpl-core-insights,prem,1,0,0,0,5,3.21875,1812.0394490355416,1.528,5,1.426,5,3.6,5,1.6,5,13.4,5,0.4,5,3.1145833333333335,1737.8499102501787,1.168,5,1.36,5,5.2,5,2.8,5,16.2,5,0.0,1.353790042097127,1.353790042097127,1.1236156252710465,0.7491300332927505,1.051511983596944,0.7491300332927505,1
25-26-prem-manchester-united-vs-wolverhampton-wanderers,2025-2026,19.0,prem,19.0,2025-12-30 20:15:00+00:00,True,1.0,39.0,1.0,1.0,manchester-united,wolves,fpl-core-insights,prem,1,0,0,0,5,4.010416666666667,1611.0190831044738,2.354,5,1.052,5,6.6,5,3.2,5,19.0,5,0.2,5,3.21875,1446.095720943587,0.774,5,1.7440000000000002,5,2.2,5,1.2,5,16.4,5,0.0,0.7038039152643427,0.7038039152643427,0.5058333855245816,-0.09827326274821038,-0.08284563291019374,-0.09827326274821038,1
25-26-prem-crystal-palace-vs-fulham,2025-2026,19.0,prem,19.0,2026-01-01 17:30:00+00:00,True,31.0,54.0,1.0,1.0,crystal-palace,fulham,fpl-core-insights,prem,1,0,0,0,5,4.041666666666667,1620.2983567623337,1.4460000000000002,5,1.276,5,4.0,5,2.2,5,16.0,5,0.0,5,5.104166666666667,1587.1942797426796,1.466,5,1.2179999999999997,5,3.8,5,1.6,5,16.4,5,0.4,0.6562252232460012,0.6562252232460012,0.6033173274658875,0.37792634615070847,0.5648314593442273,0.37792634615070847,1
25-26-prem-liverpool-vs-leeds-united,2025-2026,19.0,prem,19.0,2026-01-01 17:30:00+00:00,True,14.0,2.0,0.0,0.0,liverpool,leeds,fpl-core-insights,prem,1,0,0,0,5,5.104166666666667,1728.6209806711709,1.2559999999999998,5,1.3820000000000001,5,4.2,5,2.2,5,15.4,5,0.4,5,4.145833333333333,1495.0294321616127,2.1679999999999997,5,1.1720000000000002,5,5.6,5,2.8,5,14.2,5,0.0,1.0067014291772496,1.0067014291772496,0.6869338313473785,-0.18349784339927924,0.0754227781098369,-0.18349784339927924,1
25-26-prem-brentford-vs-tottenham-hotspur,2025-2026,19.0,prem,19.0,2026-01-01 20:00:00+00:00,True,94.0,6.0,0.0,0.0,brentford,tottenham,fpl-core-insights,prem,1,0,0,0,5,5.208333333333333,1606.8165044601221,1.28,5,1.4720000000000002,5,4.6,5,2.2,5,15.8,5,0.2,5,4.145833333333333,1561.0585210417303,1.1480000000000001,5,1.468,5,4.8,5,2.0,5,20.6,5,0.4,0.7963000041448213,0.7963000041448213,0.5962927863055371,0.49840977182279805,0.5366643614948364,0.49840977182279805,1
25-26-prem-sunderland-vs-manchester-city,2025-2026,19.0,prem,19.0,2026-01-01 20:00:00+00:00,True,56.0,43.0,0.0,0.0,sunderland,manchester-city,fpl-core-insights,prem,1,0,0,0,5,4.25,1517.7010674388148,0.696,5,1.436,5,3.4,5,1.2,5,17.4,5,0.4,5,5.3125,1781.4625267774722,1.322,5,1.384,5,4.6,5,2.4,5,15.8,5,0.6,0.16050017943024827,0.16050017943024827,-0.17832655929966057,1.1707477295124626,1.369397662142773,1.1707477295124626,1
25-26-prem-aston-villa-vs-nottingham-forest,2025-2026,20.0,prem,20.0,2026-01-03 12:30:00+00:00,True,7.0,17.0,3.0,1.0,aston-villa,nottingham-forest,fpl-core-insights,prem,1,0,0,0,5,3.6770833333333335,1732.017746761442,1.248,5,1.6260000000000001,5,4.6,5,2.8,5,15.6,5,0.0,5,3.7083333333333335,1537.0974139145658,1.144,5,1.27,5,3.8,5,1.6,5,16.4,5,0.2,1.0169746668318618,1.0169746668318618,0.699791009342633,0.07044762730689119,0.35902163912279234,0.07044762730689119,1
25-26-prem-brighton-hove-albion-vs-burnley,2025-2026,20.0,prem,20.0,2026-01-03 15:00:00+00:00,True,36.0,90.0,2.0,0.0,brighton,burnley,fpl-core-insights,prem,1,0,0,0,5,3.8125,1624.848154430828,1.7100000000000002,5,1.866,5,3.6,5,2.2,5,13.4,5,0.2,5,3.8125,1421.9165913131842,1.4440000000000002,5,1.7439999999999998,5,3.2,5,2.4,5,16.8,5,0.2,0.7131324965362315,0.7131324965362315,0.6625094166777568,-0.2587717257640417,-0.24201694517733063,-0.2587717257640417,1
25-26-prem-wolverhampton-wanderers-vs-west-ham-united,2025-2026,20.0,prem,20.0,2026-01-03 15:00:00+00:00,True,39.0,21.0,3.0,0.0,wolves,west-ham,fpl-core-insights,prem,1,0,0,0,5,3.78125,1452.1706997681401,0.834,5,1.75,5,2.8,5,1.0,5,16.6,5,0.0,5,3.8125,1497.6792485793603,1.236,5,1.8079999999999998,5,3.4,5,2.4,5,21.6,5,0.0,-0.06417763858190667,-0.06417763858190667,-0.071604699422086,-0.028182661654625456,0.17285500720745314,-0.028182661654625456,1
25-26-prem-afc-bournemouth-vs-arsenal,2025-2026,20.0,prem,20.0,2026-01-03 17:30:00+00:00,True,91.0,3.0,2.0,3.0,bournemouth,arsenal,fpl-core-insights,prem,1,0,0,0,5,3.9166666666666665,1573.9749014985466,2.054,5,2.088,5,6.2,5,3.8,5,17.2,5,0.2,5,3.8854166666666665,1817.8716125242784,1.9420000000000002,5,1.3619999999999999,5,3.6,5,2.6,5,13.6,5,0.2,0.48695466971219814,0.48695466971219814,0.23625514627077432,1.1581529420361287,1.4031290660472444,1.1581529420361287,1
25-26-prem-leeds-united-vs-manchester-united,2025-2026,20.0,prem,20.0,2026-01-04 12:30:00+00:00,True,2.0,1.0,1.0,1.0,leeds,manchester-united,fpl-core-insights,prem,1,0,0,0,5,2.7916666666666665,1502.2049939419035,1.7419999999999998,5,1.366,5,5.0,5,2.6,5,14.0,5,0.2,5,4.677083333333333,1604.9441042799206,2.1559999999999997,5,1.098,5,7.0,5,3.0,5,19.4,5,0.2,0.10224187748343257,0.10224187748343257,-0.14518484429414258,0.4871653911962945,0.6771353519382184,0.4871653911962945,1
25-26-prem-everton-vs-brentford,2025-2026,20.0,prem,20.0,2026-01-04 15:00:00+00:00,True,11.0,94.0,2.0,4.0,everton,brentford,fpl-core-insights,prem,1,0,0,0,5,4.8125,1603.5387536647304,0.9260000000000002,5,1.5819999999999999,5,3.4,5,1.8,5,21.8,5,0.6,5,2.7916666666666665,1603.3471065644608,1.4060000000000001,5,1.2140000000000002,5,4.8,5,2.2,5,14.8,5,0.4,0.6578280729731656,0.6578280729731656,0.3569644280986926,0.5860903975449444,0.7817251630582603,0.5860903975449444,1
25-26-prem-newcastle-united-vs-crystal-palace,2025-2026,20.0,prem,20.0,2026-01-04 15:00:00+00:00,True,4.0,31.0,2.0,0.0,newcastle-united,crystal-palace,fpl-core-insights,prem,1,0,0,0,5,4.8125,1653.1690741281147,1.2259999999999998,5,1.082,5,4.4,5,2.8,5,15.0,5,0.0,5,2.8958333333333335,1617.1532835080325,1.568,5,1.576,5,3.2,5,2.0,5,16.6,5,0.0,1.0785626622541409,1.0785626622541409,0.6077787593710919,0.5944971111551631,0.6436249142306806,0.5944971111551631,1
25-26-prem-tottenham-hotspur-vs-sunderland,2025-2026,20.0,prem,20.0,2026-01-04 15:00:00+00:00,True,6.0,56.0,1.0,1.0,tottenham,sunderland,fpl-core-insights,prem,1,0,0,0,5,2.7916666666666665,1564.5279189373916,0.77,5,1.498,5,3.4,5,0.8,5,21.4,5,0.6,5,2.7916666666666665,1522.5465265874511,0.788,5,1.592,5,3.0,5,1.4,5,17.6,5,0.6,0.5468667502554291,0.5468667502554291,0.5129846129093589,-0.15139418992814418,0.19897499281812883,-0.15139418992814418,1
25-26-prem-fulham-vs-liverpool,2025-2026,20.0,prem,20.0,2026-01-04 15:15:00+00:00,True,54.0,14.0,2.0,2.0,fulham,liverpool,fpl-core-insights,prem,1,0,0,0,5,2.90625,1590.3393529969808,1.6599999999999997,5,1.274,5,4.0,5,1.8,5,17.4,5,0.4,5,2.90625,1721.44541889088,1.31,5,1.218,5,3.6,5,1.8,5,13.6,5,0.6,0.5736516756549517,0.5736516756549517,0.390526655166029,0.6601147319737828,0.968388430072113,0.6601147319737828,1
25-26-prem-manchester-city-vs-chelsea,2025-2026,20.0,prem,20.0,2026-01-04 17:30:00+00:00,True,43.0,8.0,1.0,1.0,manchester-city,chelsea,fpl-core-insights,prem,1,0,0,0,5,2.8958333333333335,1776.617067628836,1.4700000000000002,5,1.04,5,5.2,5,2.8,5,16.6,5,0.8,5,4.916666666666667,1660.663404972498,1.6940000000000002,5,1.97,5,3.8,5,2.2,5,17.4,5,0.2,1.3424652927712566,1.3424652927712566,1.1322729161245821,0.8210902148258467,0.9075633621779248,0.8210902148258467,1
25-26-prem-west-ham-united-vs-nottingham-forest,2025-2026,21.0,prem,21.0,2026-01-06 20:00:00+00:00,True,21.0,17.0,1.0,2.0,west-ham,nottingham-forest,fpl-core-insights,prem,1,0,0,0,5,3.2083333333333335,1488.6687438553633,1.0580000000000003,5,1.8079999999999998,5,2.4,5,1.8,5,24.2,5,0.0,5,3.3125,1533.6887737937147,1.1759999999999997,5,1.2579999999999998,5,4.2,5,1.6,5,16.2,5,0.2,0.1283759802404062,0.1283759802404062,-0.09172412875040684,0.04183428687324217,0.33899230081923803,0.04183428687324217,1
25-26-prem-afc-bournemouth-vs-tottenham-hotspur,2025-2026,21.0,prem,21.0,2026-01-07 19:30:00+00:00,True,91.0,6.0,3.0,2.0,bournemouth,tottenham,fpl-core-insights,prem,1,0,0,0,5,4.083333333333333,1568.3708835372258,2.066,5,2.1380000000000003,5,5.8,5,3.8,5,16.8,5,0.0,5,3.1875,1561.154494425923,0.852,5,1.036,5,3.4,5,1.0,5,18.4,5,0.4,0.4860209714065669,0.4860209714065669,0.23560155745683245,0.4971007045939566,0.5241754526619972,0.4971007045939566,1
25-26-prem-brentford-vs-sunderland,2025-2026,21.0,prem,21.0,2026-01-07 19:30:00+00:00,True,94.0,56.0,3.0,0.0,brentford,sunderland,fpl-core-insights,prem,1,0,0,0,5,3.1875,1615.6150759405173,1.796,5,1.106,5,5.8,5,3.2,5,15.6,5,0.4,5,3.1875,1525.9199510989197,0.728,5,1.366,5,3.4,5,1.2,5,16.8,5,0.6,0.8177242971269041,0.8177242971269041,0.6375177319287213,-0.1287028923347123,0.21485890113353115,-0.1287028923347123,1
25-26-prem-crystal-palace-vs-aston-villa,2025-2026,21.0,prem,21.0,2026-01-07 19:30:00+00:00,True,31.0,7.0,0.0,0.0,crystal-palace,aston-villa,fpl-core-insights,prem,1,0,0,0,5,3.1875,1610.3736726947086,1.656,5,1.7280000000000002,5,3.0,5,2.0,5,18.0,5,0.0,5,4.291666666666667,1735.426386882293,1.3900000000000001,5,1.7100000000000002,5,4.6,5,3.0,5,15.0,5,0.0,0.6171787968066818,0.6171787968066818,0.5567169434065934,0.7198203476461874,1.0455880072655108,0.7198203476461874,1
25-26-prem-everton-vs-wolverhampton-wanderers,2025-2026,21.0,prem,21.0,2026-01-07 19:30:00+00:00,True,11.0,39.0,1.0,1.0,everton,wolves,fpl-core-insights,prem,1,0,0,0,5,3.1875,1591.270784288674,0.8879999999999999,5,2.0159999999999996,5,3.6,5,1.8,5,23.8,5,0.4,5,4.1875,1461.181204492137,1.1260000000000001,5,0.9800000000000001,5,4.0,5,1.6,5,16.0,5,0.2,0.6064007385893887,0.6064007385893887,0.3209652940300488,-0.027125672455039038,-0.0006361714861252976,-0.027125672455039038,1
25-26-prem-fulham-vs-chelsea,2025-2026,21.0,prem,21.0,2026-01-07 19:30:00+00:00,True,54.0,8.0,2.0,1.0,fulham,chelsea,fpl-core-insights,prem,1,0,0,0,5,3.1770833333333335,1591.7997858672734,1.362,5,1.044,5,3.6,5,1.6,5,16.0,5,0.4,5,3.0833333333333335,1665.772797158301,1.65,5,1.968,5,3.4,5,1.8,5,18.4,5,0.0,0.5782694337927727,0.5782694337927727,0.3937590858625038,0.8509347331974939,0.9284545250380778,0.8509347331974939,1
25-26-prem-manchester-city-vs-brighton-hove-albion,2025-2026,21.0,prem,21.0,2026-01-07 19:30:00+00:00,True,43.0,36.0,1.0,1.0,manchester-city,brighton,fpl-core-insights,prem,1,0,0,0,5,3.0833333333333335,1771.507675443033,1.436,5,0.994,5,4.6,5,2.4,5,18.6,5,0.6,5,4.1875,1628.128366087409,1.626,5,1.698,5,3.6,5,2.0,5,14.4,5,0.4,1.3126207743996094,1.3126207743996094,1.111381753264429,0.6854485900856818,0.7459027442618387,0.6854485900856818,1
25-26-prem-burnley-vs-manchester-united,2025-2026,21.0,prem,21.0,2026-01-07 20:15:00+00:00,True,90.0,1.0,2.0,2.0,burnley,manchester-united,fpl-core-insights,prem,1,0,0,0,5,4.21875,1418.6363796566031,1.182,5,1.656,5,3.2,5,1.8,5,19.0,5,0.2,5,3.3229166666666665,1604.29055296882,1.652,5,1.1960000000000002,5,5.4,5,2.2,5,21.2,5,0.2,-0.2649561185852557,-0.2649561185852557,-0.29154197348964894,0.4727506440455654,0.667045028932708,0.4727506440455654,1
25-26-prem-newcastle-united-vs-leeds-united,2025-2026,21.0,prem,21.0,2026-01-07 20:15:00+00:00,True,4.0,2.0,4.0,3.0,newcastle-united,leeds,fpl-core-insights,prem,1,0,0,0,5,3.21875,1659.9486849414386,1.592,5,1.1640000000000001,5,5.4,5,3.8,5,16.4,5,0.2,5,3.3229166666666665,1502.858545253004,1.6199999999999999,5,1.3199999999999998,5,4.6,5,2.4,5,15.8,5,0.2,1.1163428300027105,1.1163428300027105,0.6342248767950908,-0.1350945212886322,0.11665662463416168,-0.1350945212886322,1
25-26-prem-arsenal-vs-liverpool,2025-2026,21.0,prem,21.0,2026-01-08 20:00:00+00:00,True,3.0,14.0,0.0,0.0,arsenal,liverpool,fpl-core-insights,prem,1,0,0,0,5,5.104166666666667,1823.4756304855991,1.964,5,1.5719999999999998,5,4.2,5,2.6,5,17.6,5,0.2,5,4.197916666666667,1719.9849860205875,1.496,5,1.082,5,3.6,5,2.2,5,12.0,5,0.4,1.4037826548611863,1.4037826548611863,1.15908664034176,0.6554969738359617,0.9651559993756381,0.6554969738359617,1
25-26-prem-manchester-united-vs-manchester-city,2025-2026,22.0,prem,22.0,2026-01-17 12:30:00+00:00,True,1.0,43.0,2.0,0.0,manchester-united,manchester-city,fpl-core-insights,prem,1,0,0,0,5,9.677083333333334,1601.3399771667405,1.504,5,0.8720000000000001,5,5.6,5,2.8,5,22.2,5,0.2,5,3.6875,1771.0361118071482,1.568,5,1.298,5,4.2,5,3.4,5,17.8,5,0.4,0.6508107008236457,0.6508107008236457,0.4495587467469049,1.1096952163355587,1.3102114359297947,1.1096952163355587,1
25-26-prem-chelsea-vs-brentford,2025-2026,22.0,prem,22.0,2026-01-17 15:00:00+00:00,True,8.0,94.0,2.0,0.0,chelsea,brentford,fpl-core-insights,prem,1,0,0,0,5,2.7916666666666665,1651.9805107005873,2.298,5,1.372,5,4.2,5,2.8,5,19.2,5,0.0,5,9.8125,1621.0854463174176,2.3120000000000003,5,1.43,5,5.6,5,4.2,5,13.6,5,0.6,0.900656196318607,0.900656196318607,0.8112228350268215,0.6728300793092825,0.868170507670563,0.6728300793092825,1
25-26-prem-leeds-united-vs-fulham,2025-2026,22.0,prem,22.0,2026-01-17 15:00:00+00:00,True,2.0,54.0,1.0,0.0,leeds,fulham,fpl-core-insights,prem,1,0,0,0,5,9.78125,1498.7893213677005,1.7120000000000002,5,1.6640000000000001,5,5.0,5,2.6,5,16.4,5,0.2,5,9.8125,1601.6263325860275,1.294,5,1.436,5,3.4,5,1.4,5,16.2,5,0.4,0.12884404146335057,0.12884404146335057,-0.11768392581836236,0.4212065315913914,0.6174800705483264,0.4212065315913914,1
25-26-prem-liverpool-vs-burnley,2025-2026,22.0,prem,22.0,2026-01-17 15:00:00+00:00,True,14.0,90.0,1.0,1.0,liverpool,burnley,fpl-core-insights,prem,1,0,0,0,5,8.791666666666666,1724.8244783098091,1.1800000000000002,5,0.8160000000000001,5,2.8,5,1.6,5,9.6,5,0.4,5,9.78125,1421.5869554586827,0.726,5,1.72,5,1.8,5,0.8,5,19.6,5,0.2,0.9915103599156118,0.9915103599156118,0.6931460603216384,-0.27530764538058655,-0.24176422128659517,-0.27530764538058655,1
25-26-prem-sunderland-vs-crystal-palace,2025-2026,22.0,prem,22.0,2026-01-17 15:00:00+00:00,True,56.0,31.0,2.0,1.0,sunderland,crystal-palace,fpl-core-insights,prem,1,0,0,0,5,9.8125,1520.4495807220194,1.0139999999999998,5,1.964,5,3.8,5,1.4,5,16.2,5,0.4,5,9.8125,1611.663174536146,1.64,5,1.466,5,3.4,5,2.2,5,17.6,5,0.2,0.17954655375296988,0.17954655375296988,-0.17914910287837124,0.5606642911846496,0.6228178650610477,0.5606642911846496,1
25-26-prem-tottenham-hotspur-vs-west-ham-united,2025-2026,22.0,prem,22.0,2026-01-17 15:00:00+00:00,True,6.0,21.0,1.0,2.0,tottenham,west-ham,fpl-core-insights,prem,1,0,0,0,5,9.8125,1553.6133508622925,1.028,5,0.908,5,4.0,5,1.4,5,17.8,5,0.4,5,10.791666666666666,1477.6653274904206,1.04,5,1.9600000000000002,5,2.4,5,2.0,5,26.4,5,0.0,0.501852425171948,0.501852425171948,0.4652106653224578,-0.1149621312044329,0.09517883387751183,-0.1149621312044329,1
25-26-prem-nottingham-forest-vs-arsenal,2025-2026,22.0,prem,22.0,2026-01-17 17:30:00+00:00,True,17.0,3.0,0.0,0.0,nottingham-forest,arsenal,fpl-core-insights,prem,1,0,0,0,5,10.895833333333334,1544.6921901586575,1.0699999999999998,5,1.374,5,4.0,5,1.2,5,15.8,5,0.0,5,2.8958333333333335,1822.6018779353371,1.6640000000000001,5,1.5779999999999998,5,5.4,5,2.4,5,15.4,5,0.2,0.3622303032732641,0.3622303032732641,0.07503143323613654,1.1330831627923694,1.3666348297906283,1.1330831627923694,1
25-26-prem-wolverhampton-wanderers-vs-newcastle-united,2025-2026,22.0,prem,22.0,2026-01-18 14:00:00+00:00,True,39.0,4.0,0.0,0.0,wolves,newcastle-united,fpl-core-insights,prem,1,0,0,0,5,10.770833333333334,1466.5849637100303,1.1960000000000002,5,0.9540000000000001,5,4.4,5,1.6,5,17.8,5,0.2,5,4.75,1658.820510148033,1.9419999999999997,5,1.1119999999999999,5,6.2,5,3.2,5,15.2,5,0.2,0.014639526170932842,0.014639526170932842,-0.005303247230670265,0.5917938621513409,1.077761716062248,0.5917938621513409,1
25-26-prem-aston-villa-vs-everton,2025-2026,22.0,prem,22.0,2026-01-18 16:30:00+00:00,True,7.0,11.0,0.0,1.0,aston-villa,everton,fpl-core-insights,prem,1,0,0,0,5,10.875,1734.1368850408555,1.614,5,1.802,5,4.4,5,3.4,5,13.6,5,0.2,5,10.875,1585.8670250707808,0.86,5,1.748,5,3.6,5,1.6,5,22.8,5,0.4,1.0416406594874545,1.0416406594874545,0.7141812793918214,0.30568959637299065,0.58457831336502,0.30568959637299065,1
25-26-prem-brighton-hove-albion-vs-afc-bournemouth,2025-2026,22.0,prem,22.0,2026-01-19 20:00:00+00:00,True,36.0,91.0,1.0,1.0,brighton,bournemouth,fpl-core-insights,prem,1,0,0,0,5,12.020833333333334,1633.7973284020027,1.4780000000000002,5,1.8299999999999996,5,4.0,5,2.4,5,16.2,5,0.4,5,12.020833333333334,1575.9120271008564,1.9479999999999997,5,1.7299999999999998,5,4.6,5,2.8,5,17.8,5,0.0,0.7687597996609017,0.7687597996609017,0.7181015263700576,0.25792458494688164,0.5179110106780658,0.25792458494688164,1
25-26-prem-west-ham-united-vs-sunderland,2025-2026,23.0,prem,23.0,2026-01-24 12:30:00+00:00,True,21.0,56.0,3.0,1.0,west-ham,sunderland,fpl-core-insights,prem,1,0,0,0,5,6.895833333333333,1491.8748969073752,1.4120000000000001,5,1.762,5,2.6,5,2.4,5,26.4,5,0.0,5,6.895833333333333,1530.7722218728954,1.08,5,1.8599999999999999,5,4.0,5,1.6,5,14.2,5,0.2,0.12521107251884184,0.12521107251884184,-0.07205893314539003,-0.15133680019164836,0.21927841473400256,-0.15133680019164836,1
25-26-prem-burnley-vs-tottenham-hotspur,2025-2026,23.0,prem,23.0,2026-01-24 15:00:00+00:00,True,90.0,6.0,2.0,2.0,burnley,tottenham,fpl-core-insights,prem,1,0,0,0,5,7.0,1429.6028612270459,0.73,5,2.0140000000000002,5,1.8,5,0.6,5,20.4,5,0.2,5,3.7916666666666665,1551.1309940750532,1.2959999999999998,5,1.434,5,4.2,5,2.0,5,20.6,5,0.2,-0.2141430985557392,-0.2141430985557392,-0.2358488986222209,0.4748325750216962,0.4867071309513029,0.4748325750216962,1
25-26-prem-fulham-vs-brighton-hove-albion,2025-2026,23.0,prem,23.0,2026-01-24 15:00:00+00:00,True,54.0,36.0,2.0,1.0,fulham,brighton,fpl-core-insights,prem,1,0,0,0,5,7.0,1590.969975548535,1.072,5,1.6019999999999999,5,3.4,5,1.0,5,15.6,5,0.2,5,4.791666666666667,1630.0246881028022,1.4560000000000002,5,1.8119999999999998,5,4.2,5,2.6,5,18.0,5,0.2,0.5912038422832461,0.5912038422832461,0.38366906264127654,0.7033963451274574,0.7477523978857584,0.7033963451274574,1
25-26-prem-manchester-city-vs-wolverhampton-wanderers,2025-2026,23.0,prem,23.0,2026-01-24 15:00:00+00:00,True,43.0,39.0,2.0,0.0,manchester-city,wolves,fpl-core-insights,prem,1,0,0,0,5,3.8854166666666665,1741.0632930815243,1.202,5,1.69,5,3.6,5,3.2,5,18.0,5,0.2,5,6.041666666666667,1469.7074936730094,0.9959999999999999,5,0.8859999999999999,5,4.4,5,1.2,5,17.2,5,0.4,1.1975542399514523,1.1975542399514523,1.0004346581800527,0.00896585831502303,0.03502396266478041,0.00896585831502303,1
25-26-prem-afc-bournemouth-vs-liverpool,2025-2026,23.0,prem,23.0,2026-01-24 17:30:00+00:00,True,91.0,14.0,3.0,2.0,bournemouth,liverpool,fpl-core-insights,prem,1,0,0,0,5,4.895833333333333,1579.684667400057,1.864,5,1.8579999999999999,5,4.8,5,2.6,5,17.2,5,0.0,5,2.8958333333333335,1720.0015985504658,1.564,5,0.7779999999999999,5,4.2,5,1.8,5,8.6,5,0.6,0.532616191920666,0.532616191920666,0.27893198672202485,0.6991064011881953,1.0000251325821217,0.6991064011881953,1
25-26-prem-brentford-vs-nottingham-forest,2025-2026,23.0,prem,23.0,2026-01-25 14:00:00+00:00,True,94.0,17.0,0.0,2.0,brentford,nottingham-forest,fpl-core-insights,prem,1,0,0,0,5,7.958333333333333,1614.1731141152409,2.3600000000000003,5,1.4899999999999998,5,5.4,5,4.0,5,14.0,5,0.4,5,2.75,1535.9371180458959,1.01,5,1.574,5,3.2,5,1.2,5,17.2,5,0.2,0.836705663201787,0.836705663201787,0.6278803014967453,0.06930607210193396,0.354051215938689,0.06930607210193396,1
25-26-prem-crystal-palace-vs-chelsea,2025-2026,23.0,prem,23.0,2026-01-25 14:00:00+00:00,True,31.0,8.0,1.0,3.0,crystal-palace,chelsea,fpl-core-insights,prem,1,0,0,0,5,7.958333333333333,1601.34053338527,1.2100000000000002,5,1.626,5,2.4,5,1.8,5,18.2,5,0.2,5,3.75,1666.8003052821377,1.698,5,1.04,5,4.6,5,2.8,5,18.0,5,0.4,0.5950055623743249,0.5950055623743249,0.5209324302036169,0.8344764560892594,0.9398581177467075,0.8344764560892594,1
25-26-prem-newcastle-united-vs-aston-villa,2025-2026,23.0,prem,23.0,2026-01-25 14:00:00+00:00,True,4.0,7.0,0.0,2.0,newcastle-united,aston-villa,fpl-core-insights,prem,1,0,0,0,5,3.75,1663.4761173050529,1.6479999999999997,5,1.136,5,3.8,5,1.8,5,12.6,5,0.4,5,2.84375,1721.262916028449,1.704,5,1.552,5,4.6,5,2.4,5,15.6,5,0.4,1.100317406361674,1.100317406361674,0.6240162768648069,0.6719684991025242,0.9813366876456014,0.6719684991025242,1
25-26-prem-arsenal-vs-manchester-united,2025-2026,23.0,prem,23.0,2026-01-25 16:30:00+00:00,True,3.0,1.0,2.0,3.0,arsenal,manchester-united,fpl-core-insights,prem,1,0,0,0,5,4.854166666666667,1819.5175935317825,1.156,5,1.376,5,4.2,5,2.0,5,17.0,5,0.4,5,8.166666666666666,1613.8657726226747,1.6960000000000002,5,0.758,5,5.8,5,3.4,5,21.8,5,0.4,1.3503866979866304,1.3503866979866304,1.1048385618462568,0.4912849520007607,0.7104195654720111,0.4912849520007607,1
25-26-prem-everton-vs-leeds-united,2025-2026,23.0,prem,23.0,2026-01-26 20:00:00+00:00,True,11.0,2.0,1.0,1.0,everton,leeds,fpl-core-insights,prem,1,0,0,0,5,8.145833333333334,1601.6307496462812,0.9219999999999999,5,1.674,5,4.0,5,1.8,5,21.4,5,0.6,5,9.208333333333334,1509.445678405193,1.388,5,1.426,5,4.4,5,2.8,5,15.4,5,0.4,0.6192179127801635,0.6192179127801635,0.35517473839462416,-0.09140769755328196,0.16638151041346544,-0.09140769755328196,1
25-26-prem-brighton-hove-albion-vs-everton,2025-2026,24.0,prem,24.0,2026-01-31 15:00:00+00:00,True,36.0,11.0,1.0,1.0,brighton,everton,fpl-core-insights,prem,1,0,0,0,5,7.0,1621.1977624343435,1.614,5,1.462,5,4.6,5,3.2,5,17.8,5,0.2,5,4.791666666666667,1597.0443430768644,0.866,5,1.5899999999999999,5,3.4,5,1.6,5,19.8,5,0.4,0.7234436344623065,0.7234436344623065,0.6686695402368119,0.3385931996652478,0.5955300003096258,0.3385931996652478,1
25-26-prem-leeds-united-vs-arsenal,2025-2026,24.0,prem,24.0,2026-01-31 15:00:00+00:00,True,2.0,3.0,0.0,4.0,leeds,arsenal,fpl-core-insights,prem,1,0,0,0,5,4.791666666666667,1514.0320849746097,1.2279999999999998,5,1.416,5,4.0,5,2.6,5,18.8,5,0.4,5,2.7916666666666665,1806.928142042716,1.9579999999999997,5,1.668,5,4.8,5,3.6,5,16.0,5,0.2,0.1829630491428418,0.1829630491428418,-0.06771978508274429,1.0453878649478885,1.2805773980008006,1.0453878649478885,1
25-26-prem-wolverhampton-wanderers-vs-afc-bournemouth,2025-2026,24.0,prem,24.0,2026-01-31 15:00:00+00:00,True,39.0,91.0,0.0,2.0,wolves,bournemouth,fpl-core-insights,prem,1,0,0,0,5,7.0,1467.3704164080093,0.9040000000000001,5,0.75,5,3.8,5,1.2,5,17.8,5,0.4,5,6.895833333333333,1591.403494873249,1.8560000000000003,5,1.3519999999999999,5,3.8,5,3.0,5,17.4,5,0.0,0.022087007381401735,0.022087007381401735,-0.009515506375517934,0.3041746498197277,0.5686771392030986,0.3041746498197277,1
25-26-prem-chelsea-vs-west-ham-united,2025-2026,24.0,prem,24.0,2026-01-31 17:30:00+00:00,True,8.0,21.0,3.0,2.0,chelsea,west-ham,fpl-core-insights,prem,1,0,0,0,5,2.8958333333333335,1680.932593151877,1.3199999999999998,5,1.4259999999999997,5,4.4,5,2.6,5,17.8,5,0.4,5,7.208333333333333,1500.6973551717854,1.5379999999999998,5,1.6420000000000001,5,3.2,5,3.0,5,26.0,5,0.0,0.9634224535599922,0.9634224535599922,0.8739105124874539,-0.039468094565812496,0.17176941334680973,-0.039468094565812496,1
25-26-prem-liverpool-vs-newcastle-united,2025-2026,24.0,prem,24.0,2026-01-31 20:00:00+00:00,True,14.0,4.0,4.0,1.0,liverpool,newcastle-united,fpl-core-insights,prem,1,0,0,0,5,3.0,1714.5769442759745,2.162,5,2.0119999999999996,5,6.4,5,3.0,5,13.6,5,0.4,5,3.0,1646.7461687668097,1.7120000000000002,5,1.0619999999999998,5,3.6,5,2.0,5,14.2,5,0.4,1.032365400426723,1.032365400426723,0.7453067838233404,0.5561033307656341,1.0032989119342843,0.5561033307656341,1
25-26-prem-aston-villa-vs-brentford,2025-2026,24.0,prem,24.0,2026-02-01 14:00:00+00:00,True,7.0,94.0,0.0,1.0,aston-villa,brentford,fpl-core-insights,prem,1,0,0,0,5,2.75,1737.1058987211893,1.488,5,1.6280000000000001,5,7.6,5,2.6,5,19.0,5,0.4,5,7.0,1599.9095116088747,2.0300000000000002,5,1.168,5,4.2,5,3.6,5,14.0,5,0.4,1.0167926646927261,1.0167926646927261,0.7226198948841308,0.5848820013085113,0.7752795200757384,0.5848820013085113,1
25-26-prem-manchester-united-vs-fulham,2025-2026,24.0,prem,24.0,2026-02-01 14:00:00+00:00,True,1.0,54.0,3.0,2.0,manchester-united,fulham,fpl-core-insights,prem,1,0,0,0,5,6.895833333333333,1630.628275987184,1.5839999999999999,5,0.76,5,5.6,5,3.6,5,20.6,5,0.2,5,7.958333333333333,1599.7969012169938,1.028,5,1.7419999999999998,5,3.4,5,1.2,5,14.8,5,0.0,0.7491169547070706,0.7491169547070706,0.5465669366222743,0.4079778260647284,0.6259306471738916,0.4079778260647284,1
25-26-prem-nottingham-forest-vs-crystal-palace,2025-2026,24.0,prem,24.0,2026-02-01 14:00:00+00:00,True,17.0,31.0,1.0,1.0,nottingham-forest,crystal-palace,fpl-core-insights,prem,1,0,0,0,5,2.75,1560.5029249298652,1.04,5,1.846,5,3.0,5,2.2,5,15.8,5,0.6,5,7.0,1590.9222761341366,1.302,5,1.8980000000000001,5,3.4,5,3.0,5,18.2,5,0.2,0.4451948683303585,0.4451948683303585,0.19951128980431898,0.4894474989678785,0.5500270891804129,0.4894474989678785,1
25-26-prem-tottenham-hotspur-vs-manchester-city,2025-2026,24.0,prem,24.0,2026-02-01 16:30:00+00:00,True,6.0,43.0,2.0,2.0,tottenham,manchester-city,fpl-core-insights,prem,1,0,0,0,5,3.8541666666666665,1556.0397819384577,1.392,5,1.722,5,4.8,5,2.4,5,21.6,5,0.4,5,3.8541666666666665,1748.9399165763284,0.9039999999999999,5,1.18,5,3.8,5,2.0,5,16.4,5,0.4,0.5126284077186462,0.5126284077186462,0.48178152524415924,1.0328555326797468,1.2296743480934142,1.0328555326797468,1
25-26-prem-sunderland-vs-burnley,2025-2026,24.0,prem,24.0,2026-02-02 20:00:00+00:00,True,56.0,90.0,3.0,0.0,sunderland,burnley,fpl-core-insights,prem,1,0,0,0,5,9.3125,1521.9497636084852,1.084,5,1.7580000000000002,5,3.8,5,2.0,5,14.0,5,0.2,5,9.208333333333334,1430.7924770768986,0.688,5,2.2479999999999998,5,2.6,5,1.0,5,19.8,5,0.0,0.18668757615442502,0.18668757615442502,-0.19789514101961625,-0.2204819173275658,-0.19219026813480336,-0.2204819173275658,1
25-26-prem-leeds-united-vs-nottingham-forest,2025-2026,25.0,prem,25.0,2026-02-06 20:00:00+00:00,True,2.0,17.0,3.0,1.0,leeds,nottingham-forest,fpl-core-insights,prem,1,0,0,0,5,6.208333333333333,1509.4927839684901,1.1199999999999999,5,1.438,5,3.8,5,2.4,5,18.4,5,0.2,5,5.25,1559.0854879510805,1.07,5,1.8059999999999998,5,3.2,5,2.6,5,16.6,5,0.4,0.12066850590931466,0.12066850590931466,-0.1113259653462133,0.2010267677474451,0.44735983682053865,0.2010267677474451,1
25-26-prem-manchester-united-vs-tottenham-hotspur,2025-2026,25.0,prem,25.0,2026-02-07 12:30:00+00:00,True,1.0,6.0,2.0,0.0,manchester-united,tottenham,fpl-core-insights,prem,1,0,0,0,5,5.9375,1637.5422666522336,1.78,5,0.9440000000000002,5,5.6,5,3.8,5,20.8,5,0.2,5,5.833333333333333,1559.179564906753,1.314,5,1.568,5,4.8,5,2.2,5,22.6,5,0.4,0.770281745584344,0.770281745584344,0.5613822902363657,0.49922916101809794,0.5375536016814157,0.49922916101809794,1
25-26-prem-afc-bournemouth-vs-aston-villa,2025-2026,25.0,prem,25.0,2026-02-07 15:00:00+00:00,True,91.0,7.0,1.0,1.0,bournemouth,aston-villa,fpl-core-insights,prem,1,0,0,0,5,7.0,1600.1428633554667,1.54,5,1.142,5,3.4,5,2.2,5,18.2,5,0.2,5,6.041666666666667,1721.558922119806,1.6800000000000002,5,1.6019999999999999,5,7.6,5,3.2,5,20.0,5,0.4,0.601016009494974,0.601016009494974,0.35037303595097824,0.691926286019873,0.9729446520295008,0.691926286019873,1
25-26-prem-arsenal-vs-sunderland,2025-2026,25.0,prem,25.0,2026-02-07 15:00:00+00:00,True,3.0,56.0,3.0,0.0,arsenal,sunderland,fpl-core-insights,prem,1,0,0,0,5,3.7916666666666665,1820.126244395195,1.846,5,1.3880000000000001,5,5.6,5,3.8,5,13.2,5,0.4,5,4.791666666666667,1527.3867481132588,1.202,5,1.322,5,4.0,5,2.2,5,12.2,5,0.2,1.3419752127526279,1.3419752127526279,1.13309902887907,-0.15646576635712178,0.2458723971008457,-0.15646576635712178,1
25-26-prem-burnley-vs-west-ham-united,2025-2026,25.0,prem,25.0,2026-02-07 15:00:00+00:00,True,90.0,21.0,0.0,2.0,burnley,west-ham,fpl-core-insights,prem,1,0,0,0,5,4.791666666666667,1425.355492572125,0.488,5,2.14,5,1.8,5,0.6,5,18.6,5,0.0,5,6.895833333333333,1497.0429779366377,1.338,5,1.6119999999999997,5,3.6,5,2.6,5,23.8,5,0.0,-0.23361964279729783,-0.23361964279729783,-0.27966673827398647,-0.03407487436969034,0.17554466748409525,-0.03407487436969034,1
25-26-prem-fulham-vs-everton,2025-2026,25.0,prem,25.0,2026-02-07 15:00:00+00:00,True,54.0,11.0,1.0,2.0,fulham,everton,fpl-core-insights,prem,1,0,0,0,5,6.041666666666667,1592.8829105519442,1.064,5,1.714,5,3.6,5,1.0,5,15.0,5,0.0,5,7.0,1599.9554341572793,0.818,5,1.5,5,3.6,5,1.4,5,19.8,5,0.2,0.6111152935598002,0.6111152935598002,0.38681303518745497,0.35539906653070014,0.6072941071154424,0.35539906653070014,1
25-26-prem-wolverhampton-wanderers-vs-chelsea,2025-2026,25.0,prem,25.0,2026-02-07 15:00:00+00:00,True,39.0,8.0,1.0,3.0,wolves,chelsea,fpl-core-insights,prem,1,0,0,0,5,7.0,1458.6310479257916,0.976,5,0.86,5,4.4,5,1.8,5,18.4,5,0.4,5,3.7916666666666665,1675.9281690406651,1.3880000000000001,5,1.452,5,4.2,5,2.4,5,16.2,5,0.2,-0.02411137874984883,-0.02411137874984883,-0.041854376667393334,0.8523436238618102,0.9326126126662154,0.8523436238618102,1
25-26-prem-newcastle-united-vs-brentford,2025-2026,25.0,prem,25.0,2026-02-07 17:30:00+00:00,True,4.0,94.0,2.0,3.0,newcastle-united,brentford,fpl-core-insights,prem,1,0,0,0,5,2.8958333333333335,1631.4810531819558,1.536,5,1.658,5,4.4,5,2.2,5,16.0,5,0.2,5,6.145833333333333,1615.456488210258,1.9220000000000002,5,1.4760000000000002,5,4.2,5,3.8,5,11.8,5,0.4,0.9159430775053038,0.9159430775053038,0.46702097484604727,0.6287300139717367,0.8059731289399962,0.6287300139717367,1
25-26-prem-brighton-hove-albion-vs-crystal-palace,2025-2026,25.0,prem,25.0,2026-02-08 14:00:00+00:00,True,36.0,31.0,0.0,1.0,brighton,crystal-palace,fpl-core-insights,prem,1,0,0,0,5,7.958333333333333,1618.2866713539286,1.332,5,1.278,5,3.8,5,2.8,5,19.2,5,0.2,5,7.0,1592.3397131129213,1.296,5,1.6440000000000001,5,3.6,5,2.6,5,18.2,5,0.2,0.7066377675968543,0.7066377675968543,0.6569054334309953,0.4872825304776983,0.5485116112372868,0.4872825304776983,1
25-26-prem-liverpool-vs-manchester-city,2025-2026,25.0,prem,25.0,2026-02-08 16:30:00+00:00,True,14.0,43.0,1.0,2.0,liverpool,manchester-city,fpl-core-insights,prem,1,0,0,0,5,7.854166666666667,1720.5614808323555,1.982,5,2.004,5,5.6,5,3.8,5,15.8,5,0.4,5,3.8541666666666665,1755.080712636506,1.2260000000000002,5,1.1480000000000001,5,4.2,5,2.2,5,16.8,5,0.4,1.0871365216410378,1.0871365216410378,0.7836465686733607,1.0569463882959376,1.2465379470247477,1.0569463882959376,1
25-26-prem-chelsea-vs-leeds-united,2025-2026,26.0,prem,26.0,2026-02-10 19:30:00+00:00,True,8.0,2.0,2.0,2.0,chelsea,leeds,fpl-core-insights,prem,1,0,0,0,5,3.1875,1682.1700576937262,2.0460000000000003,5,1.328,5,5.0,5,3.6,5,16.2,5,0.0,5,3.9791666666666665,1518.6198193575249,1.44,5,1.3880000000000001,5,4.2,5,3.6,5,19.2,5,0.2,0.9556465435312329,0.9556465435312329,0.8852492393832637,-0.07552345077534872,0.17181495529626406,-0.07552345077534872,1
25-26-prem-everton-vs-afc-bournemouth,2025-2026,26.0,prem,26.0,2026-02-10 19:30:00+00:00,True,11.0,91.0,1.0,2.0,everton,bournemouth,fpl-core-insights,prem,1,0,0,0,5,3.1875,1612.0241625499775,1.016,5,1.3619999999999999,5,3.0,5,1.8,5,18.0,5,0.2,5,3.1875,1601.3292989823406,1.666,5,1.004,5,4.6,5,2.6,5,17.0,5,0.2,0.6336703224109652,0.6336703224109652,0.3930793740957326,0.3538370507301569,0.6059646020366578,0.3538370507301569,1
25-26-prem-tottenham-hotspur-vs-newcastle-united,2025-2026,26.0,prem,26.0,2026-02-10 19:30:00+00:00,True,6.0,4.0,1.0,2.0,tottenham,newcastle-united,fpl-core-insights,prem,1,0,0,0,5,3.2916666666666665,1553.4461508901288,0.966,5,1.848,5,4.0,5,1.8,5,21.4,5,0.4,5,3.0833333333333335,1618.785530803857,1.916,5,1.512,5,5.0,5,3.0,5,15.0,5,0.0,0.5063157667961988,0.5063157667961988,0.45460368261064515,0.43908079764339186,0.8760285386443675,0.43908079764339186,1
25-26-prem-west-ham-united-vs-manchester-united,2025-2026,26.0,prem,26.0,2026-02-10 20:15:00+00:00,True,21.0,1.0,1.0,1.0,west-ham,manchester-united,fpl-core-insights,prem,1,0,0,0,5,3.21875,1507.2821856993532,1.4920000000000002,5,1.5059999999999998,5,4.4,5,3.0,5,21.2,5,0.2,5,3.3229166666666665,1643.2756806688578,1.8199999999999998,5,0.8619999999999999,5,7.2,5,3.8,5,19.4,5,0.4,0.2087521798786948,0.2087521798786948,0.013364429051166159,0.5926201251215826,0.8149072239917968,0.5926201251215826,1
25-26-prem-aston-villa-vs-brighton-hove-albion,2025-2026,26.0,prem,26.0,2026-02-11 19:30:00+00:00,True,7.0,36.0,1.0,0.0,aston-villa,brighton,fpl-core-insights,prem,1,0,0,0,5,4.1875,1720.3724864929322,1.552,5,1.6760000000000002,5,6.8,5,3.0,5,19.2,5,0.2,5,3.2291666666666665,1605.3284040868598,1.19,5,1.45,5,3.4,5,2.6,5,19.2,5,0.0,0.9694806372503221,0.9694806372503221,0.6869776934781893,0.6307864009724468,0.6693248640846421,0.6307864009724468,1
25-26-prem-manchester-city-vs-fulham,2025-2026,26.0,prem,26.0,2026-02-11 19:30:00+00:00,True,43.0,54.0,3.0,0.0,manchester-city,fulham,fpl-core-insights,prem,1,0,0,0,5,3.125,1766.3823280668341,1.6039999999999999,5,1.2680000000000002,5,4.8,5,2.6,5,16.6,5,0.2,5,4.1875,1580.814182159246,1.31,5,1.816,5,3.8,5,1.6,5,16.0,5,0.0,1.269494824807052,1.269494824807052,1.0897419279849436,0.3604368198919322,0.5734349859947677,0.3604368198919322,1
25-26-prem-nottingham-forest-vs-wolverhampton-wanderers,2025-2026,26.0,prem,26.0,2026-02-11 19:30:00+00:00,True,17.0,39.0,0.0,0.0,nottingham-forest,wolves,fpl-core-insights,prem,1,0,0,0,5,4.979166666666667,1549.9584525620457,1.2260000000000002,5,1.948,5,4.4,5,2.8,5,15.8,5,0.4,5,4.1875,1452.3891592727305,0.8140000000000001,5,1.498,5,3.4,5,1.4,5,16.2,5,0.2,0.41155732224967406,0.41155732224967406,0.1498803183604957,-0.06488830753241082,-0.05701699427130237,-0.06488830753241082,1
25-26-prem-crystal-palace-vs-burnley,2025-2026,26.0,prem,26.0,2026-02-11 19:40:00+00:00,True,31.0,90.0,2.0,3.0,crystal-palace,burnley,fpl-core-insights,prem,1,0,0,0,5,3.236111111111111,1605.2979803799901,1.388,5,1.3760000000000001,5,4.2,5,2.6,5,16.8,5,0.4,5,4.194444444444445,1415.1162848094095,0.6960000000000001,5,2.054,5,2.2,5,1.0,5,16.8,5,0.0,0.5746306436958353,0.5746306436958353,0.5245954339899105,-0.31287425066858604,-0.2810589462181543,-0.31287425066858604,1
25-26-prem-sunderland-vs-liverpool,2025-2026,26.0,prem,26.0,2026-02-11 20:15:00+00:00,True,56.0,14.0,0.0,1.0,sunderland,liverpool,fpl-core-insights,prem,1,0,0,0,5,4.21875,1525.2920004909222,1.152,5,1.384,5,4.0,5,2.4,5,11.4,5,0.2,5,3.15625,1709.2598654020273,2.0479999999999996,5,2.256,5,5.6,5,3.8,5,17.0,5,0.2,0.22262819163188174,0.22262819163188174,-0.18967177416992745,0.7606896908910565,1.0543409819520317,0.7606896908910565,1
25-26-prem-brentford-vs-arsenal,2025-2026,26.0,prem,26.0,2026-02-12 20:00:00+00:00,True,94.0,3.0,1.0,1.0,brentford,arsenal,fpl-core-insights,prem,1,0,0,0,5,5.104166666666667,1628.1520105883567,1.748,5,1.746,5,3.8,5,3.4,5,11.6,5,0.4,5,5.208333333333333,1822.2209920175317,1.906,5,1.2840000000000003,5,5.8,5,3.8,5,14.0,5,0.6,0.8339133061426516,0.8339133061426516,0.668644552832673,1.156343234348034,1.3751812205654335,1.156343234348034,1
25-26-prem-wolverhampton-wanderers-vs-arsenal,2025-2026,26.0,prem,26.0,2026-02-18 20:00:00+00:00,True,39.0,3.0,2.0,2.0,wolves,arsenal,fpl-core-insights,prem,1,0,0,0,5,7.020833333333333,1457.097064711031,0.752,5,1.8299999999999996,5,3.2,5,1.2,5,17.0,5,0.4,5,6.0,1819.0509155666916,1.214,5,1.364,5,4.0,5,2.2,5,16.6,5,0.6,-0.04576691232804988,-0.04576691232804988,-0.04881676189919297,1.1368751888879214,1.3615535887433545,1.1368751888879214,1
25-26-prem-aston-villa-vs-leeds-united,2025-2026,27.0,prem,27.0,2026-02-21 15:00:00+00:00,True,7.0,2.0,1.0,1.0,aston-villa,leeds,fpl-core-insights,prem,1,0,0,0,5,9.8125,1725.2824655227728,1.464,5,1.3400000000000003,5,5.4,5,2.6,5,17.2,5,0.2,5,10.8125,1524.6698022395608,1.35,5,1.528,5,3.4,5,3.4,5,18.0,5,0.2,0.9885212207546719,0.9885212207546719,0.7003061019312341,-0.04078727939095807,0.19613027526533752,-0.04078727939095807,1
25-26-prem-brentford-vs-brighton-hove-albion,2025-2026,27.0,prem,27.0,2026-02-21 15:00:00+00:00,True,94.0,36.0,0.0,2.0,brentford,brighton,fpl-core-insights,prem,1,0,0,0,5,8.791666666666666,1631.3220870391967,1.402,5,1.5219999999999998,5,3.2,5,3.0,5,12.2,5,0.2,5,9.8125,1600.4184250570192,1.0580000000000003,5,1.084,5,3.4,5,1.6,5,18.0,5,0.0,0.8533813516027643,0.8533813516027643,0.6822721846547519,0.611745817468097,0.6559964556315973,0.611745817468097,1
25-26-prem-chelsea-vs-burnley,2025-2026,27.0,prem,27.0,2026-02-21 15:00:00+00:00,True,8.0,90.0,1.0,1.0,chelsea,burnley,fpl-core-insights,prem,1,0,0,0,5,10.8125,1676.1200748116903,2.232,5,1.262,5,4.6,5,3.6,5,16.0,5,0.0,5,9.805555555555555,1431.6298164781479,0.7540000000000001,5,1.9040000000000004,5,2.6,5,1.2,5,16.8,5,0.0,0.9209103721468422,0.9209103721468422,0.8609339194141903,-0.2655050776125843,-0.24790052507895308,-0.2655050776125843,1
25-26-prem-west-ham-united-vs-afc-bournemouth,2025-2026,27.0,prem,27.0,2026-02-21 17:30:00+00:00,True,21.0,91.0,0.0,0.0,west-ham,bournemouth,fpl-core-insights,prem,1,0,0,0,5,10.885416666666666,1508.8799984572165,1.524,5,1.344,5,4.4,5,2.8,5,18.6,5,0.2,5,10.916666666666666,1613.8819866932913,1.6800000000000002,5,1.342,5,4.8,5,2.8,5,17.8,5,0.2,0.2241662004612941,0.2241662004612941,0.02415424345898566,0.39210209001778473,0.6327501295379973,0.39210209001778473,1
25-26-prem-manchester-city-vs-newcastle-united,2025-2026,27.0,prem,27.0,2026-02-21 20:00:00+00:00,True,43.0,4.0,2.0,1.0,manchester-city,newcastle-united,fpl-core-insights,prem,1,0,0,0,5,10.020833333333334,1769.9459104447574,1.5500000000000003,5,1.508,5,4.8,5,2.2,5,18.8,5,0.4,5,11.020833333333334,1629.2072471026197,1.9760000000000002,5,1.65,5,5.2,5,3.0,5,14.8,5,0.0,1.3142647152034193,1.3142647152034193,1.1210808512624009,0.47234973829207694,0.899316797098447,0.47234973829207694,1
25-26-prem-crystal-palace-vs-wolverhampton-wanderers,2025-2026,27.0,prem,27.0,2026-02-22 14:00:00+00:00,True,31.0,39.0,1.0,0.0,crystal-palace,wolves,fpl-core-insights,prem,1,0,0,0,5,10.76388888888889,1588.7844487112518,1.448,5,1.1340000000000001,5,3.8,5,2.6,5,15.6,5,0.2,5,3.75,1463.8013901779252,0.752,5,1.9620000000000002,5,3.2,5,1.4,5,20.0,5,0.2,0.5272614706398335,0.5272614706398335,0.4914370128507093,-0.020489966503742095,-0.005300061763120055,-0.020489966503742095,1
25-26-prem-nottingham-forest-vs-liverpool,2025-2026,27.0,prem,27.0,2026-02-22 14:00:00+00:00,True,17.0,14.0,0.0,1.0,nottingham-forest,liverpool,fpl-core-insights,prem,1,0,0,0,5,10.770833333333334,1545.2505471237453,1.5799999999999998,5,1.67,5,6.0,5,3.4,5,15.8,5,0.4,5,10.739583333333334,1716.3536631736488,2.3679999999999994,5,1.9120000000000001,5,5.4,5,4.4,5,17.6,5,0.4,0.39548577661645623,0.39548577661645623,0.1386302364172432,0.7758180117943281,1.0649308065843217,0.7758180117943281,1
25-26-prem-sunderland-vs-fulham,2025-2026,27.0,prem,27.0,2026-02-22 14:00:00+00:00,True,56.0,54.0,1.0,3.0,sunderland,fulham,fpl-core-insights,prem,1,0,0,0,5,10.739583333333334,1518.1982027193008,0.9339999999999999,5,1.2419999999999998,5,3.8,5,2.2,5,12.8,5,0.2,5,10.770833333333334,1577.2505997813228,1.3539999999999999,5,1.612,5,3.4,5,1.8,5,17.4,5,0.0,0.2074998707286102,0.2074998707286102,-0.20026159880221753,0.31566692949556474,0.5420960627173105,0.31566692949556474,1
25-26-prem-tottenham-hotspur-vs-arsenal,2025-2026,27.0,prem,27.0,2026-02-22 16:30:00+00:00,True,6.0,3.0,1.0,4.0,tottenham,arsenal,fpl-core-insights,prem,1,0,0,0,5,11.875,1543.0244345913661,1.2600000000000002,5,1.8980000000000001,5,4.2,5,2.2,5,20.0,5,0.2,5,3.8541666666666665,1812.3465900997974,1.312,5,0.61,5,4.4,5,2.4,5,16.2,5,0.6,0.47304682614751375,0.47304682614751375,0.4313154241565656,1.0964083383229917,1.3332267933479036,1.0964083383229917,1
25-26-prem-everton-vs-manchester-united,2025-2026,27.0,prem,27.0,2026-02-23 20:00:00+00:00,True,11.0,1.0,0.0,1.0,everton,manchester-united,fpl-core-insights,prem,1,0,0,0,5,13.020833333333334,1599.4714748390268,1.4259999999999997,5,1.4839999999999998,5,3.8,5,2.0,5,16.8,5,0.2,5,12.989583333333334,1641.6778679109946,1.424,5,1.036,5,5.8,5,3.0,5,19.4,5,0.4,0.5954052831233374,0.5954052831233374,0.3662938465943932,0.5772061045389832,0.8041174095839774,0.5772061045389832,1
25-26-prem-wolverhampton-wanderers-vs-aston-villa,2025-2026,28.0,prem,28.0,2026-02-27 20:00:00+00:00,True,39.0,7.0,2.0,0.0,wolves,aston-villa,fpl-core-insights,prem,1,0,0,0,5,5.25,1459.1002647562125,0.9559999999999998,5,2.19,5,4.4,5,1.6,5,19.6,5,0.2,5,6.208333333333333,1718.5994465377764,1.448,5,1.166,5,4.4,5,2.0,5,16.6,5,0.2,-0.017928706309394252,-0.017928706309394252,-0.03853088728413381,0.6756155018824023,0.9532489349706265,0.6756155018824023,1
25-26-prem-afc-bournemouth-vs-sunderland,2025-2026,28.0,prem,28.0,2026-02-28 12:30:00+00:00,True,91.0,56.0,1.0,1.0,bournemouth,sunderland,fpl-core-insights,prem,1,0,0,0,5,6.791666666666667,1613.163611223654,1.552,5,1.7919999999999998,5,5.4,5,2.6,5,17.6,5,0.4,5,5.9375,1507.5960117453246,0.9620000000000001,5,1.496,5,2.8,5,2.2,5,12.2,5,0.2,0.6279190655264217,0.6279190655264217,0.38520057000124824,-0.2342312270562763,0.1589718303656691,-0.2342312270562763,1
25-26-prem-burnley-vs-brentford,2025-2026,28.0,prem,28.0,2026-02-28 15:00:00+00:00,True,90.0,94.0,3.0,4.0,burnley,brentford,fpl-core-insights,prem,1,0,0,0,5,7.0,1438.9541558035264,0.844,5,1.6659999999999997,5,3.2,5,1.4,5,14.8,5,0.0,5,7.0,1618.2341953762527,1.418,5,1.422,5,2.8,5,3.0,5,11.0,5,0.2,-0.22196443306778915,-0.22196443306778915,-0.22845351759663582,0.6439119964027743,0.7985810826713676,0.6439119964027743,1
25-26-prem-liverpool-vs-west-ham-united,2025-2026,28.0,prem,28.0,2026-02-28 15:00:00+00:00,True,14.0,21.0,5.0,2.0,liverpool,west-ham,fpl-core-insights,prem,1,0,0,0,5,6.041666666666667,1723.789993995268,1.594,5,2.1060000000000003,5,3.8,5,3.2,5,17.0,5,0.6,5,6.895833333333333,1509.5983739268538,1.608,5,1.1860000000000002,5,4.2,5,2.6,5,17.8,5,0.4,1.078729852742008,1.078729852742008,0.7955309348767369,0.028985307470561193,0.23106772047783056,0.028985307470561193,1
25-26-prem-newcastle-united-vs-everton,2025-2026,28.0,prem,28.0,2026-02-28 15:00:00+00:00,True,4.0,11.0,2.0,3.0,newcastle-united,everton,fpl-core-insights,prem,1,0,0,0,5,6.791666666666667,1624.8244087985504,1.584,5,1.72,5,5.2,5,2.4,5,16.0,5,0.0,5,4.791666666666667,1588.3879577085106,1.4499999999999997,5,1.45,5,4.0,5,1.8,5,17.0,5,0.0,0.9078179347686932,0.9078179347686932,0.4844942206781429,0.343820398519156,0.56330035730157,0.343820398519156,1
25-26-prem-leeds-united-vs-manchester-city,2025-2026,28.0,prem,28.0,2026-02-28 17:30:00+00:00,True,2.0,43.0,0.0,1.0,leeds,manchester-city,fpl-core-insights,prem,1,0,0,0,5,7.104166666666667,1531.3528212245571,1.334,5,1.7420000000000002,5,3.2,5,2.8,5,20.4,5,0.0,5,6.895833333333333,1774.3287487488267,1.7760000000000002,5,1.304,5,5.4,5,3.2,5,19.4,5,0.2,0.2208208753141693,0.2208208753141693,-0.005514993606912655,1.1125797135921547,1.3021202328173533,1.1125797135921547,1
25-26-prem-brighton-hove-albion-vs-nottingham-forest,2025-2026,28.0,prem,28.0,2026-03-01 14:00:00+00:00,True,36.0,17.0,2.0,1.0,brighton,nottingham-forest,fpl-core-insights,prem,1,0,0,0,5,7.958333333333333,1613.5063167199633,1.072,5,1.1460000000000001,5,3.8,5,1.8,5,17.0,5,0.2,5,7.0,1537.814216302126,1.2419999999999998,5,1.886,5,4.4,5,2.4,5,16.8,5,0.4,0.6943566438835749,0.6943566438835749,0.6665460863994936,0.12483119025955704,0.37577285353404744,0.12483119025955704,1
25-26-prem-fulham-vs-tottenham-hotspur,2025-2026,28.0,prem,28.0,2026-03-01 14:00:00+00:00,True,54.0,6.0,2.0,1.0,fulham,tottenham,fpl-core-insights,prem,1,0,0,0,5,7.0,1587.8527907552989,1.652,5,1.6960000000000002,5,4.0,5,2.4,5,18.6,5,0.0,5,6.895833333333333,1537.9914134347043,1.002,5,2.024,5,3.0,5,1.4,5,19.6,5,0.2,0.5760656909713693,0.5760656909713693,0.36419496985850586,0.39501711289962327,0.42119209578045325,0.39501711289962327,1
25-26-prem-manchester-united-vs-crystal-palace,2025-2026,28.0,prem,28.0,2026-03-01 14:00:00+00:00,True,1.0,31.0,2.0,1.0,manchester-united,crystal-palace,fpl-core-insights,prem,1,0,0,0,5,5.75,1652.7613850415107,1.2240000000000002,5,1.072,5,5.0,5,2.2,5,17.0,5,0.4,5,7.0,1593.4855741329645,1.7259999999999998,5,1.118,5,4.0,5,2.8,5,16.2,5,0.4,0.8265908576592145,0.8265908576592145,0.6093110303607506,0.5040656573969835,0.5453023914202253,0.5040656573969835,1
25-26-prem-arsenal-vs-chelsea,2025-2026,28.0,prem,28.0,2026-03-01 16:30:00+00:00,True,3.0,8.0,2.0,1.0,arsenal,chelsea,fpl-core-insights,prem,1,0,0,0,5,7.0,1817.3796112564592,1.2879999999999998,5,0.732,5,4.0,5,2.4,5,19.6,5,0.4,5,8.0625,1668.7957354863117,2.434,5,1.03,5,4.0,5,4.0,5,15.4,5,0.0,1.369525104604846,1.369525104604846,1.1482630686900521,0.8349978274030263,0.8838588121308938,0.8349978274030263,1
25-26-prem-afc-bournemouth-vs-brentford,2025-2026,29.0,prem,29.0,2026-03-03 19:30:00+00:00,True,91.0,94.0,0.0,0.0,bournemouth,brentford,fpl-core-insights,prem,1,0,0,0,5,3.2916666666666665,1608.2784727484998,1.424,5,1.89,5,5.4,5,1.8,5,16.8,5,0.4,5,3.1875,1625.4520024474687,1.5059999999999998,5,1.46,5,4.0,5,3.4,5,11.0,5,0.2,0.6007075130601116,0.6007075130601116,0.36615248327483113,0.6512676523976414,0.8037300418677745,0.6512676523976414,1
25-26-prem-everton-vs-burnley,2025-2026,29.0,prem,29.0,2026-03-03 19:30:00+00:00,True,11.0,90.0,2.0,0.0,everton,burnley,fpl-core-insights,prem,1,0,0,0,5,3.1875,1601.6191945758771,1.7559999999999998,5,1.41,5,4.4,5,2.2,5,18.8,5,0.0,5,3.1875,1431.7363487323105,0.75,5,1.7060000000000002,5,3.0,5,1.0,5,13.6,5,0.0,0.5950679956994782,0.5950679956994782,0.38920273908759634,-0.23360247679304275,-0.2293200890626562,-0.23360247679304275,1
25-26-prem-leeds-united-vs-sunderland,2025-2026,29.0,prem,29.0,2026-03-03 19:30:00+00:00,True,2.0,56.0,0.0,1.0,leeds,sunderland,fpl-core-insights,prem,1,0,0,0,5,3.0833333333333335,1525.7273975703151,1.386,5,2.022,5,2.8,5,2.8,5,17.0,5,0.0,5,3.2916666666666665,1512.4811502204789,1.112,5,1.534,5,3.2,5,1.8,5,14.8,5,0.2,0.2277529461213322,0.2277529461213322,-0.0006625440418986175,-0.20701967458996615,0.1780199170920862,-0.20701967458996615,1
25-26-prem-wolverhampton-wanderers-vs-liverpool,2025-2026,29.0,prem,29.0,2026-03-03 20:15:00+00:00,True,39.0,14.0,2.0,1.0,wolves,liverpool,fpl-core-insights,prem,1,0,0,0,5,4.010416666666667,1473.8512920712526,0.852,5,2.1239999999999997,5,3.4,5,1.2,5,18.2,5,0.4,5,3.21875,1726.8963080772548,1.918,5,1.358,5,5.0,5,3.6,5,17.0,5,0.4,0.0416517167842058,0.0416517167842058,0.0031754088813862255,0.8276340015520345,1.1245913765638618,0.8276340015520345,1
25-26-prem-aston-villa-vs-chelsea,2025-2026,29.0,prem,29.0,2026-03-04 19:30:00+00:00,True,7.0,8.0,1.0,4.0,aston-villa,chelsea,fpl-core-insights,prem,1,0,0,0,5,4.979166666666667,1703.8484192227363,1.21,5,1.03,5,3.8,5,1.4,5,14.6,5,0.2,5,3.125,1664.565492514606,2.104,5,1.032,5,3.4,5,3.6,5,16.6,5,0.0,0.9115426388051064,0.9115426388051064,0.6160350787888023,0.833331314219837,0.8826922529026613,0.833331314219837,1
25-26-prem-brighton-hove-albion-vs-arsenal,2025-2026,29.0,prem,29.0,2026-03-04 19:30:00+00:00,True,36.0,3.0,0.0,1.0,brighton,arsenal,fpl-core-insights,prem,1,0,0,0,5,3.2291666666666665,1619.302809936681,1.016,5,1.1219999999999999,5,4.2,5,1.4,5,17.0,5,0.2,5,3.125,1821.609854228165,1.378,5,0.76,5,4.6,5,2.6,5,21.0,5,0.2,0.7095898524443173,0.7095898524443173,0.6772093323920133,1.1494296279182847,1.3711916177880354,1.1494296279182847,1
25-26-prem-fulham-vs-west-ham-united,2025-2026,29.0,prem,29.0,2026-03-04 19:30:00+00:00,True,54.0,21.0,0.0,1.0,fulham,west-ham,fpl-core-insights,prem,1,0,0,0,5,3.2291666666666665,1594.2799324235655,1.8699999999999999,5,1.554,5,4.0,5,2.6,5,18.8,5,0.0,5,4.1875,1506.492059844867,1.6759999999999997,5,1.4200000000000002,5,4.0,5,2.2,5,15.4,5,0.4,0.6028217368677229,0.6028217368677229,0.3829242019859534,-0.016876216351292526,0.19896465380253295,-0.016876216351292526,1
25-26-prem-manchester-city-vs-nottingham-forest,2025-2026,29.0,prem,29.0,2026-03-04 19:30:00+00:00,True,43.0,17.0,2.0,2.0,manchester-city,nottingham-forest,fpl-core-insights,prem,1,0,0,0,5,4.083333333333333,1779.9541724030687,1.7600000000000002,5,1.392,5,5.8,5,3.6,5,18.2,5,0.4,5,3.2291666666666665,1532.0177230854083,1.298,5,1.5720000000000003,5,4.6,5,2.0,5,14.8,5,0.2,1.2972677832523394,1.2972677832523394,1.1056476427849917,0.10959798169881466,0.36510960754152777,0.10959798169881466,1
25-26-prem-newcastle-united-vs-manchester-united,2025-2026,29.0,prem,29.0,2026-03-04 20:15:00+00:00,True,4.0,1.0,2.0,1.0,newcastle-united,manchester-united,fpl-core-insights,prem,1,0,0,0,5,4.21875,1611.5931719311839,1.7180000000000004,5,1.69,5,6.2,5,2.6,5,16.0,5,0.0,5,3.2604166666666665,1658.95447086046,1.492,5,0.9099999999999999,5,6.6,5,2.4,5,16.8,5,0.4,0.8624355942002528,0.8624355942002528,0.45272658228023466,0.6240420926216902,0.8476352323176995,0.6240420926216902,1
25-26-prem-tottenham-hotspur-vs-crystal-palace,2025-2026,29.0,prem,29.0,2026-03-05 20:00:00+00:00,True,6.0,31.0,1.0,3.0,tottenham,crystal-palace,fpl-core-insights,prem,1,0,0,0,5,4.25,1531.5642717664377,1.006,5,2.1100000000000003,5,3.0,5,1.2,5,19.2,5,0.0,5,4.25,1587.2924883140151,1.448,5,1.0879999999999999,5,3.2,5,1.6,5,16.2,5,0.4,0.4024628636530057,0.4024628636530057,0.3682610670032696,0.4830212827384984,0.5305713291592857,0.4830212827384984,1
25-26-prem-burnley-vs-afc-bournemouth,2025-2026,30.0,prem,30.0,2026-03-14 15:00:00+00:00,True,90.0,91.0,0.0,0.0,burnley,bournemouth,fpl-core-insights,prem,1,0,0,0,5,10.8125,1427.9006119352011,0.8960000000000001,5,1.6720000000000002,5,3.4,5,1.2,5,14.2,5,0.0,5,10.8125,1606.4896370161746,1.536,5,1.6940000000000002,5,5.0,5,2.2,5,15.4,5,0.4,-0.25484482158892546,-0.25484482158892546,-0.2700663804019989,0.3680950778823741,0.6034826482137444,0.3680950778823741,1
25-26-prem-sunderland-vs-brighton-hove-albion,2025-2026,30.0,prem,30.0,2026-03-14 15:00:00+00:00,True,56.0,36.0,0.0,1.0,sunderland,brighton,fpl-core-insights,prem,1,0,0,0,5,10.8125,1525.1023578190043,0.99,5,1.752,5,2.4,5,1.4,5,16.2,5,0.2,5,9.8125,1612.6845381878752,0.892,5,0.976,5,4.4,5,1.4,5,17.6,5,0.2,0.20547259679637134,0.20547259679637134,-0.16780156072670166,0.6686456554868299,0.6973560282940552,0.6686456554868299,1
25-26-prem-arsenal-vs-everton,2025-2026,30.0,prem,30.0,2026-03-14 17:30:00+00:00,True,3.0,11.0,2.0,0.0,arsenal,everton,fpl-core-insights,prem,1,0,0,0,5,9.916666666666666,1828.2281259769707,1.174,5,0.8860000000000001,5,4.0,5,2.4,5,21.2,5,0.2,5,10.916666666666666,1605.4549313729865,1.7760000000000002,5,1.28,5,4.6,5,2.2,5,17.8,5,0.2,1.3797552946932188,1.3797552946932188,1.1616634520685467,0.4147274716138656,0.6315318993084343,0.4147274716138656,1
25-26-prem-chelsea-vs-newcastle-united,2025-2026,30.0,prem,30.0,2026-03-14 17:30:00+00:00,True,8.0,4.0,0.0,1.0,chelsea,newcastle-united,fpl-core-insights,prem,1,0,0,0,5,9.916666666666666,1677.86990814331,2.6420000000000003,5,1.052,5,4.6,5,4.2,5,16.6,5,0.0,5,9.885416666666666,1620.6565083471244,1.7700000000000002,5,1.72,5,5.6,5,2.2,5,16.2,5,0.0,0.9278661544503165,0.9278661544503165,0.897865459287916,0.4692079397966943,0.885980390652338,0.4692079397966943,1
25-26-prem-west-ham-united-vs-manchester-city,2025-2026,30.0,prem,30.0,2026-03-14 20:00:00+00:00,True,21.0,43.0,1.0,1.0,west-ham,manchester-city,fpl-core-insights,prem,1,0,0,0,5,10.020833333333334,1520.977949145463,1.6700000000000004,5,1.058,5,3.4,5,2.4,5,14.0,5,0.6,5,10.020833333333334,1772.5841879009683,1.918,5,1.142,5,6.2,5,3.8,5,17.0,5,0.4,0.22948196898242934,0.22948196898242934,0.026719948191416588,1.0749167335215,1.2533664843044938,1.0749167335215,1
25-26-prem-crystal-palace-vs-leeds-united,2025-2026,30.0,prem,30.0,2026-03-15 14:00:00+00:00,True,31.0,2.0,0.0,0.0,crystal-palace,leeds,fpl-core-insights,prem,1,0,0,0,5,9.75,1597.9899521350028,1.424,5,1.3059999999999998,5,3.4,5,2.0,5,18.0,5,0.4,5,11.770833333333334,1513.1061899717897,1.5859999999999999,5,1.7559999999999998,5,3.4,5,2.8,5,17.0,5,0.0,0.5647018112500949,0.5647018112500949,0.5317791142967971,-0.028115223746183755,0.18853483225806772,-0.028115223746183755,1
25-26-prem-manchester-united-vs-aston-villa,2025-2026,30.0,prem,30.0,2026-03-15 14:00:00+00:00,True,1.0,7.0,3.0,1.0,manchester-united,aston-villa,fpl-core-insights,prem,1,0,0,0,5,10.739583333333334,1649.8911344445196,1.4300000000000002,5,1.018,5,6.4,5,2.6,5,14.8,5,0.4,5,10.770833333333334,1690.5440035940321,0.8860000000000001,5,1.6740000000000002,5,3.6,5,1.4,5,13.0,5,0.2,0.8311538748012399,0.8311538748012399,0.600497296169605,0.570861177241147,0.8470084937370275,0.570861177241147,1
25-26-prem-nottingham-forest-vs-fulham,2025-2026,30.0,prem,30.0,2026-03-15 14:00:00+00:00,True,17.0,54.0,0.0,0.0,nottingham-forest,fulham,fpl-core-insights,prem,1,0,0,0,5,10.770833333333334,1539.3877075875087,1.394,5,1.6160000000000003,5,5.2,5,2.0,5,15.6,5,0.2,5,10.770833333333334,1579.7940431229695,1.6600000000000001,5,1.414,5,3.8,5,2.2,5,17.2,5,0.0,0.39584051680501964,0.39584051680501964,0.15349928064666016,0.35240688680605703,0.5592255723250138,0.35240688680605703,1
25-26-prem-liverpool-vs-tottenham-hotspur,2025-2026,30.0,prem,30.0,2026-03-15 16:30:00+00:00,True,14.0,6.0,1.0,1.0,liverpool,tottenham,fpl-core-insights,prem,1,0,0,0,5,11.84375,1712.2903789554719,1.8419999999999999,5,1.374,5,5.4,5,2.4,5,16.0,5,0.4,5,9.854166666666666,1520.86680794545,1.1119999999999999,5,2.05,5,2.6,5,1.0,5,17.8,5,0.0,1.091104599065193,1.091104599065193,0.7797957479825077,0.33413058491246045,0.35370503209470694,0.33413058491246045,1
25-26-prem-brentford-vs-wolverhampton-wanderers,2025-2026,30.0,prem,30.0,2026-03-16 20:00:00+00:00,True,94.0,39.0,2.0,2.0,brentford,wolves,fpl-core-insights,prem,1,0,0,0,5,13.020833333333334,1627.2408381797939,1.5100000000000002,5,1.364,5,4.0,5,3.4,5,12.4,5,0.2,5,12.989583333333334,1488.4572211930356,0.728,5,1.816,5,3.4,5,1.2,5,18.8,5,0.4,0.8017874472602315,0.8017874472602315,0.6484925172440086,0.036662186380054994,0.08948997035373261,0.036662186380054994,1
25-26-prem-afc-bournemouth-vs-manchester-united,2025-2026,31.0,prem,31.0,2026-03-20 20:00:00+00:00,True,91.0,1.0,2.0,2.0,bournemouth,manchester-united,fpl-core-insights,prem,1,0,0,0,5,6.208333333333333,1603.7258036912062,1.634,5,1.886,5,3.8,5,2.2,5,17.4,5,0.6,5,5.25,1658.7634499406238,1.2939999999999998,5,1.1199999999999999,5,5.6,5,2.6,5,15.0,5,0.2,0.5896478085447205,0.5896478085447205,0.34833102121234005,0.6316933618282832,0.875719682885066,0.6316933618282832,1
25-26-prem-brighton-hove-albion-vs-liverpool,2025-2026,31.0,prem,31.0,2026-03-21 12:45:00+00:00,True,36.0,14.0,2.0,1.0,brighton,liverpool,fpl-core-insights,prem,1,0,0,0,5,6.90625,1622.4663401324647,1.08,5,0.9240000000000002,5,4.8,5,1.4,5,19.4,5,0.4,5,5.84375,1705.756315930717,1.94,5,1.06,5,5.4,5,2.4,5,15.0,5,0.4,0.7103026891953637,0.7103026891953637,0.687140885345842,0.7573818889371724,1.0590848004289997,0.7573818889371724,1
25-26-prem-fulham-vs-burnley,2025-2026,31.0,prem,31.0,2026-03-21 15:00:00+00:00,True,54.0,90.0,3.0,1.0,fulham,burnley,fpl-core-insights,prem,1,0,0,0,5,6.041666666666667,1580.9287326375431,1.472,5,1.2280000000000002,5,3.4,5,1.6,5,16.4,5,0.2,5,7.0,1430.6644452601695,0.9079999999999998,5,1.9780000000000002,5,2.8,5,1.4,5,13.6,5,0.2,0.5606131169261072,0.5606131169261072,0.3543890933790475,-0.256231540732975,-0.23508076491889138,-0.256231540732975,1
25-26-prem-everton-vs-chelsea,2025-2026,31.0,prem,31.0,2026-03-21 17:30:00+00:00,True,11.0,8.0,3.0,0.0,everton,chelsea,fpl-core-insights,prem,1,0,0,0,5,7.0,1602.4760388900863,1.6099999999999999,5,1.4260000000000002,5,4.6,5,2.0,5,17.8,5,0.2,5,7.0,1664.1138663463635,2.232,5,1.122,5,4.0,5,3.4,5,14.6,5,0.0,0.6187744528443724,0.6187744528443724,0.39650254809377705,0.8673050567112517,0.8842084364836533,0.8673050567112517,1
25-26-prem-leeds-united-vs-brentford,2025-2026,31.0,prem,31.0,2026-03-21 20:00:00+00:00,True,2.0,94.0,0.0,0.0,leeds,brentford,fpl-core-insights,prem,1,0,0,0,5,6.25,1517.5250629152476,1.31,5,1.624,5,3.0,5,1.6,5,15.6,5,0.2,5,5.0,1621.6623141262512,1.6640000000000001,5,1.194,5,3.6,5,3.6,5,12.4,5,0.2,0.20281827130624583,0.20281827130624583,-0.007710310820215019,0.6293448799191429,0.7744336796532806,0.6293448799191429,1
25-26-prem-newcastle-united-vs-sunderland,2025-2026,31.0,prem,31.0,2026-03-22 12:00:00+00:00,True,4.0,56.0,1.0,2.0,newcastle-united,sunderland,fpl-core-insights,prem,1,0,0,0,5,7.770833333333333,1634.412550144071,1.6039999999999999,5,1.6400000000000001,5,5.8,5,1.6,5,17.6,5,0.2,5,7.875,1515.3205558744148,1.1320000000000001,5,1.7899999999999998,5,2.6,5,1.2,5,15.0,5,0.2,0.9165407932290023,0.9165407932290023,0.5128656577633575,-0.18074822162801013,0.18697736693735922,-0.18074822162801013,1
25-26-prem-aston-villa-vs-west-ham-united,2025-2026,31.0,prem,31.0,2026-03-22 14:15:00+00:00,True,7.0,21.0,2.0,0.0,aston-villa,west-ham,fpl-core-insights,prem,1,0,0,0,5,7.010416666666667,1681.671688097928,0.998,5,1.482,5,3.2,5,1.8,5,12.6,5,0.2,5,7.760416666666667,1525.5511900098888,1.574,5,1.214,5,2.8,5,2.2,5,16.4,5,0.4,0.8158124280783493,0.8158124280783493,0.526295369157321,0.05024076154122194,0.2630831309107227,0.05024076154122194,1
25-26-prem-tottenham-hotspur-vs-nottingham-forest,2025-2026,31.0,prem,31.0,2026-03-22 14:15:00+00:00,True,6.0,17.0,0.0,3.0,tottenham,nottingham-forest,fpl-core-insights,prem,1,0,0,0,5,6.90625,1527.400870970205,1.25,5,2.034,5,3.8,5,1.2,5,18.6,5,0.0,5,7.010416666666667,1538.253018072935,1.318,5,1.322,5,4.4,5,1.8,5,14.4,5,0.4,0.37611889114004227,0.37611889114004227,0.36615038354865376,0.15211173604556683,0.39385831023202916,0.15211173604556683,1
25-26-prem-west-ham-united-vs-wolverhampton-wanderers,2025-2026,32.0,prem,32.0,2026-04-10 19:00:00+00:00,True,21.0,39.0,4.0,0.0,west-ham,wolves,fpl-core-insights,prem,1,0,0,0,5,19.197916666666668,1521.4638442229923,1.5219999999999998,5,1.438,5,2.4,5,1.8,5,16.0,5,0.4,5,24.958333333333332,1494.0357452465782,0.9219999999999999,5,1.818,5,3.6,5,1.8,5,16.2,5,0.2,0.23836950349071517,0.23836950349071517,0.014935579512639727,0.06401595398700594,0.10863760767859827,0.06401595398700594,1
25-26-prem-arsenal-vs-afc-bournemouth,2025-2026,32.0,prem,32.0,2026-04-11 11:30:00+00:00,True,3.0,91.0,1.0,2.0,arsenal,bournemouth,fpl-core-insights,prem,1,0,0,0,5,27.75,1831.2070184598708,1.5939999999999999,5,0.7939999999999999,5,5.0,5,2.6,5,20.0,5,0.4,5,21.645833333333332,1603.0085631159511,1.7259999999999998,5,1.652,5,4.0,5,2.2,5,15.8,5,0.6,1.3979802182133072,1.3979802182133072,1.1744208985326088,0.3499361030712702,0.5919407826289065,0.3499361030712702,1
25-26-prem-brentford-vs-everton,2025-2026,32.0,prem,32.0,2026-04-11 14:00:00+00:00,True,94.0,11.0,2.0,2.0,brentford,everton,fpl-core-insights,prem,1,0,0,0,5,20.75,1620.9687037220165,1.4540000000000002,5,1.1780000000000002,5,3.4,5,3.0,5,12.4,5,0.4,5,20.854166666666668,1611.9480246025596,1.2579999999999998,5,1.3439999999999999,5,5.2,5,1.8,5,20.0,5,0.4,0.7625169193450869,0.7625169193450869,0.6123209366217234,0.44334273303948135,0.6856890027668071,0.44334273303948135,1
25-26-prem-burnley-vs-brighton-hove-albion,2025-2026,32.0,prem,32.0,2026-04-11 14:00:00+00:00,True,90.0,36.0,0.0,2.0,burnley,brighton,fpl-core-insights,prem,1,0,0,0,5,20.958333333333332,1426.4663772513081,1.05,5,2.248,5,3.2,5,2.0,5,13.0,5,0.2,5,21.052083333333332,1632.5610304176237,1.4140000000000001,5,0.986,5,5.6,5,2.4,5,18.4,5,0.4,-0.2608946814807029,-0.2608946814807029,-0.2931085643927058,0.7102638336159022,0.7433354724383068,0.7102638336159022,1
25-26-prem-liverpool-vs-fulham,2025-2026,32.0,prem,32.0,2026-04-11 16:30:00+00:00,True,14.0,54.0,2.0,0.0,liverpool,fulham,fpl-core-insights,prem,1,0,0,0,5,21.15625,1695.661625645558,1.6400000000000001,5,1.3679999999999999,5,5.8,5,1.8,5,14.4,5,0.2,5,21.0625,1585.1268006464045,1.818,5,1.2020000000000002,5,4.0,5,2.2,5,15.4,5,0.2,1.0359618521589395,1.0359618521589395,0.7243491056942293,0.38020300994085904,0.5974901405858379,0.38020300994085904,1
25-26-prem-crystal-palace-vs-newcastle-united,2025-2026,32.0,prem,32.0,2026-04-12 13:00:00+00:00,True,31.0,4.0,2.0,1.0,crystal-palace,newcastle-united,fpl-core-insights,prem,1,0,0,0,5,27.958333333333332,1593.5710791915449,1.326,5,1.3820000000000001,5,2.6,5,1.8,5,15.6,5,0.4,5,21.041666666666668,1619.2367189948613,1.362,5,1.7600000000000002,5,5.6,5,1.2,5,15.6,5,0.2,0.5442968983241262,0.5442968983241262,0.5174956752486191,0.4760421536166236,0.8639357873050968,0.4760421536166236,1
25-26-prem-nottingham-forest-vs-aston-villa,2025-2026,32.0,prem,32.0,2026-04-12 13:00:00+00:00,True,17.0,7.0,1.0,1.0,nottingham-forest,aston-villa,fpl-core-insights,prem,1,0,0,0,5,20.947916666666668,1550.2173850681297,1.076,5,1.488,5,3.8,5,1.6,5,15.0,5,0.4,5,20.947916666666668,1685.7590338848245,1.1920000000000002,5,1.552,5,4.4,5,2.4,5,14.0,5,0.2,0.4397493262673255,0.4397493262673255,0.2176703303817044,0.5510089965773286,0.8511176101069315,0.5510089965773286,1
25-26-prem-sunderland-vs-tottenham-hotspur,2025-2026,32.0,prem,32.0,2026-04-12 13:00:00+00:00,True,56.0,6.0,1.0,0.0,sunderland,tottenham,fpl-core-insights,prem,1,0,0,0,5,21.041666666666668,1530.4963870236245,1.496,5,1.5379999999999998,5,3.6,5,1.6,5,15.6,5,0.2,5,20.947916666666668,1515.4365039750103,1.1300000000000001,5,1.8060000000000003,5,4.0,5,1.4,5,19.2,5,0.0,0.22380087108409308,0.22380087108409308,-0.12814321570410464,0.32025936751335743,0.3105602968039047,0.32025936751335743,1
25-26-prem-chelsea-vs-manchester-city,2025-2026,32.0,prem,32.0,2026-04-12 15:30:00+00:00,True,8.0,43.0,0.0,3.0,chelsea,manchester-city,fpl-core-insights,prem,1,0,0,0,5,21.916666666666668,1654.6418806338902,1.7920000000000003,5,1.0699999999999998,5,4.0,5,2.8,5,14.8,5,0.0,5,28.8125,1768.0109470365426,1.7920000000000003,5,1.008,5,6.0,5,3.4,5,15.4,5,0.4,0.837368251537949,0.837368251537949,0.800390506788817,1.0413155715932065,1.2298456709546886,1.0413155715932065,1
25-26-prem-manchester-united-vs-leeds-united,2025-2026,32.0,prem,32.0,2026-04-13 19:00:00+00:00,True,1.0,2.0,1.0,2.0,manchester-united,leeds,fpl-core-insights,prem,1,0,0,0,5,23.958333333333332,1659.480690515879,1.534,5,1.258,5,6.0,5,2.8,5,14.4,5,0.2,5,22.958333333333332,1518.2186733194824,1.126,5,1.09,5,3.4,5,1.2,5,16.4,5,0.4,0.8741146010261358,0.8741146010261358,0.6294003877440972,0.0042064494879786585,0.21984221460366538,0.0042064494879786585,1
25-26-prem-brentford-vs-fulham,2025-2026,33.0,prem,33.0,2026-04-18 11:30:00+00:00,True,94.0,54.0,0.0,0.0,brentford,fulham,fpl-core-insights,prem,1,0,0,0,5,6.895833333333333,1618.461118080284,1.702,5,1.2659999999999998,5,3.6,5,3.2,5,13.8,5,0.4,5,6.791666666666667,1580.1200263302517,1.65,5,1.15,5,4.0,5,2.0,5,15.0,5,0.2,0.7474968408520072,0.7474968408520072,0.6018068816765676,0.34584903140808665,0.5734423556128972,0.34584903140808665,1
25-26-prem-leeds-united-vs-wolverhampton-wanderers,2025-2026,33.0,prem,33.0,2026-04-18 14:00:00+00:00,True,2.0,39.0,3.0,0.0,leeds,wolves,fpl-core-insights,prem,1,0,0,0,5,4.791666666666667,1533.8461367662305,1.3699999999999999,5,1.052,5,3.8,5,1.6,5,14.4,5,0.4,5,7.791666666666667,1487.0328631838352,0.9819999999999999,5,1.968,5,3.8,5,1.6,5,14.4,5,0.2,0.2544041813651917,0.2544041813651917,0.05358068771873058,-0.007983170840383302,0.05823822029942581,-0.007983170840383302,1
25-26-prem-newcastle-united-vs-afc-bournemouth,2025-2026,33.0,prem,33.0,2026-04-18 14:00:00+00:00,True,4.0,91.0,1.0,2.0,newcastle-united,bournemouth,fpl-core-insights,prem,1,0,0,0,5,6.041666666666667,1610.7879619914345,1.464,5,2.002,5,4.8,5,1.6,5,13.2,5,0.2,5,7.104166666666667,1620.1079808706063,1.834,5,1.4620000000000002,5,3.6,5,2.6,5,16.4,5,0.4,0.8430717047632431,0.8430717047632431,0.4462363214139755,0.40855002003442675,0.6329705245031161,0.40855002003442675,1
25-26-prem-tottenham-hotspur-vs-brighton-hove-albion,2025-2026,33.0,prem,33.0,2026-04-18 16:30:00+00:00,True,6.0,36.0,2.0,2.0,tottenham,brighton,fpl-core-insights,prem,1,0,0,0,5,6.145833333333333,1508.1062587735607,1.146,5,1.658,5,4.4,5,1.6,5,16.4,5,0.0,5,7.104166666666667,1639.083111629479,1.5819999999999999,5,0.842,5,5.4,5,2.2,5,21.0,5,0.4,0.28701052995025517,0.28701052995025517,0.28661684343671523,0.7430743584190214,0.7663028398004902,0.7430743584190214,1
25-26-prem-chelsea-vs-manchester-united,2025-2026,33.0,prem,33.0,2026-04-18 19:00:00+00:00,True,8.0,1.0,0.0,1.0,chelsea,manchester-united,fpl-core-insights,prem,1,0,0,0,5,6.145833333333333,1645.5993772586112,1.6219999999999999,5,1.358,5,4.2,5,2.4,5,16.4,5,0.0,5,5.0,1643.8532270691308,1.534,5,1.6460000000000001,5,7.2,5,2.6,5,15.6,5,0.0,0.7779819065991338,0.7779819065991338,0.7588200653316464,0.5948384209825709,0.8247403627953839,0.5948384209825709,1
25-26-prem-aston-villa-vs-sunderland,2025-2026,33.0,prem,33.0,2026-04-19 13:00:00+00:00,True,7.0,56.0,4.0,3.0,aston-villa,sunderland,fpl-core-insights,prem,1,0,0,0,5,7.0,1684.173896908603,1.1039999999999999,5,1.512,5,4.6,5,2.8,5,14.2,5,0.2,5,7.0,1537.826632225074,1.392,5,1.33,5,3.6,5,1.6,5,17.6,5,0.4,0.8473596916648298,0.8473596916648298,0.5456405416600404,-0.10459344885045513,0.2574433951607352,-0.10459344885045513,1
25-26-prem-everton-vs-liverpool,2025-2026,33.0,prem,33.0,2026-04-19 13:00:00+00:00,True,11.0,14.0,1.0,2.0,everton,liverpool,fpl-core-insights,prem,1,0,0,0,5,7.958333333333333,1614.455610244292,1.438,5,1.658,5,5.8,5,2.2,5,19.6,5,0.4,5,7.854166666666667,1700.6683999617107,1.612,5,1.338,5,6.0,5,1.8,5,15.0,5,0.2,0.6962030577119629,0.6962030577119629,0.45836281153256103,0.74839689066717,1.070315830691712,0.74839689066717,1
25-26-prem-nottingham-forest-vs-burnley,2025-2026,33.0,prem,33.0,2026-04-19 13:00:00+00:00,True,17.0,90.0,4.0,1.0,nottingham-forest,burnley,fpl-core-insights,prem,1,0,0,0,5,7.0,1551.8025220443512,1.068,5,1.346,5,4.2,5,1.6,5,14.4,5,0.4,5,7.958333333333333,1419.9442960394529,1.056,5,2.2359999999999998,5,3.4,5,2.0,5,13.4,5,0.2,0.44511778118461365,0.44511778118461365,0.22142824882380613,-0.31607593175488924,-0.29370520628382213,-0.31607593175488924,1
25-26-prem-manchester-city-vs-arsenal,2025-2026,33.0,prem,33.0,2026-04-19 15:30:00+00:00,True,43.0,3.0,2.0,1.0,manchester-city,arsenal,fpl-core-insights,prem,1,0,0,0,5,7.0,1777.0534504118216,1.9760000000000002,5,0.952,5,6.6,5,3.6,5,15.0,5,0.4,5,8.166666666666666,1814.1076007052156,1.738,5,0.9739999999999999,5,4.8,5,3.0,5,19.4,5,0.4,1.2714161124118593,1.2714161124118593,1.1007019165320218,1.1333911566583992,1.3393663012501507,1.1333911566583992,1
25-26-prem-crystal-palace-vs-west-ham-united,2025-2026,33.0,prem,33.0,2026-04-20 19:00:00+00:00,True,31.0,21.0,0.0,0.0,crystal-palace,west-ham,fpl-core-insights,prem,1,0,0,0,5,8.25,1602.0198361949717,1.4780000000000002,5,1.502,5,3.0,5,2.0,5,17.0,5,0.4,5,10.0,1528.4667262857354,1.3379999999999999,5,1.4259999999999997,5,3.2,5,2.4,5,16.4,5,0.4,0.5741027305267743,0.5741027305267743,0.5383597577904727,0.06533496689181219,0.3103686283181044,0.06533496689181219,1
25-26-prem-brighton-hove-albion-vs-chelsea,2025-2026,33.0,prem,33.0,2026-04-21 19:00:00+00:00,True,36.0,8.0,3.0,0.0,brighton,chelsea,fpl-core-insights,prem,1,0,0,0,5,3.1041666666666665,1637.6263186846177,1.484,5,0.874,5,4.6,5,2.2,5,20.6,5,0.4,5,3.0,1633.2890103900056,1.7259999999999998,5,1.19,5,4.2,5,2.0,5,14.4,5,0.0,0.7528866547095526,0.7528866547095526,0.723908379717682,0.7331016750934191,0.7412413491159519,0.7331016750934191,1
25-26-prem-afc-bournemouth-vs-leeds-united,2025-2026,33.0,prem,33.0,2026-04-22 19:00:00+00:00,True,91.0,2.0,2.0,2.0,bournemouth,leeds,fpl-core-insights,prem,1,0,0,0,5,4.208333333333333,1632.114707458631,2.09,5,1.496,5,3.2,5,3.0,5,18.2,5,0.4,5,4.208333333333333,1540.350049381957,1.636,5,0.7659999999999999,5,4.6,5,2.4,5,14.0,5,0.6,0.6627465572725102,0.6627465572725102,0.4510872097049897,0.09601133319581673,0.3150193891896005,0.09601133319581673,1
25-26-prem-burnley-vs-manchester-city,2025-2026,33.0,prem,33.0,2026-04-22 19:00:00+00:00,True,90.0,43.0,0.0,1.0,burnley,manchester-city,fpl-core-insights,prem,1,0,0,0,5,3.25,1415.3839970218348,0.9339999999999999,5,2.024,5,3.4,5,2.0,5,15.2,5,0.2,5,3.1458333333333335,1785.823626600782,1.9780000000000002,5,1.152,5,6.2,5,3.6,5,13.2,5,0.4,-0.33199145283687875,-0.33199145283687875,-0.3707705696878273,1.1182587594490123,1.2964973165789886,1.1182587594490123,1
25-26-prem-sunderland-vs-nottingham-forest,2025-2026,34.0,prem,34.0,2026-04-24 19:00:00+00:00,True,56.0,17.0,0.0,5.0,sunderland,nottingham-forest,fpl-core-insights,prem,1,0,0,0,5,5.25,1533.5532853541056,1.454,5,1.5559999999999998,5,4.2,5,2.0,5,15.2,5,0.4,5,5.25,1556.3628210619693,1.1199999999999999,5,1.1560000000000001,5,4.2,5,1.8,5,17.2,5,0.4,0.2574383976627985,0.2574383976627985,-0.10460058813322186,0.25971449537686275,0.4998124191175517,0.25971449537686275,1
25-26-prem-fulham-vs-aston-villa,2025-2026,34.0,prem,34.0,2026-04-25 11:30:00+00:00,True,54.0,7.0,1.0,0.0,fulham,aston-villa,fpl-core-insights,prem,1,0,0,0,5,7.0,1583.4002721657364,1.3760000000000001,5,1.26,5,3.2,5,1.6,5,15.2,5,0.4,5,5.9375,1688.4472437795714,1.466,5,1.686,5,5.0,5,3.8,5,14.0,5,0.2,0.5857586298816791,0.5857586298816791,0.363443708934918,0.5456455391579771,0.8473668309475966,0.5456455391579771,1
25-26-prem-liverpool-vs-crystal-palace,2025-2026,34.0,prem,34.0,2026-04-25 14:00:00+00:00,True,14.0,31.0,3.0,1.0,liverpool,crystal-palace,fpl-core-insights,prem,1,0,0,0,5,6.041666666666667,1710.489600556597,1.534,5,1.124,5,5.8,5,1.8,5,13.2,5,0.2,5,4.791666666666667,1597.8671471505813,1.2240000000000002,5,1.298,5,2.6,5,1.6,5,16.6,5,0.4,1.0913085200930481,1.0913085200930481,0.7783864469547931,0.5253686438895405,0.5555439963825854,0.5253686438895405,1
25-26-prem-west-ham-united-vs-everton,2025-2026,34.0,prem,34.0,2026-04-25 14:00:00+00:00,True,21.0,11.0,2.0,1.0,west-ham,everton,fpl-core-insights,prem,1,0,0,0,5,4.791666666666667,1532.6194153301258,1.088,5,1.204,5,3.2,5,2.2,5,17.0,5,0.6,5,6.041666666666667,1604.6344096494058,1.1700000000000002,5,1.7419999999999998,5,5.6,5,2.0,5,20.0,5,0.4,0.3233597422190366,0.3233597422190366,0.08389370103600109,0.43737012213122484,0.6662135014243398,0.43737012213122484,1
25-26-prem-wolverhampton-wanderers-vs-tottenham-hotspur,2025-2026,34.0,prem,34.0,2026-04-25 14:00:00+00:00,True,39.0,6.0,0.0,1.0,wolves,tottenham,fpl-core-insights,prem,1,0,0,0,5,7.0,1480.5289505681087,0.7699999999999999,5,2.132,5,2.8,5,1.6,5,15.6,5,0.2,5,6.895833333333333,1509.563051718422,1.188,5,1.3940000000000001,5,5.4,5,2.0,5,16.0,5,0.0,0.01580757482233966,0.01580757482233966,-0.0685983786647921,0.3000330285276528,0.3061765086515945,0.3000330285276528,1
25-26-prem-arsenal-vs-newcastle-united,2025-2026,34.0,prem,34.0,2026-04-25 16:30:00+00:00,True,3.0,4.0,1.0,0.0,arsenal,newcastle-united,fpl-core-insights,prem,1,0,0,0,5,6.041666666666667,1805.3374245162552,1.6479999999999997,5,1.0939999999999999,5,4.0,5,2.8,5,17.6,5,0.4,5,7.104166666666667,1598.7812354034097,1.576,5,2.1740000000000004,5,4.0,5,1.8,5,13.6,5,0.2,1.32180945833316,1.32180945833316,1.1083099524912698,0.41646028864458146,0.8005345150926801,0.41646028864458146,1
25-26-prem-manchester-united-vs-brentford,2025-2026,34.0,prem,34.0,2026-04-27 19:00:00+00:00,True,1.0,94.0,2.0,1.0,manchester-united,brentford,fpl-core-insights,prem,1,0,0,0,5,9.0,1656.1635939377363,1.182,5,1.884,5,5.2,5,2.2,5,16.2,5,0.2,5,9.3125,1615.1808722447993,1.5379999999999998,5,1.2259999999999998,5,3.0,5,3.0,5,13.4,5,0.6,0.8504587530336112,0.8504587530336112,0.6315789784657528,0.5894906074077857,0.7299021633251758,0.5894906074077857,1
25-26-prem-leeds-united-vs-burnley,2025-2026,35.0,prem,35.0,2026-05-01 19:00:00+00:00,True,2.0,90.0,3.0,1.0,leeds,burnley,fpl-core-insights,prem,1,0,0,0,5,9.0,1544.926895534331,1.568,5,0.924,5,4.4,5,2.6,5,15.2,5,0.6,5,9.0,1412.2205896027526,0.9019999999999999,5,2.4359999999999995,5,3.2,5,2.0,5,16.6,5,0.2,0.3297540390871777,0.3297540390871777,0.11706083304949846,-0.35479796429779603,-0.3091734451368341,-0.35479796429779603,1
25-26-prem-brentford-vs-west-ham-united,2025-2026,35.0,prem,35.0,2026-05-02 14:00:00+00:00,True,94.0,21.0,3.0,0.0,brentford,west-ham,fpl-core-insights,prem,1,0,0,0,5,4.791666666666667,1608.5287991214836,1.6919999999999997,5,1.114,5,3.4,5,3.0,5,12.4,5,0.4,5,7.0,1542.389628848665,1.104,5,1.3160000000000003,5,3.2,5,2.2,5,20.0,5,0.4,0.7138911359099512,0.7138911359099512,0.5666177111003221,0.10783735455318114,0.35756496152929385,0.10783735455318114,1
25-26-prem-newcastle-united-vs-brighton-hove-albion,2025-2026,35.0,prem,35.0,2026-05-02 14:00:00+00:00,True,4.0,36.0,3.0,1.0,newcastle-united,brighton,fpl-core-insights,prem,1,0,0,0,5,6.895833333333333,1595.557839913915,1.2799999999999998,5,1.9760000000000002,5,3.6,5,1.6,5,12.8,5,0.2,5,10.791666666666666,1645.2454759337677,1.748,5,0.8540000000000001,5,5.8,5,2.8,5,18.8,5,0.6,0.810848396306589,0.810848396306589,0.4311944046644512,0.7679447225588145,0.8157957159111705,0.7679447225588145,1
25-26-prem-wolverhampton-wanderers-vs-sunderland,2025-2026,35.0,prem,35.0,2026-05-02 14:00:00+00:00,True,39.0,56.0,1.0,1.0,wolves,sunderland,fpl-core-insights,prem,1,0,0,0,5,7.0,1469.072466215257,0.7379999999999999,5,2.1100000000000003,5,2.8,5,1.4,5,18.8,5,0.0,5,7.791666666666667,1521.9219192025946,1.4220000000000002,5,1.546,5,4.8,5,1.8,5,13.8,5,0.2,-0.009796011907559833,-0.009796011907559833,-0.08652088937572175,-0.16178336863915208,0.17574871122575536,-0.16178336863915208,1
25-26-prem-arsenal-vs-fulham,2025-2026,35.0,prem,35.0,2026-05-02 16:30:00+00:00,True,3.0,54.0,3.0,0.0,arsenal,fulham,fpl-core-insights,prem,1,0,0,0,5,7.0,1808.56082000575,1.52,5,1.084,5,3.8,5,2.4,5,17.2,5,0.6,5,7.208333333333333,1594.1199356674704,1.434,5,1.228,5,3.4,5,2.0,5,17.0,5,0.6,1.3070753423132904,1.3070753423132904,1.097996071277361,0.38480166500373647,0.616269995694277,0.38480166500373647,1
25-26-prem-afc-bournemouth-vs-crystal-palace,2025-2026,35.0,prem,35.0,2026-05-03 13:00:00+00:00,True,91.0,31.0,3.0,0.0,bournemouth,crystal-palace,fpl-core-insights,prem,1,0,0,0,5,10.75,1627.5378613062571,2.036,5,1.578,5,4.2,5,3.0,5,17.6,5,0.2,5,7.958333333333333,1592.9053431290936,1.6,5,1.116,5,3.4,5,2.6,5,15.8,5,0.4,0.6416970574188284,0.6416970574188284,0.4363525598074125,0.4897091107756591,0.5305823232028685,0.4897091107756591,1
25-26-prem-manchester-united-vs-liverpool,2025-2026,35.0,prem,35.0,2026-05-03 14:30:00+00:00,True,1.0,14.0,3.0,2.0,manchester-united,liverpool,fpl-core-insights,prem,1,0,0,0,5,5.8125,1662.815667061052,1.1580000000000001,5,1.6219999999999999,5,5.4,5,2.2,5,19.6,5,0.2,5,8.020833333333334,1715.4514045780847,1.3820000000000001,5,1.488,5,4.6,5,2.2,5,12.4,5,0.2,0.8733316493410748,0.8733316493410748,0.6475900058809774,0.8033481201345101,1.1269680532069295,0.8033481201345101,1
25-26-prem-aston-villa-vs-tottenham-hotspur,2025-2026,35.0,prem,35.0,2026-05-03 18:00:00+00:00,True,7.0,6.0,1.0,2.0,aston-villa,tottenham,fpl-core-insights,prem,1,0,0,0,5,8.270833333333334,1677.7275802778374,1.496,5,1.202,5,4.4,5,3.4,5,14.4,5,0.2,5,8.166666666666666,1521.0195360712737,1.0559999999999998,5,1.1780000000000002,5,5.0,5,2.2,5,18.4,5,0.2,0.826008874878778,0.826008874878778,0.5151341733453793,0.3256366152575523,0.32409901936252417,0.3256366152575523,1
25-26-prem-chelsea-vs-nottingham-forest,2025-2026,35.0,prem,35.0,2026-05-04 14:00:00+00:00,True,8.0,17.0,1.0,3.0,chelsea,nottingham-forest,fpl-core-insights,prem,1,0,0,0,5,12.791666666666666,1625.6698531408556,1.08,5,1.4620000000000002,5,2.6,5,1.0,5,12.8,5,0.0,5,9.791666666666666,1567.9941872134802,1.1460000000000001,5,0.8720000000000001,5,4.6,5,2.0,5,16.2,5,0.6,0.6972050062748193,0.6972050062748193,0.6701926138918012,0.3414041818139059,0.5569951996234819,0.3414041818139059,1
25-26-prem-everton-vs-manchester-city,2025-2026,35.0,prem,35.0,2026-05-04 19:00:00+00:00,True,11.0,43.0,3.0,3.0,everton,manchester-city,fpl-core-insights,prem,1,0,0,0,5,9.208333333333334,1594.8641961308665,1.2,5,1.818,5,5.2,5,1.8,5,19.8,5,0.2,5,12.0,1788.9870340198643,2.25,5,0.9799999999999999,5,7.0,5,3.6,5,12.0,5,0.4,0.6422698479071597,0.6422698479071597,0.4031649028209676,1.0954407517489677,1.2805247111889573,1.0954407517489677,1
25-26-prem-liverpool-vs-chelsea,2025-2026,36.0,prem,36.0,2026-05-09 11:30:00+00:00,True,14.0,8.0,1.0,1.0,liverpool,chelsea,fpl-core-insights,prem,1,0,0,0,5,5.875,1706.2373868223774,1.218,5,1.72,5,4.8,5,2.2,5,11.6,5,0.2,5,4.895833333333333,1611.9023890320707,1.232,5,1.59,5,3.0,5,1.0,5,13.4,5,0.0,1.1065171928595403,1.1065171928595403,0.7741326053525254,0.6310530897741942,0.6412914003925235,0.6310530897741942,1
25-26-prem-brighton-hove-albion-vs-wolverhampton-wanderers,2025-2026,36.0,prem,36.0,2026-05-09 14:00:00+00:00,True,36.0,39.0,3.0,0.0,brighton,wolves,fpl-core-insights,prem,1,0,0,0,5,7.0,1636.1157289388962,1.718,5,1.306,5,5.8,5,3.4,5,15.8,5,0.4,5,7.0,1468.2925974911584,0.994,5,1.862,5,3.6,5,1.8,5,18.2,5,0.0,0.7813760831770095,0.7813760831770095,0.7187738186528702,-0.09027109424671338,-0.015153447437547873,-0.09027109424671338,1
25-26-prem-fulham-vs-afc-bournemouth,2025-2026,36.0,prem,36.0,2026-05-09 14:00:00+00:00,True,54.0,91.0,0.0,1.0,fulham,bournemouth,fpl-core-insights,prem,1,0,0,0,5,6.895833333333333,1591.0173846416276,1.3019999999999998,5,1.682,5,3.4,5,1.8,5,18.2,5,0.4,5,6.041666666666667,1634.3532024740657,1.9420000000000002,5,1.476,5,4.6,5,2.8,5,17.0,5,0.2,0.5855669149545545,0.5855669149545545,0.3409401210898471,0.4791326749783274,0.7028115076629926,0.4791326749783274,1
25-26-prem-sunderland-vs-manchester-united,2025-2026,36.0,prem,36.0,2026-05-09 14:00:00+00:00,True,56.0,1.0,0.0,0.0,sunderland,manchester-united,fpl-core-insights,prem,1,0,0,0,5,7.0,1522.7017879266932,1.374,5,1.5539999999999998,5,4.4,5,2.0,5,15.8,5,0.2,5,5.979166666666667,1672.0296848167593,1.4060000000000001,5,1.598,5,5.4,5,2.2,5,19.6,5,0.2,0.17949891609674698,0.17949891609674698,-0.15642593310916403,0.6680408662283667,0.9025471641230595,0.6680408662283667,1
25-26-prem-manchester-city-vs-brentford,2025-2026,36.0,prem,36.0,2026-05-09 16:30:00+00:00,True,43.0,94.0,3.0,0.0,manchester-city,brentford,fpl-core-insights,prem,1,0,0,0,5,4.895833333333333,1785.815563300901,2.1340000000000003,5,1.33,5,6.4,5,2.8,5,13.6,5,0.4,5,7.104166666666667,1614.5542531857454,1.634,5,1.02,5,4.0,5,2.8,5,13.2,5,0.6,1.2639450443628655,1.2639450443628655,1.0717555134259793,0.6052715038698444,0.7691108398664116,0.6052715038698444,1
25-26-prem-burnley-vs-aston-villa,2025-2026,36.0,prem,36.0,2026-05-10 13:00:00+00:00,True,90.0,7.0,2.0,2.0,burnley,aston-villa,fpl-core-insights,prem,1,0,0,0,5,8.75,1407.6774545473365,0.736,5,2.254,5,3.4,5,1.4,5,16.6,5,0.0,5,6.791666666666667,1661.8039381007347,1.3599999999999999,5,1.1800000000000002,5,4.2,5,3.0,5,15.0,5,0.2,-0.3371055327522338,-0.3371055327522338,-0.3947009466055099,0.4846193221776028,0.7824162303533831,0.4846193221776028,1
25-26-prem-crystal-palace-vs-everton,2025-2026,36.0,prem,36.0,2026-05-10 13:00:00+00:00,True,31.0,11.0,2.0,2.0,crystal-palace,everton,fpl-core-insights,prem,1,0,0,0,5,7.0,1586.090001961285,1.422,5,1.216,5,2.8,5,2.2,5,15.6,5,0.4,5,5.75,1598.0356668498298,1.534,5,1.5859999999999999,5,5.8,5,2.2,5,22.0,5,0.2,0.48780220803195357,0.48780220803195357,0.428594660531495,0.4197445696470595,0.6659550862301481,0.4197445696470595,1
25-26-prem-nottingham-forest-vs-newcastle-united,2025-2026,36.0,prem,36.0,2026-05-10 13:00:00+00:00,True,17.0,4.0,1.0,1.0,nottingham-forest,newcastle-united,fpl-core-insights,prem,1,0,0,0,5,5.958333333333333,1581.7616513222652,1.366,5,1.096,5,5.0,5,2.4,5,19.0,5,0.4,5,7.958333333333333,1604.6875869087864,1.6300000000000001,5,2.004,5,3.8,5,2.4,5,11.8,5,0.0,0.5961347237410889,0.5961347237410889,0.3973177876962017,0.46561403739861223,0.8600193002125334,0.46561403739861223,1
25-26-prem-west-ham-united-vs-arsenal,2025-2026,36.0,prem,36.0,2026-05-10 15:30:00+00:00,True,21.0,3.0,0.0,1.0,west-ham,arsenal,fpl-core-insights,prem,1,0,0,0,5,8.0625,1536.3641747844033,1.1800000000000002,5,1.346,5,3.8,5,2.2,5,19.8,5,0.4,5,7.958333333333333,1811.6633710315928,2.07,5,0.9940000000000001,5,5.2,5,3.6,5,15.2,5,0.6,0.3189111687597716,0.3189111687597716,0.05261765059672075,1.1286991520170837,1.3509368862271798,1.1286991520170837,1
25-26-prem-tottenham-hotspur-vs-leeds-united,2025-2026,36.0,prem,36.0,2026-05-11 19:00:00+00:00,True,6.0,2.0,1.0,1.0,tottenham,leeds,fpl-core-insights,prem,1,0,0,0,5,8.041666666666666,1536.9431782483764,1.018,5,0.9019999999999999,5,4.6,5,2.2,5,19.0,5,0.2,5,10.0,1549.470030589747,1.6720000000000002,5,0.9039999999999999,5,5.4,5,2.8,5,14.2,5,0.4,0.35461387053030063,0.35461387053030063,0.36922925978294724,0.1449929206648982,0.3696570213948916,0.1449929206648982,1
25-26-prem-manchester-city-vs-crystal-palace,2025-2026,36.0,prem,36.0,2026-05-13 19:00:00+00:00,True,43.0,31.0,3.0,0.0,manchester-city,crystal-palace,fpl-core-insights,prem,1,0,0,0,5,4.104166666666667,1789.6267607624402,2.306,5,1.27,5,7.2,5,3.8,5,15.0,5,0.6,5,3.25,1584.1559130598657,1.8,5,1.31,5,4.4,5,3.4,5,18.0,5,0.2,1.3133238546857453,1.3133238546857453,1.1063206806519952,0.4263156090338122,0.4845464201781211,0.4263156090338122,1
25-26-prem-aston-villa-vs-liverpool,2025-2026,37.0,prem,37.0,2026-05-15 19:00:00+00:00,True,7.0,14.0,4.0,2.0,aston-villa,liverpool,fpl-core-insights,prem,1,0,0,0,5,5.25,1657.1735205214138,1.31,5,1.3679999999999999,5,4.2,5,3.0,5,14.0,5,0.0,5,6.3125,1701.6022558036786,1.1239999999999999,5,1.386,5,4.4,5,2.2,5,11.2,5,0.2,0.7646283905432305,0.7646283905432305,0.45920812244881337,0.7569169990673145,1.0819234695949533,0.7569169990673145,1
25-26-prem-manchester-united-vs-nottingham-forest,2025-2026,37.0,prem,37.0,2026-05-17 11:30:00+00:00,True,1.0,17.0,3.0,2.0,manchester-united,nottingham-forest,fpl-core-insights,prem,1,0,0,0,5,7.895833333333333,1670.060336209418,1.176,5,1.488,5,4.6,5,1.8,5,19.2,5,0.4,5,6.9375,1580.1335464444235,1.318,5,1.1420000000000001,5,4.8,5,2.2,5,18.0,5,0.2,0.8891365677813412,0.8891365677813412,0.6488828714544834,0.3928389948162401,0.5897364481982866,0.3928389948162401,1
25-26-prem-brentford-vs-crystal-palace,2025-2026,37.0,prem,37.0,2026-05-17 14:00:00+00:00,True,94.0,31.0,2.0,2.0,brentford,crystal-palace,fpl-core-insights,prem,1,0,0,0,5,7.895833333333333,1610.7430557242062,1.5899999999999999,5,1.512,5,4.0,5,3.2,5,15.8,5,0.4,5,3.7916666666666665,1580.9155886734472,1.434,5,1.416,5,3.8,5,2.6,5,19.4,5,0.2,0.7345456726403957,0.7345456726403957,0.5558926935469646,0.3819274784396875,0.4534747287622338,0.3819274784396875,1
25-26-prem-everton-vs-sunderland,2025-2026,37.0,prem,37.0,2026-05-17 14:00:00+00:00,True,11.0,56.0,1.0,3.0,everton,sunderland,fpl-core-insights,prem,1,0,0,0,5,7.041666666666667,1599.969755751249,1.616,5,1.9120000000000001,5,5.2,5,2.6,5,20.4,5,0.0,5,8.0,1524.6711365340345,1.134,5,1.424,5,3.8,5,1.8,5,14.4,5,0.4,0.6682341377278308,0.6682341377278308,0.42300035750089193,-0.14301533676744577,0.1986569108706302,-0.14301533676744577,1
25-26-prem-leeds-united-vs-brighton-hove-albion,2025-2026,37.0,prem,37.0,2026-05-17 14:00:00+00:00,True,2.0,36.0,1.0,0.0,leeds,brighton,fpl-core-insights,prem,1,0,0,0,5,5.791666666666667,1551.3880121166287,1.8359999999999999,5,1.066,5,5.4,5,3.2,5,16.2,5,0.2,5,8.0,1639.9883568947607,1.608,5,1.198,5,5.6,5,3.2,5,16.6,5,0.6,0.375346329044016,0.375346329044016,0.15312050302079014,0.7549571393857845,0.8330665413668871,0.7549571393857845,1
25-26-prem-wolverhampton-wanderers-vs-fulham,2025-2026,37.0,prem,37.0,2026-05-17 14:00:00+00:00,True,39.0,54.0,1.0,1.0,wolves,fulham,fpl-core-insights,prem,1,0,0,0,5,8.0,1464.4199695352938,0.8140000000000001,5,1.6740000000000002,5,3.0,5,1.6,5,20.2,5,0.0,5,8.0,1579.9660045344513,0.9380000000000001,5,1.598,5,2.6,5,1.2,5,17.8,5,0.4,-0.05133676817046222,-0.05133676817046222,-0.14196155243659103,0.31690997190103165,0.5512381303991039,0.31690997190103165,1
25-26-prem-newcastle-united-vs-west-ham-united,2025-2026,37.0,prem,37.0,2026-05-17 16:30:00+00:00,True,4.0,21.0,3.0,1.0,newcastle-united,west-ham,fpl-core-insights,prem,1,0,0,0,5,7.145833333333333,1606.3156917866281,1.672,5,1.7340000000000004,5,4.2,5,3.0,5,12.6,5,0.0,5,7.041666666666667,1531.45963410062,1.2399999999999998,5,1.2439999999999998,5,4.2,5,2.6,5,20.2,5,0.4,0.864498093092495,0.864498093092495,0.47201231294141455,0.055682763998151745,0.3232899021903873,0.055682763998151745,1
25-26-prem-arsenal-vs-burnley,2025-2026,37.0,prem,37.0,2026-05-18 19:00:00+00:00,True,3.0,90.0,1.0,0.0,arsenal,burnley,fpl-core-insights,prem,1,0,0,0,5,8.145833333333334,1816.567911715376,1.766,5,1.014,5,4.6,5,3.8,5,13.6,5,0.6,5,8.25,1412.3078721266575,0.8460000000000001,5,1.9120000000000001,5,3.6,5,1.2,5,18.2,5,0.0,1.3478717728257488,1.3478717728257488,1.124320418586468,-0.37691310679535733,-0.3116943330234444,-0.37691310679535733,1
25-26-prem-afc-bournemouth-vs-manchester-city,2025-2026,37.0,prem,37.0,2026-05-19 18:30:00+00:00,True,91.0,43.0,1.0,1.0,bournemouth,manchester-city,fpl-core-insights,prem,1,0,0,0,5,10.1875,1645.404582581242,1.746,5,1.3880000000000001,5,4.6,5,2.8,5,16.6,5,0.4,5,5.979166666666667,1792.8670851488587,2.18,5,1.1880000000000002,5,6.4,5,3.8,5,13.2,5,0.6,0.7268416568518081,0.7268416568518081,0.5134614595337781,1.1373923720678825,1.35771198527987,1.1373923720678825,1
25-26-prem-chelsea-vs-tottenham-hotspur,2025-2026,37.0,prem,37.0,2026-05-19 19:15:00+00:00,True,8.0,6.0,2.0,1.0,chelsea,tottenham,fpl-core-insights,prem,1,0,0,0,5,10.322916666666666,1616.5375200507694,1.1460000000000001,5,1.466,5,2.8,5,0.8,5,14.4,5,0.0,5,8.010416666666666,1535.0251967214947,1.0219999999999998,5,0.9019999999999999,5,4.6,5,2.0,5,19.4,5,0.2,0.6585070066777344,0.6585070066777344,0.6556468130387811,0.36353995213382284,0.3464862881744087,0.36353995213382284,1
25-26-prem-brighton-hove-albion-vs-manchester-united,2025-2026,38.0,prem,38.0,2026-05-24 15:00:00+00:00,True,36.0,1.0,0.0,3.0,brighton,manchester-united,fpl-core-insights,prem,1,0,0,0,5,7.041666666666667,1629.74086962094,1.834,5,1.1,5,6.0,5,3.6,5,12.0,5,0.4,5,7.145833333333333,1675.5254084144187,1.8359999999999999,5,1.35,5,4.4,5,3.0,5,18.8,5,0.4,0.8044474346062476,0.8044474346062476,0.7140727011562994,0.6590065492509434,0.9035989646334268,0.6590065492509434,1
25-26-prem-burnley-vs-wolverhampton-wanderers,2025-2026,38.0,prem,38.0,2026-05-24 15:00:00+00:00,True,90.0,39.0,1.0,1.0,burnley,wolves,fpl-core-insights,prem,1,0,0,0,5,5.833333333333333,1411.1479405363514,0.708,5,1.7839999999999996,5,2.6,5,1.0,5,20.2,5,0.0,5,7.041666666666667,1465.439511866507,0.9760000000000002,5,1.5219999999999998,5,3.0,5,2.2,5,20.0,5,0.0,-0.28727103687374067,-0.28727103687374067,-0.342022683724352,-0.13320691042660981,-0.038830136727631887,-0.13320691042660981,1
25-26-prem-crystal-palace-vs-arsenal,2025-2026,38.0,prem,38.0,2026-05-24 15:00:00+00:00,True,31.0,3.0,1.0,2.0,crystal-palace,arsenal,fpl-core-insights,prem,1,0,0,0,5,7.041666666666667,1583.9754317436261,1.6320000000000001,5,1.636,5,4.6,5,2.8,5,20.4,5,0.0,5,5.833333333333333,1817.7278433056822,1.56,5,0.8140000000000001,5,4.6,5,3.0,5,13.6,5,0.8,0.4645932037678552,0.4645932037678552,0.39781101416200376,1.0998971224367642,1.3129813497547436,1.0998971224367642,1
25-26-prem-fulham-vs-newcastle-united,2025-2026,38.0,prem,38.0,2026-05-24 15:00:00+00:00,True,54.0,4.0,2.0,0.0,fulham,newcastle-united,fpl-core-insights,prem,1,0,0,0,5,7.041666666666667,1578.946462203238,1.048,5,1.56,5,2.8,5,1.2,5,17.6,5,0.4,5,6.9375,1612.1320164211616,1.7920000000000003,5,1.4120000000000004,5,5.0,5,3.2,5,16.2,5,0.0,0.5424834883891226,0.5424834883891226,0.30440334045820133,0.49572637157314,0.8983753197092457,0.49572637157314,1
25-26-prem-liverpool-vs-brentford,2025-2026,38.0,prem,38.0,2026-05-24 15:00:00+00:00,True,14.0,94.0,1.0,1.0,liverpool,brentford,fpl-core-insights,prem,1,0,0,0,5,8.833333333333334,1692.6225167509529,1.0919999999999999,5,1.548,5,4.4,5,2.0,5,9.6,5,0.0,5,7.041666666666667,1607.6832126540273,1.3639999999999999,5,1.5499999999999998,5,3.8,5,2.6,5,13.8,5,0.4,1.0469681771155128,1.0469681771155128,0.7069808669538281,0.5447742185413432,0.7186621369180795,0.5447742185413432,1
25-26-prem-manchester-city-vs-aston-villa,2025-2026,38.0,prem,38.0,2026-05-24 15:00:00+00:00,True,43.0,7.0,1.0,2.0,manchester-city,aston-villa,fpl-core-insights,prem,1,0,0,0,5,4.854166666666667,1790.9493987430214,2.204,5,1.314,5,6.4,5,3.0,5,11.8,5,0.6,5,8.833333333333334,1666.1532595741396,1.4759999999999998,5,1.424,5,5.0,5,3.4,5,13.2,5,0.0,1.34178333285879,1.34178333285879,1.1146371543234825,0.49416341492825383,0.8145645226567169,0.49416341492825383,1
25-26-prem-nottingham-forest-vs-afc-bournemouth,2025-2026,38.0,prem,38.0,2026-05-24 15:00:00+00:00,True,17.0,91.0,1.0,1.0,nottingham-forest,bournemouth,fpl-core-insights,prem,1,0,0,0,5,7.145833333333333,1574.6684742394227,1.464,5,1.8519999999999999,5,4.8,5,2.8,5,19.0,5,0.2,5,4.854166666666667,1647.3222689870793,1.9580000000000002,5,1.2200000000000002,5,4.4,5,3.0,5,16.2,5,0.4,0.5796127704018267,0.5796127704018267,0.37837659796415446,0.529390111954858,0.749596874596208,0.529390111954858,1
25-26-prem-sunderland-vs-chelsea,2025-2026,38.0,prem,38.0,2026-05-24 15:00:00+00:00,True,56.0,8.0,2.0,1.0,sunderland,chelsea,fpl-core-insights,prem,1,0,0,0,5,7.041666666666667,1538.865314701277,1.02,5,1.464,5,4.0,5,1.6,5,12.0,5,0.2,5,4.822916666666667,1622.1970707065307,1.044,5,1.262,5,3.0,5,0.8,5,14.0,5,0.0,0.24115426561873998,0.24115426561873998,-0.08230482998443178,0.6719045953147919,0.6817324099291784,0.6719045953147919,1
25-26-prem-tottenham-hotspur-vs-everton,2025-2026,38.0,prem,38.0,2026-05-24 15:00:00+00:00,True,6.0,11.0,1.0,0.0,tottenham,everton,fpl-core-insights,prem,1,0,0,0,5,4.822916666666667,1529.3656460657335,1.1079999999999999,5,0.762,5,3.8,5,2.6,5,20.2,5,0.2,5,7.041666666666667,1585.7755775840067,1.5180000000000002,5,1.496,5,4.6,5,2.6,5,19.8,5,0.0,0.3302285058983979,0.3302285058983979,0.3403145488823789,0.38050300275278215,0.6075236309448169,0.38050300275278215,1
25-26-prem-west-ham-united-vs-leeds-united,2025-2026,38.0,prem,38.0,2026-05-24 15:00:00+00:00,True,21.0,2.0,3.0,0.0,west-ham,leeds,fpl-core-insights,prem,1,0,0,0,5,6.9375,1525.6433094660865,0.96,5,1.472,5,4.4,5,1.6,5,19.6,5,0.2,5,7.041666666666667,1561.6354993904495,1.4,5,1.424,5,4.4,5,2.6,5,16.2,5,0.4,0.29957584355866185,0.29957584355866185,0.021805537381401098,0.18173960978142967,0.41623076727350106,0.18173960978142967,1
26-27-prem-arsenal-vs-coventry-city,2026-2027,1.0,prem,1.0,2026-08-21 19:00:00+00:00,False,3.0,9.0,,,arsenal,coventry,fpl-core-insights,prem,1,0,0,0,5,89.16666666666667,1823.57040825547,1.7419999999999998,5,0.738,5,5.4,5,3.4,5,10.6,5,0.8,5,9225.208333333334,1439.89321746296,,0,,0,5.0,5,,0,,0,0.4,1.31609115304012,1.31609115304012,1.1043396985587306,-0.5105731481812256,-0.03397132322440578,-0.5105731481812256,1
26-27-prem-hull-city-vs-manchester-united,2026-2027,1.0,prem,1.0,2026-08-22 11:30:00+00:00,False,88.0,1.0,,,hull,manchester-united,fpl-core-insights,prem,1,0,0,0,5,3379.8958333333335,1443.2558310656646,,0,,0,2.8,5,,0,,0,0.4,5,89.85416666666667,1686.5070372196753,2.1100000000000003,5,1.194,5,5.6,5,3.6,5,19.2,5,0.4,-0.32888836333920834,-0.32888836333920834,-0.5635403550480563,0.7244026044005156,0.9493762032381273,0.7244026044005156,1
26-27-prem-everton-vs-crystal-palace,2026-2027,1.0,prem,1.0,2026-08-22 14:00:00+00:00,False,11.0,31.0,,,everton,crystal-palace,fpl-core-insights,prem,1,0,0,0,5,89.95833333333333,1576.453512872542,1.442,5,1.436,5,4.0,5,2.2,5,18.4,5,0.0,5,89.95833333333333,1578.1328667938383,1.376,5,1.9140000000000001,5,3.8,5,2.4,5,20.2,5,0.0,0.5845989761815327,0.5845989761815327,0.34775349594809035,0.3947012108766272,0.46015062764588865,0.3947012108766272,1
26-27-prem-ipswich-town-vs-sunderland,2026-2027,1.0,prem,1.0,2026-08-22 14:00:00+00:00,False,40.0,56.0,,,ipswich,sunderland,fpl-core-insights,prem,1,0,0,0,5,453.9583333333333,1413.0000795638719,0.792,5,1.282,5,3.0,5,0.8,5,9.4,5,0.0,5,89.95833333333333,1548.9612074082618,1.042,5,1.074,5,3.8,5,1.4,5,12.8,5,0.2,-0.40961128998643453,-0.40961128998643453,-0.5078953295401891,-0.05342235135793143,0.28241494937088335,-0.05342235135793143,1
26-27-prem-nottingham-forest-vs-leeds-united,2026-2027,1.0,prem,1.0,2026-08-22 14:00:00+00:00,False,17.0,2.0,,,nottingham-forest,leeds,fpl-core-insights,prem,1,0,0,0,5,89.95833333333333,1574.4570649597424,1.5719999999999998,5,1.97,5,5.0,5,3.2,5,17.8,5,0.2,5,89.95833333333333,1552.895415176873,1.154,5,1.832,5,3.8,5,1.6,5,18.0,5,0.2,0.5769986780851356,0.5769986780851356,0.3765467333424707,0.11978116450297566,0.37285985557858325,0.11978116450297566,1
26-27-prem-brentford-vs-tottenham-hotspur,2026-2027,1.0,prem,1.0,2026-08-22 16:30:00+00:00,False,94.0,6.0,,,brentford,tottenham,fpl-core-insights,prem,1,0,0,0,5,90.0625,1612.1033719773698,1.39,5,2.004,5,3.4,5,2.4,5,15.6,5,0.2,5,90.0625,1538.6877107771982,1.1199999999999999,5,0.68,5,3.0,5,2.6,5,21.6,5,0.4,0.7358693811055607,0.7358693811055607,0.5693559959520306,0.36323920364566314,0.3629780127030897,0.36323920364566314,1
26-27-prem-brighton-hove-albion-vs-aston-villa,2026-2027,1.0,prem,1.0,2026-08-23 13:00:00+00:00,False,36.0,7.0,,,brighton,aston-villa,fpl-core-insights,prem,1,0,0,0,5,90.91666666666667,1618.7592408156834,1.828,5,1.214,5,5.8,5,3.2,5,12.6,5,0.4,5,90.91666666666667,1681.4482636699722,1.262,5,1.3459999999999999,5,4.6,5,2.8,5,16.8,5,0.0,0.7390513794566753,0.7390513794566753,0.6682954625515989,0.5491489571462591,0.8530544022093206,0.5491489571462591,1
26-27-prem-manchester-city-vs-afc-bournemouth,2026-2027,1.0,prem,1.0,2026-08-23 13:00:00+00:00,False,43.0,91.0,,,manchester-city,bournemouth,fpl-core-insights,prem,1,0,0,0,5,90.91666666666667,1775.6543946471888,1.8,5,1.5419999999999998,5,5.2,5,2.6,5,11.6,5,0.4,5,90.91666666666667,1647.5336782667596,1.55,5,1.248,5,4.6,5,2.4,5,15.4,5,0.4,1.2867977906407848,1.2867977906407848,1.076147274770879,0.532004204271549,0.7514267392178918,0.532004204271549,1
26-27-prem-newcastle-united-vs-liverpool,2026-2027,1.0,prem,1.0,2026-08-23 15:30:00+00:00,False,4.0,14.0,,,newcastle-united,liverpool,fpl-core-insights,prem,1,0,0,0,5,91.02083333333333,1603.4713488056666,1.536,5,1.1760000000000002,5,4.8,5,2.8,5,16.0,5,0.0,5,91.02083333333333,1688.2023574276104,1.41,5,1.702,5,4.8,5,2.4,5,10.2,5,0.0,0.8638808246119045,0.8638808246119045,0.4464485214340812,0.6897736227663469,1.0223863997048255,0.6897736227663469,1
26-27-prem-fulham-vs-chelsea,2026-2027,1.0,prem,1.0,2026-08-24 19:00:00+00:00,False,54.0,8.0,,,fulham,chelsea,fpl-core-insights,prem,1,0,0,0,5,92.16666666666667,1587.607129818733,1.2559999999999998,5,1.336,5,4.0,5,1.2,5,18.2,5,0.4,5,92.16666666666667,1612.1011779995458,0.908,5,1.5719999999999998,5,3.0,5,1.2,5,13.4,5,0.0,0.5917613385281815,0.5917613385281815,0.3388978355555425,0.6306439115626485,0.652849931302678,0.6306439115626485,1
26-27-prem-crystal-palace-vs-manchester-city,2026-2027,2.0,prem,2.0,2026-08-28 19:00:00+00:00,False,31.0,43.0,,,crystal-palace,manchester-city,fpl-core-insights,prem,1,0,0,0,5,96.16666666666667,1578.1328667938383,1.376,5,1.9140000000000001,5,3.8,5,2.4,5,20.2,5,0.0,5,96.16666666666667,1775.6543946471888,1.8,5,1.5419999999999998,5,5.2,5,2.6,5,11.6,5,0.4,0.46015062764588865,0.46015062764588865,0.3947012108766272,1.076147274770879,1.2867977906407848,1.076147274770879,1
26-27-prem-liverpool-vs-nottingham-forest,2026-2027,2.0,prem,2.0,2026-08-29 11:30:00+00:00,False,14.0,17.0,,,liverpool,nottingham-forest,fpl-core-insights,prem,1,0,0,0,5,96.85416666666667,1688.2023574276104,1.41,5,1.702,5,4.8,5,2.4,5,10.2,5,0.0,5,96.85416666666667,1574.4570649597424,1.5719999999999998,5,1.97,5,5.0,5,3.2,5,17.8,5,0.2,1.0223863997048255,1.0223863997048255,0.6897736227663469,0.3765467333424707,0.5769986780851356,0.3765467333424707,1
26-27-prem-afc-bournemouth-vs-everton,2026-2027,2.0,prem,2.0,2026-08-29 14:00:00+00:00,False,91.0,11.0,,,bournemouth,everton,fpl-core-insights,prem,1,0,0,0,5,96.95833333333333,1647.5336782667596,1.55,5,1.248,5,4.6,5,2.4,5,15.4,5,0.4,5,96.95833333333333,1576.453512872542,1.442,5,1.436,5,4.0,5,2.2,5,18.4,5,0.0,0.7514267392178918,0.7514267392178918,0.532004204271549,0.34775349594809035,0.5845989761815327,0.34775349594809035,1
26-27-prem-coventry-city-vs-hull-city,2026-2027,2.0,prem,2.0,2026-08-29 14:00:00+00:00,False,9.0,88.0,,,coventry,hull,fpl-core-insights,prem,1,0,0,0,5,9233.0,1439.89321746296,,0,,0,5.0,5,,0,,0,0.4,5,3387.0,1443.2558310656646,,0,,0,2.8,5,,0,,0,0.4,-0.03397132322440578,-0.03397132322440578,-0.5105731481812256,-0.5635403550480563,-0.32888836333920834,-0.5635403550480563,0
26-27-prem-tottenham-hotspur-vs-newcastle-united,2026-2027,2.0,prem,2.0,2026-08-29 16:30:00+00:00,False,6.0,4.0,,,tottenham,newcastle-united,fpl-core-insights,prem,1,0,0,0,5,97.0625,1538.6877107771982,1.1199999999999999,5,0.68,5,3.0,5,2.6,5,21.6,5,0.4,5,97.0625,1603.4713488056666,1.536,5,1.1760000000000002,5,4.8,5,2.8,5,16.0,5,0.0,0.3629780127030897,0.3629780127030897,0.36323920364566314,0.4464485214340812,0.8638808246119045,0.4464485214340812,1
26-27-prem-chelsea-vs-brighton-hove-albion,2026-2027,2.0,prem,2.0,2026-08-30 13:00:00+00:00,False,8.0,36.0,,,chelsea,brighton,fpl-core-insights,prem,1,0,0,0,5,97.91666666666667,1612.1011779995458,0.908,5,1.5719999999999998,5,3.0,5,1.2,5,13.4,5,0.0,5,97.91666666666667,1618.7592408156834,1.828,5,1.214,5,5.8,5,3.2,5,12.6,5,0.4,0.652849931302678,0.652849931302678,0.6306439115626485,0.6682954625515989,0.7390513794566753,0.6682954625515989,1
26-27-prem-leeds-united-vs-brentford,2026-2027,2.0,prem,2.0,2026-08-30 13:00:00+00:00,False,2.0,94.0,,,leeds,brentford,fpl-core-insights,prem,1,0,0,0,5,97.91666666666667,1552.895415176873,1.154,5,1.832,5,3.8,5,1.6,5,18.0,5,0.2,5,97.91666666666667,1612.1033719773698,1.39,5,2.004,5,3.4,5,2.4,5,15.6,5,0.2,0.37285985557858325,0.37285985557858325,0.11978116450297566,0.5693559959520306,0.7358693811055607,0.5693559959520306,1
26-27-prem-sunderland-vs-fulham,2026-2027,2.0,prem,2.0,2026-08-30 13:00:00+00:00,False,56.0,54.0,,,sunderland,fulham,fpl-core-insights,prem,1,0,0,0,5,97.91666666666667,1548.9612074082618,1.042,5,1.074,5,3.8,5,1.4,5,12.8,5,0.2,5,97.91666666666667,1587.607129818733,1.2559999999999998,5,1.336,5,4.0,5,1.2,5,18.2,5,0.4,0.28241494937088335,0.28241494937088335,-0.05342235135793143,0.3388978355555425,0.5917613385281815,0.3388978355555425,1
26-27-prem-manchester-united-vs-ipswich-town,2026-2027,2.0,prem,2.0,2026-08-30 15:30:00+00:00,False,1.0,40.0,,,manchester-united,ipswich,fpl-core-insights,prem,1,0,0,0,5,98.02083333333333,1686.5070372196753,2.1100000000000003,5,1.194,5,5.6,5,3.6,5,19.2,5,0.4,5,462.0208333333333,1413.0000795638719,0.792,5,1.282,5,3.0,5,0.8,5,9.4,5,0.0,0.9493762032381273,0.9493762032381273,0.7244026044005156,-0.5078953295401891,-0.40961128998643453,-0.5078953295401891,1
26-27-prem-aston-villa-vs-arsenal,2026-2027,2.0,prem,2.0,2026-08-31 19:00:00+00:00,False,7.0,3.0,,,aston-villa,arsenal,fpl-core-insights,prem,1,0,0,0,5,99.16666666666667,1681.4482636699722,1.262,5,1.3459999999999999,5,4.6,5,2.8,5,16.8,5,0.0,5,99.16666666666667,1823.57040825547,1.7419999999999998,5,0.738,5,5.4,5,3.4,5,10.6,5,0.8,0.8530544022093206,0.8530544022093206,0.5491489571462591,1.1043396985587306,1.31609115304012,1.1043396985587306,1
26-27-prem-ipswich-town-vs-liverpool,2026-2027,3.0,prem,3.0,2026-09-04 19:00:00+00:00,False,40.0,14.0,,,ipswich,liverpool,fpl-core-insights,prem,1,0,0,0,5,467.1666666666667,1413.0000795638719,0.792,5,1.282,5,3.0,5,0.8,5,9.4,5,0.0,5,103.16666666666667,1688.2023574276104,1.41,5,1.702,5,4.8,5,2.4,5,10.2,5,0.0,-0.40961128998643453,-0.40961128998643453,-0.5078953295401891,0.6897736227663469,1.0223863997048255,0.6897736227663469,1
26-27-prem-newcastle-united-vs-afc-bournemouth,2026-2027,3.0,prem,3.0,2026-09-05 11:30:00+00:00,False,4.0,91.0,,,newcastle-united,bournemouth,fpl-core-insights,prem,1,0,0,0,5,103.85416666666667,1603.4713488056666,1.536,5,1.1760000000000002,5,4.8,5,2.8,5,16.0,5,0.0,5,103.85416666666667,1647.5336782667596,1.55,5,1.248,5,4.6,5,2.4,5,15.4,5,0.4,0.8638808246119045,0.8638808246119045,0.4464485214340812,0.532004204271549,0.7514267392178918,0.532004204271549,1
26-27-prem-brentford-vs-sunderland,2026-2027,3.0,prem,3.0,2026-09-05 14:00:00+00:00,False,94.0,56.0,,,brentford,sunderland,fpl-core-insights,prem,1,0,0,0,5,103.95833333333333,1612.1033719773698,1.39,5,2.004,5,3.4,5,2.4,5,15.6,5,0.2,5,103.95833333333333,1548.9612074082618,1.042,5,1.074,5,3.8,5,1.4,5,12.8,5,0.2,0.7358693811055607,0.7358693811055607,0.5693559959520306,-0.05342235135793143,0.28241494937088335,-0.05342235135793143,1
26-27-prem-brighton-hove-albion-vs-leeds-united,2026-2027,3.0,prem,3.0,2026-09-05 14:00:00+00:00,False,36.0,2.0,,,brighton,leeds,fpl-core-insights,prem,1,0,0,0,5,103.95833333333333,1618.7592408156834,1.828,5,1.214,5,5.8,5,3.2,5,12.6,5,0.4,5,103.95833333333333,1552.895415176873,1.154,5,1.832,5,3.8,5,1.6,5,18.0,5,0.2,0.7390513794566753,0.7390513794566753,0.6682954625515989,0.11978116450297566,0.37285985557858325,0.11978116450297566,1
26-27-prem-fulham-vs-crystal-palace,2026-2027,3.0,prem,3.0,2026-09-05 14:00:00+00:00,False,54.0,31.0,,,fulham,crystal-palace,fpl-core-insights,prem,1,0,0,0,5,103.95833333333333,1587.607129818733,1.2559999999999998,5,1.336,5,4.0,5,1.2,5,18.2,5,0.4,5,103.95833333333333,1578.1328667938383,1.376,5,1.9140000000000001,5,3.8,5,2.4,5,20.2,5,0.0,0.5917613385281815,0.5917613385281815,0.3388978355555425,0.3947012108766272,0.46015062764588865,0.3947012108766272,1
26-27-prem-manchester-city-vs-coventry-city,2026-2027,3.0,prem,3.0,2026-09-05 14:00:00+00:00,False,43.0,9.0,,,manchester-city,coventry,fpl-core-insights,prem,1,0,0,0,5,103.95833333333333,1775.6543946471888,1.8,5,1.5419999999999998,5,5.2,5,2.6,5,11.6,5,0.4,5,9240.0,1439.89321746296,,0,,0,5.0,5,,0,,0,0.4,1.2867977906407848,1.2867977906407848,1.076147274770879,-0.5105731481812256,-0.03397132322440578,-0.5105731481812256,1
26-27-prem-nottingham-forest-vs-tottenham-hotspur,2026-2027,3.0,prem,3.0,2026-09-05 14:00:00+00:00,False,17.0,6.0,,,nottingham-forest,tottenham,fpl-core-insights,prem,1,0,0,0,5,103.95833333333333,1574.4570649597424,1.5719999999999998,5,1.97,5,5.0,5,3.2,5,17.8,5,0.2,5,103.95833333333333,1538.6877107771982,1.1199999999999999,5,0.68,5,3.0,5,2.6,5,21.6,5,0.4,0.5769986780851356,0.5769986780851356,0.3765467333424707,0.36323920364566314,0.3629780127030897,0.36323920364566314,1
26-27-prem-hull-city-vs-aston-villa,2026-2027,3.0,prem,3.0,2026-09-05 16:30:00+00:00,False,88.0,7.0,,,hull,aston-villa,fpl-core-insights,prem,1,0,0,0,5,3394.1041666666665,1443.2558310656646,,0,,0,2.8,5,,0,,0,0.4,5,104.0625,1681.4482636699722,1.262,5,1.3459999999999999,5,4.6,5,2.8,5,16.8,5,0.0,-0.32888836333920834,-0.32888836333920834,-0.5635403550480563,0.5491489571462591,0.8530544022093206,0.5491489571462591,1
26-27-prem-everton-vs-manchester-united,2026-2027,3.0,prem,3.0,2026-09-06 13:00:00+00:00,False,11.0,1.0,,,everton,manchester-united,fpl-core-insights,prem,1,0,0,0,5,104.91666666666667,1576.453512872542,1.442,5,1.436,5,4.0,5,2.2,5,18.4,5,0.0,5,104.91666666666667,1686.5070372196753,2.1100000000000003,5,1.194,5,5.6,5,3.6,5,19.2,5,0.4,0.5845989761815327,0.5845989761815327,0.34775349594809035,0.7244026044005156,0.9493762032381273,0.7244026044005156,1
26-27-prem-arsenal-vs-chelsea,2026-2027,3.0,prem,3.0,2026-09-06 15:30:00+00:00,False,3.0,8.0,,,arsenal,chelsea,fpl-core-insights,prem,1,0,0,0,5,105.02083333333333,1823.57040825547,1.7419999999999998,5,0.738,5,5.4,5,3.4,5,10.6,5,0.8,5,105.02083333333333,1612.1011779995458,0.908,5,1.5719999999999998,5,3.0,5,1.2,5,13.4,5,0.0,1.31609115304012,1.31609115304012,1.1043396985587306,0.6306439115626485,0.652849931302678,0.6306439115626485,1
26-27-prem-afc-bournemouth-vs-brentford,2026-2027,4.0,prem,4.0,2026-09-12 14:00:00+00:00,False,91.0,94.0,,,bournemouth,brentford,fpl-core-insights,prem,1,0,0,0,5,110.95833333333333,1647.5336782667596,1.55,5,1.248,5,4.6,5,2.4,5,15.4,5,0.4,5,110.95833333333333,1612.1033719773698,1.39,5,2.004,5,3.4,5,2.4,5,15.6,5,0.2,0.7514267392178918,0.7514267392178918,0.532004204271549,0.5693559959520306,0.7358693811055607,0.5693559959520306,1
26-27-prem-aston-villa-vs-nottingham-forest,2026-2027,4.0,prem,4.0,2026-09-12 14:00:00+00:00,False,7.0,17.0,,,aston-villa,nottingham-forest,fpl-core-insights,prem,1,0,0,0,5,110.95833333333333,1681.4482636699722,1.262,5,1.3459999999999999,5,4.6,5,2.8,5,16.8,5,0.0,5,110.95833333333333,1574.4570649597424,1.5719999999999998,5,1.97,5,5.0,5,3.2,5,17.8,5,0.2,0.8530544022093206,0.8530544022093206,0.5491489571462591,0.3765467333424707,0.5769986780851356,0.3765467333424707,1
26-27-prem-chelsea-vs-hull-city,2026-2027,4.0,prem,4.0,2026-09-12 14:00:00+00:00,False,8.0,88.0,,,chelsea,hull,fpl-core-insights,prem,1,0,0,0,5,110.95833333333333,1612.1011779995458,0.908,5,1.5719999999999998,5,3.0,5,1.2,5,13.4,5,0.0,5,3401.0,1443.2558310656646,,0,,0,2.8,5,,0,,0,0.4,0.652849931302678,0.652849931302678,0.6306439115626485,-0.5635403550480563,-0.32888836333920834,-0.5635403550480563,1
26-27-prem-crystal-palace-vs-ipswich-town,2026-2027,4.0,prem,4.0,2026-09-12 14:00:00+00:00,False,31.0,40.0,,,crystal-palace,ipswich,fpl-core-insights,prem,1,0,0,0,5,110.95833333333333,1578.1328667938383,1.376,5,1.9140000000000001,5,3.8,5,2.4,5,20.2,5,0.0,5,474.9583333333333,1413.0000795638719,0.792,5,1.282,5,3.0,5,0.8,5,9.4,5,0.0,0.46015062764588865,0.46015062764588865,0.3947012108766272,-0.5078953295401891,-0.40961128998643453,-0.5078953295401891,1
26-27-prem-liverpool-vs-fulham,2026-2027,4.0,prem,4.0,2026-09-12 14:00:00+00:00,False,14.0,54.0,,,liverpool,fulham,fpl-core-insights,prem,1,0,0,0,5,110.95833333333333,1688.2023574276104,1.41,5,1.702,5,4.8,5,2.4,5,10.2,5,0.0,5,110.95833333333333,1587.607129818733,1.2559999999999998,5,1.336,5,4.0,5,1.2,5,18.2,5,0.4,1.0223863997048255,1.0223863997048255,0.6897736227663469,0.3388978355555425,0.5917613385281815,0.3388978355555425,1
26-27-prem-tottenham-hotspur-vs-everton,2026-2027,4.0,prem,4.0,2026-09-12 16:30:00+00:00,False,6.0,11.0,,,tottenham,everton,fpl-core-insights,prem,1,0,0,0,5,111.0625,1538.6877107771982,1.1199999999999999,5,0.68,5,3.0,5,2.6,5,21.6,5,0.4,5,111.0625,1576.453512872542,1.442,5,1.436,5,4.0,5,2.2,5,18.4,5,0.0,0.3629780127030897,0.3629780127030897,0.36323920364566314,0.34775349594809035,0.5845989761815327,0.34775349594809035,1
26-27-prem-sunderland-vs-arsenal,2026-2027,4.0,prem,4.0,2026-09-12 19:00:00+00:00,False,56.0,3.0,,,sunderland,arsenal,fpl-core-insights,prem,1,0,0,0,5,111.16666666666667,1548.9612074082618,1.042,5,1.074,5,3.8,5,1.4,5,12.8,5,0.2,5,111.16666666666667,1823.57040825547,1.7419999999999998,5,0.738,5,5.4,5,3.4,5,10.6,5,0.8,0.28241494937088335,0.28241494937088335,-0.05342235135793143,1.1043396985587306,1.31609115304012,1.1043396985587306,1
26-27-prem-coventry-city-vs-brighton-hove-albion,2026-2027,4.0,prem,4.0,2026-09-13 13:00:00+00:00,False,9.0,36.0,,,coventry,brighton,fpl-core-insights,prem,1,0,0,0,5,9247.958333333334,1439.89321746296,,0,,0,5.0,5,,0,,0,0.4,5,111.91666666666667,1618.7592408156834,1.828,5,1.214,5,5.8,5,3.2,5,12.6,5,0.4,-0.03397132322440578,-0.03397132322440578,-0.5105731481812256,0.6682954625515989,0.7390513794566753,0.6682954625515989,1
26-27-prem-manchester-united-vs-manchester-city,2026-2027,4.0,prem,4.0,2026-09-13 15:30:00+00:00,False,1.0,43.0,,,manchester-united,manchester-city,fpl-core-insights,prem,1,0,0,0,5,112.02083333333333,1686.5070372196753,2.1100000000000003,5,1.194,5,5.6,5,3.6,5,19.2,5,0.4,5,112.02083333333333,1775.6543946471888,1.8,5,1.5419999999999998,5,5.2,5,2.6,5,11.6,5,0.4,0.9493762032381273,0.9493762032381273,0.7244026044005156,1.076147274770879,1.2867977906407848,1.076147274770879,1
26-27-prem-leeds-united-vs-newcastle-united,2026-2027,4.0,prem,4.0,2026-09-14 19:00:00+00:00,False,2.0,4.0,,,leeds,newcastle-united,fpl-core-insights,prem,1,0,0,0,5,113.16666666666667,1552.895415176873,1.154,5,1.832,5,3.8,5,1.6,5,18.0,5,0.2,5,113.16666666666667,1603.4713488056666,1.536,5,1.1760000000000002,5,4.8,5,2.8,5,16.0,5,0.0,0.37285985557858325,0.37285985557858325,0.11978116450297566,0.4464485214340812,0.8638808246119045,0.4464485214340812,1
26-27-prem-brentford-vs-chelsea,2026-2027,5.0,prem,5.0,2026-09-18 19:00:00+00:00,False,94.0,8.0,,,brentford,chelsea,fpl-core-insights,prem,1,0,0,0,5,117.16666666666667,1612.1033719773698,1.39,5,2.004,5,3.4,5,2.4,5,15.6,5,0.2,5,117.16666666666667,1612.1011779995458,0.908,5,1.5719999999999998,5,3.0,5,1.2,5,13.4,5,0.0,0.7358693811055607,0.7358693811055607,0.5693559959520306,0.6306439115626485,0.652849931302678,0.6306439115626485,1
26-27-prem-tottenham-hotspur-vs-aston-villa,2026-2027,5.0,prem,5.0,2026-09-19 11:30:00+00:00,False,6.0,7.0,,,tottenham,aston-villa,fpl-core-insights,prem,1,0,0,0,5,117.85416666666667,1538.6877107771982,1.1199999999999999,5,0.68,5,3.0,5,2.6,5,21.6,5,0.4,5,117.85416666666667,1681.4482636699722,1.262,5,1.3459999999999999,5,4.6,5,2.8,5,16.8,5,0.0,0.3629780127030897,0.3629780127030897,0.36323920364566314,0.5491489571462591,0.8530544022093206,0.5491489571462591,1
26-27-prem-brighton-hove-albion-vs-arsenal,2026-2027,5.0,prem,5.0,2026-09-19 14:00:00+00:00,False,36.0,3.0,,,brighton,arsenal,fpl-core-insights,prem,1,0,0,0,5,117.95833333333333,1618.7592408156834,1.828,5,1.214,5,5.8,5,3.2,5,12.6,5,0.4,5,117.95833333333333,1823.57040825547,1.7419999999999998,5,0.738,5,5.4,5,3.4,5,10.6,5,0.8,0.7390513794566753,0.7390513794566753,0.6682954625515989,1.1043396985587306,1.31609115304012,1.1043396985587306,1
26-27-prem-everton-vs-ipswich-town,2026-2027,5.0,prem,5.0,2026-09-19 14:00:00+00:00,False,11.0,40.0,,,everton,ipswich,fpl-core-insights,prem,1,0,0,0,5,117.95833333333333,1576.453512872542,1.442,5,1.436,5,4.0,5,2.2,5,18.4,5,0.0,5,481.9583333333333,1413.0000795638719,0.792,5,1.282,5,3.0,5,0.8,5,9.4,5,0.0,0.5845989761815327,0.5845989761815327,0.34775349594809035,-0.5078953295401891,-0.40961128998643453,-0.5078953295401891,1
26-27-prem-leeds-united-vs-crystal-palace,2026-2027,5.0,prem,5.0,2026-09-19 14:00:00+00:00,False,2.0,31.0,,,leeds,crystal-palace,fpl-core-insights,prem,1,0,0,0,5,117.95833333333333,1552.895415176873,1.154,5,1.832,5,3.8,5,1.6,5,18.0,5,0.2,5,117.95833333333333,1578.1328667938383,1.376,5,1.9140000000000001,5,3.8,5,2.4,5,20.2,5,0.0,0.37285985557858325,0.37285985557858325,0.11978116450297566,0.3947012108766272,0.46015062764588865,0.3947012108766272,1
26-27-prem-manchester-city-vs-sunderland,2026-2027,5.0,prem,5.0,2026-09-19 14:00:00+00:00,False,43.0,56.0,,,manchester-city,sunderland,fpl-core-insights,prem,1,0,0,0,5,117.95833333333333,1775.6543946471888,1.8,5,1.5419999999999998,5,5.2,5,2.6,5,11.6,5,0.4,5,117.95833333333333,1548.9612074082618,1.042,5,1.074,5,3.8,5,1.4,5,12.8,5,0.2,1.2867977906407848,1.2867977906407848,1.076147274770879,-0.05342235135793143,0.28241494937088335,-0.05342235135793143,1
26-27-prem-newcastle-united-vs-hull-city,2026-2027,5.0,prem,5.0,2026-09-19 14:00:00+00:00,False,4.0,88.0,,,newcastle-united,hull,fpl-core-insights,prem,1,0,0,0,5,117.95833333333333,1603.4713488056666,1.536,5,1.1760000000000002,5,4.8,5,2.8,5,16.0,5,0.0,5,3408.0,1443.2558310656646,,0,,0,2.8,5,,0,,0,0.4,0.8638808246119045,0.8638808246119045,0.4464485214340812,-0.5635403550480563,-0.32888836333920834,-0.5635403550480563,1
26-27-prem-nottingham-forest-vs-coventry-city,2026-2027,5.0,prem,5.0,2026-09-19 16:30:00+00:00,False,17.0,9.0,,,nottingham-forest,coventry,fpl-core-insights,prem,1,0,0,0,5,118.0625,1574.4570649597424,1.5719999999999998,5,1.97,5,5.0,5,3.2,5,17.8,5,0.2,5,9254.104166666666,1439.89321746296,,0,,0,5.0,5,,0,,0,0.4,0.5769986780851356,0.5769986780851356,0.3765467333424707,-0.5105731481812256,-0.03397132322440578,-0.5105731481812256,1
26-27-prem-afc-bournemouth-vs-liverpool,2026-2027,5.0,prem,5.0,2026-09-20 13:00:00+00:00,False,91.0,14.0,,,bournemouth,liverpool,fpl-core-insights,prem,1,0,0,0,5,118.91666666666667,1647.5336782667596,1.55,5,1.248,5,4.6,5,2.4,5,15.4,5,0.4,5,118.91666666666667,1688.2023574276104,1.41,5,1.702,5,4.8,5,2.4,5,10.2,5,0.0,0.7514267392178918,0.7514267392178918,0.532004204271549,0.6897736227663469,1.0223863997048255,0.6897736227663469,1
26-27-prem-fulham-vs-manchester-united,2026-2027,5.0,prem,5.0,2026-09-20 15:30:00+00:00,False,54.0,1.0,,,fulham,manchester-united,fpl-core-insights,prem,1,0,0,0,5,119.02083333333333,1587.607129818733,1.2559999999999998,5,1.336,5,4.0,5,1.2,5,18.2,5,0.4,5,119.02083333333333,1686.5070372196753,2.1100000000000003,5,1.194,5,5.6,5,3.6,5,19.2,5,0.4,0.5917613385281815,0.5917613385281815,0.3388978355555425,0.7244026044005156,0.9493762032381273,0.7244026044005156,1
26-27-prem-arsenal-vs-leeds-united,2026-2027,6.0,prem,6.0,2026-10-10 14:00:00+00:00,False,3.0,2.0,,,arsenal,leeds,fpl-core-insights,prem,1,0,0,0,5,138.95833333333334,1823.57040825547,1.7419999999999998,5,0.738,5,5.4,5,3.4,5,10.6,5,0.8,5,138.95833333333334,1552.895415176873,1.154,5,1.832,5,3.8,5,1.6,5,18.0,5,0.2,1.31609115304012,1.31609115304012,1.1043396985587306,0.11978116450297566,0.37285985557858325,0.11978116450297566,1
26-27-prem-aston-villa-vs-brentford,2026-2027,6.0,prem,6.0,2026-10-10 14:00:00+00:00,False,7.0,94.0,,,aston-villa,brentford,fpl-core-insights,prem,1,0,0,0,5,138.95833333333334,1681.4482636699722,1.262,5,1.3459999999999999,5,4.6,5,2.8,5,16.8,5,0.0,5,138.95833333333334,1612.1033719773698,1.39,5,2.004,5,3.4,5,2.4,5,15.6,5,0.2,0.8530544022093206,0.8530544022093206,0.5491489571462591,0.5693559959520306,0.7358693811055607,0.5693559959520306,1
26-27-prem-chelsea-vs-afc-bournemouth,2026-2027,6.0,prem,6.0,2026-10-10 14:00:00+00:00,False,8.0,91.0,,,chelsea,bournemouth,fpl-core-insights,prem,1,0,0,0,5,138.95833333333334,1612.1011779995458,0.908,5,1.5719999999999998,5,3.0,5,1.2,5,13.4,5,0.0,5,138.95833333333334,1647.5336782667596,1.55,5,1.248,5,4.6,5,2.4,5,15.4,5,0.4,0.652849931302678,0.652849931302678,0.6306439115626485,0.532004204271549,0.7514267392178918,0.532004204271549,1
26-27-prem-coventry-city-vs-newcastle-united,2026-2027,6.0,prem,6.0,2026-10-10 14:00:00+00:00,False,9.0,4.0,,,coventry,newcastle-united,fpl-core-insights,prem,1,0,0,0,5,9275.0,1439.89321746296,,0,,0,5.0,5,,0,,0,0.4,5,138.95833333333334,1603.4713488056666,1.536,5,1.1760000000000002,5,4.8,5,2.8,5,16.0,5,0.0,-0.03397132322440578,-0.03397132322440578,-0.5105731481812256,0.4464485214340812,0.8638808246119045,0.4464485214340812,1
26-27-prem-crystal-palace-vs-nottingham-forest,2026-2027,6.0,prem,6.0,2026-10-10 14:00:00+00:00,False,31.0,17.0,,,crystal-palace,nottingham-forest,fpl-core-insights,prem,1,0,0,0,5,138.95833333333334,1578.1328667938383,1.376,5,1.9140000000000001,5,3.8,5,2.4,5,20.2,5,0.0,5,138.95833333333334,1574.4570649597424,1.5719999999999998,5,1.97,5,5.0,5,3.2,5,17.8,5,0.2,0.46015062764588865,0.46015062764588865,0.3947012108766272,0.3765467333424707,0.5769986780851356,0.3765467333424707,1
26-27-prem-hull-city-vs-everton,2026-2027,6.0,prem,6.0,2026-10-10 14:00:00+00:00,False,88.0,11.0,,,hull,everton,fpl-core-insights,prem,1,0,0,0,5,3429.0,1443.2558310656646,,0,,0,2.8,5,,0,,0,0.4,5,138.95833333333334,1576.453512872542,1.442,5,1.436,5,4.0,5,2.2,5,18.4,5,0.0,-0.32888836333920834,-0.32888836333920834,-0.5635403550480563,0.34775349594809035,0.5845989761815327,0.34775349594809035,1
26-27-prem-ipswich-town-vs-fulham,2026-2027,6.0,prem,6.0,2026-10-10 14:00:00+00:00,False,40.0,54.0,,,ipswich,fulham,fpl-core-insights,prem,1,0,0,0,5,502.9583333333333,1413.0000795638719,0.792,5,1.282,5,3.0,5,0.8,5,9.4,5,0.0,5,138.95833333333334,1587.607129818733,1.2559999999999998,5,1.336,5,4.0,5,1.2,5,18.2,5,0.4,-0.40961128998643453,-0.40961128998643453,-0.5078953295401891,0.3388978355555425,0.5917613385281815,0.3388978355555425,1
26-27-prem-liverpool-vs-manchester-city,2026-2027,6.0,prem,6.0,2026-10-10 14:00:00+00:00,False,14.0,43.0,,,liverpool,manchester-city,fpl-core-insights,prem,1,0,0,0,5,138.95833333333334,1688.2023574276104,1.41,5,1.702,5,4.8,5,2.4,5,10.2,5,0.0,5,138.95833333333334,1775.6543946471888,1.8,5,1.5419999999999998,5,5.2,5,2.6,5,11.6,5,0.4,1.0223863997048255,1.0223863997048255,0.6897736227663469,1.076147274770879,1.2867977906407848,1.076147274770879,1
26-27-prem-manchester-united-vs-tottenham-hotspur,2026-2027,6.0,prem,6.0,2026-10-10 14:00:00+00:00,False,1.0,6.0,,,manchester-united,tottenham,fpl-core-insights,prem,1,0,0,0,5,138.95833333333334,1686.5070372196753,2.1100000000000003,5,1.194,5,5.6,5,3.6,5,19.2,5,0.4,5,138.95833333333334,1538.6877107771982,1.1199999999999999,5,0.68,5,3.0,5,2.6,5,21.6,5,0.4,0.9493762032381273,0.9493762032381273,0.7244026044005156,0.36323920364566314,0.3629780127030897,0.36323920364566314,1
26-27-prem-sunderland-vs-brighton-hove-albion,2026-2027,6.0,prem,6.0,2026-10-10 14:00:00+00:00,False,56.0,36.0,,,sunderland,brighton,fpl-core-insights,prem,1,0,0,0,5,138.95833333333334,1548.9612074082618,1.042,5,1.074,5,3.8,5,1.4,5,12.8,5,0.2,5,138.95833333333334,1618.7592408156834,1.828,5,1.214,5,5.8,5,3.2,5,12.6,5,0.4,0.28241494937088335,0.28241494937088335,-0.05342235135793143,0.6682954625515989,0.7390513794566753,0.6682954625515989,1
26-27-prem-afc-bournemouth-vs-sunderland,2026-2027,7.0,prem,7.0,2026-10-17 14:00:00+00:00,False,91.0,56.0,,,bournemouth,sunderland,fpl-core-insights,prem,1,0,0,0,5,145.95833333333334,1647.5336782667596,1.55,5,1.248,5,4.6,5,2.4,5,15.4,5,0.4,5,145.95833333333334,1548.9612074082618,1.042,5,1.074,5,3.8,5,1.4,5,12.8,5,0.2,0.7514267392178918,0.7514267392178918,0.532004204271549,-0.05342235135793143,0.28241494937088335,-0.05342235135793143,1
26-27-prem-brentford-vs-liverpool,2026-2027,7.0,prem,7.0,2026-10-17 14:00:00+00:00,False,94.0,14.0,,,brentford,liverpool,fpl-core-insights,prem,1,0,0,0,5,145.95833333333334,1612.1033719773698,1.39,5,2.004,5,3.4,5,2.4,5,15.6,5,0.2,5,145.95833333333334,1688.2023574276104,1.41,5,1.702,5,4.8,5,2.4,5,10.2,5,0.0,0.7358693811055607,0.7358693811055607,0.5693559959520306,0.6897736227663469,1.0223863997048255,0.6897736227663469,1
26-27-prem-brighton-hove-albion-vs-crystal-palace,2026-2027,7.0,prem,7.0,2026-10-17 14:00:00+00:00,False,36.0,31.0,,,brighton,crystal-palace,fpl-core-insights,prem,1,0,0,0,5,145.95833333333334,1618.7592408156834,1.828,5,1.214,5,5.8,5,3.2,5,12.6,5,0.4,5,145.95833333333334,1578.1328667938383,1.376,5,1.9140000000000001,5,3.8,5,2.4,5,20.2,5,0.0,0.7390513794566753,0.7390513794566753,0.6682954625515989,0.3947012108766272,0.46015062764588865,0.3947012108766272,1
26-27-prem-everton-vs-chelsea,2026-2027,7.0,prem,7.0,2026-10-17 14:00:00+00:00,False,11.0,8.0,,,everton,chelsea,fpl-core-insights,prem,1,0,0,0,5,145.95833333333334,1576.453512872542,1.442,5,1.436,5,4.0,5,2.2,5,18.4,5,0.0,5,145.95833333333334,1612.1011779995458,0.908,5,1.5719999999999998,5,3.0,5,1.2,5,13.4,5,0.0,0.5845989761815327,0.5845989761815327,0.34775349594809035,0.6306439115626485,0.652849931302678,0.6306439115626485,1
26-27-prem-fulham-vs-hull-city,2026-2027,7.0,prem,7.0,2026-10-17 14:00:00+00:00,False,54.0,88.0,,,fulham,hull,fpl-core-insights,prem,1,0,0,0,5,145.95833333333334,1587.607129818733,1.2559999999999998,5,1.336,5,4.0,5,1.2,5,18.2,5,0.4,5,3436.0,1443.2558310656646,,0,,0,2.8,5,,0,,0,0.4,0.5917613385281815,0.5917613385281815,0.3388978355555425,-0.5635403550480563,-0.32888836333920834,-0.5635403550480563,1
26-27-prem-leeds-united-vs-manchester-united,2026-2027,7.0,prem,7.0,2026-10-17 14:00:00+00:00,False,2.0,1.0,,,leeds,manchester-united,fpl-core-insights,prem,1,0,0,0,5,145.95833333333334,1552.895415176873,1.154,5,1.832,5,3.8,5,1.6,5,18.0,5,0.2,5,145.95833333333334,1686.5070372196753,2.1100000000000003,5,1.194,5,5.6,5,3.6,5,19.2,5,0.4,0.37285985557858325,0.37285985557858325,0.11978116450297566,0.7244026044005156,0.9493762032381273,0.7244026044005156,1
26-27-prem-manchester-city-vs-ipswich-town,2026-2027,7.0,prem,7.0,2026-10-17 14:00:00+00:00,False,43.0,40.0,,,manchester-city,ipswich,fpl-core-insights,prem,1,0,0,0,5,145.95833333333334,1775.6543946471888,1.8,5,1.5419999999999998,5,5.2,5,2.6,5,11.6,5,0.4,5,509.9583333333333,1413.0000795638719,0.792,5,1.282,5,3.0,5,0.8,5,9.4,5,0.0,1.2867977906407848,1.2867977906407848,1.076147274770879,-0.5078953295401891,-0.40961128998643453,-0.5078953295401891,1
26-27-prem-newcastle-united-vs-aston-villa,2026-2027,7.0,prem,7.0,2026-10-17 14:00:00+00:00,False,4.0,7.0,,,newcastle-united,aston-villa,fpl-core-insights,prem,1,0,0,0,5,145.95833333333334,1603.4713488056666,1.536,5,1.1760000000000002,5,4.8,5,2.8,5,16.0,5,0.0,5,145.95833333333334,1681.4482636699722,1.262,5,1.3459999999999999,5,4.6,5,2.8,5,16.8,5,0.0,0.8638808246119045,0.8638808246119045,0.4464485214340812,0.5491489571462591,0.8530544022093206,0.5491489571462591,1
26-27-prem-nottingham-forest-vs-arsenal,2026-2027,7.0,prem,7.0,2026-10-17 14:00:00+00:00,False,17.0,3.0,,,nottingham-forest,arsenal,fpl-core-insights,prem,1,0,0,0,5,145.95833333333334,1574.4570649597424,1.5719999999999998,5,1.97,5,5.0,5,3.2,5,17.8,5,0.2,5,145.95833333333334,1823.57040825547,1.7419999999999998,5,0.738,5,5.4,5,3.4,5,10.6,5,0.8,0.5769986780851356,0.5769986780851356,0.3765467333424707,1.1043396985587306,1.31609115304012,1.1043396985587306,1
26-27-prem-tottenham-hotspur-vs-coventry-city,2026-2027,7.0,prem,7.0,2026-10-17 14:00:00+00:00,False,6.0,9.0,,,tottenham,coventry,fpl-core-insights,prem,1,0,0,0,5,145.95833333333334,1538.6877107771982,1.1199999999999999,5,0.68,5,3.0,5,2.6,5,21.6,5,0.4,5,9282.0,1439.89321746296,,0,,0,5.0,5,,0,,0,0.4,0.3629780127030897,0.3629780127030897,0.36323920364566314,-0.5105731481812256,-0.03397132322440578,-0.5105731481812256,1
26-27-prem-arsenal-vs-everton,2026-2027,8.0,prem,8.0,2026-10-24 14:00:00+00:00,False,3.0,11.0,,,arsenal,everton,fpl-core-insights,prem,1,0,0,0,5,152.95833333333334,1823.57040825547,1.7419999999999998,5,0.738,5,5.4,5,3.4,5,10.6,5,0.8,5,152.95833333333334,1576.453512872542,1.442,5,1.436,5,4.0,5,2.2,5,18.4,5,0.0,1.31609115304012,1.31609115304012,1.1043396985587306,0.34775349594809035,0.5845989761815327,0.34775349594809035,1
26-27-prem-aston-villa-vs-manchester-city,2026-2027,8.0,prem,8.0,2026-10-24 14:00:00+00:00,False,7.0,43.0,,,aston-villa,manchester-city,fpl-core-insights,prem,1,0,0,0,5,152.95833333333334,1681.4482636699722,1.262,5,1.3459999999999999,5,4.6,5,2.8,5,16.8,5,0.0,5,152.95833333333334,1775.6543946471888,1.8,5,1.5419999999999998,5,5.2,5,2.6,5,11.6,5,0.4,0.8530544022093206,0.8530544022093206,0.5491489571462591,1.076147274770879,1.2867977906407848,1.076147274770879,1
26-27-prem-chelsea-vs-tottenham-hotspur,2026-2027,8.0,prem,8.0,2026-10-24 14:00:00+00:00,False,8.0,6.0,,,chelsea,tottenham,fpl-core-insights,prem,1,0,0,0,5,152.95833333333334,1612.1011779995458,0.908,5,1.5719999999999998,5,3.0,5,1.2,5,13.4,5,0.0,5,152.95833333333334,1538.6877107771982,1.1199999999999999,5,0.68,5,3.0,5,2.6,5,21.6,5,0.4,0.652849931302678,0.652849931302678,0.6306439115626485,0.36323920364566314,0.3629780127030897,0.36323920364566314,1
26-27-prem-coventry-city-vs-fulham,2026-2027,8.0,prem,8.0,2026-10-24 14:00:00+00:00,False,9.0,54.0,,,coventry,fulham,fpl-core-insights,prem,1,0,0,0,5,9289.0,1439.89321746296,,0,,0,5.0,5,,0,,0,0.4,5,152.95833333333334,1587.607129818733,1.2559999999999998,5,1.336,5,4.0,5,1.2,5,18.2,5,0.4,-0.03397132322440578,-0.03397132322440578,-0.5105731481812256,0.3388978355555425,0.5917613385281815,0.3388978355555425,1
26-27-prem-crystal-palace-vs-newcastle-united,2026-2027,8.0,prem,8.0,2026-10-24 14:00:00+00:00,False,31.0,4.0,,,crystal-palace,newcastle-united,fpl-core-insights,prem,1,0,0,0,5,152.95833333333334,1578.1328667938383,1.376,5,1.9140000000000001,5,3.8,5,2.4,5,20.2,5,0.0,5,152.95833333333334,1603.4713488056666,1.536,5,1.1760000000000002,5,4.8,5,2.8,5,16.0,5,0.0,0.46015062764588865,0.46015062764588865,0.3947012108766272,0.4464485214340812,0.8638808246119045,0.4464485214340812,1
26-27-prem-hull-city-vs-brentford,2026-2027,8.0,prem,8.0,2026-10-24 14:00:00+00:00,False,88.0,94.0,,,hull,brentford,fpl-core-insights,prem,1,0,0,0,5,3443.0,1443.2558310656646,,0,,0,2.8,5,,0,,0,0.4,5,152.95833333333334,1612.1033719773698,1.39,5,2.004,5,3.4,5,2.4,5,15.6,5,0.2,-0.32888836333920834,-0.32888836333920834,-0.5635403550480563,0.5693559959520306,0.7358693811055607,0.5693559959520306,1
26-27-prem-ipswich-town-vs-nottingham-forest,2026-2027,8.0,prem,8.0,2026-10-24 14:00:00+00:00,False,40.0,17.0,,,ipswich,nottingham-forest,fpl-core-insights,prem,1,0,0,0,5,516.9583333333334,1413.0000795638719,0.792,5,1.282,5,3.0,5,0.8,5,9.4,5,0.0,5,152.95833333333334,1574.4570649597424,1.5719999999999998,5,1.97,5,5.0,5,3.2,5,17.8,5,0.2,-0.40961128998643453,-0.40961128998643453,-0.5078953295401891,0.3765467333424707,0.5769986780851356,0.3765467333424707,1
26-27-prem-liverpool-vs-brighton-hove-albion,2026-2027,8.0,prem,8.0,2026-10-24 14:00:00+00:00,False,14.0,36.0,,,liverpool,brighton,fpl-core-insights,prem,1,0,0,0,5,152.95833333333334,1688.2023574276104,1.41,5,1.702,5,4.8,5,2.4,5,10.2,5,0.0,5,152.95833333333334,1618.7592408156834,1.828,5,1.214,5,5.8,5,3.2,5,12.6,5,0.4,1.0223863997048255,1.0223863997048255,0.6897736227663469,0.6682954625515989,0.7390513794566753,0.6682954625515989,1
26-27-prem-manchester-united-vs-afc-bournemouth,2026-2027,8.0,prem,8.0,2026-10-24 14:00:00+00:00,False,1.0,91.0,,,manchester-united,bournemouth,fpl-core-insights,prem,1,0,0,0,5,152.95833333333334,1686.5070372196753,2.1100000000000003,5,1.194,5,5.6,5,3.6,5,19.2,5,0.4,5,152.95833333333334,1647.5336782667596,1.55,5,1.248,5,4.6,5,2.4,5,15.4,5,0.4,0.9493762032381273,0.9493762032381273,0.7244026044005156,0.532004204271549,0.7514267392178918,0.532004204271549,1
26-27-prem-sunderland-vs-leeds-united,2026-2027,8.0,prem,8.0,2026-10-24 14:00:00+00:00,False,56.0,2.0,,,sunderland,leeds,fpl-core-insights,prem,1,0,0,0,5,152.95833333333334,1548.9612074082618,1.042,5,1.074,5,3.8,5,1.4,5,12.8,5,0.2,5,152.95833333333334,1552.895415176873,1.154,5,1.832,5,3.8,5,1.6,5,18.0,5,0.2,0.28241494937088335,0.28241494937088335,-0.05342235135793143,0.11978116450297566,0.37285985557858325,0.11978116450297566,1
26-27-prem-afc-bournemouth-vs-leeds-united,2026-2027,9.0,prem,9.0,2026-10-31 15:00:00+00:00,False,91.0,2.0,,,bournemouth,leeds,fpl-core-insights,prem,1,0,0,0,5,160.0,1647.5336782667596,1.55,5,1.248,5,4.6,5,2.4,5,15.4,5,0.4,5,160.0,1552.895415176873,1.154,5,1.832,5,3.8,5,1.6,5,18.0,5,0.2,0.7514267392178918,0.7514267392178918,0.532004204271549,0.11978116450297566,0.37285985557858325,0.11978116450297566,1
26-27-prem-aston-villa-vs-fulham,2026-2027,9.0,prem,9.0,2026-10-31 15:00:00+00:00,False,7.0,54.0,,,aston-villa,fulham,fpl-core-insights,prem,1,0,0,0,5,160.0,1681.4482636699722,1.262,5,1.3459999999999999,5,4.6,5,2.8,5,16.8,5,0.0,5,160.0,1587.607129818733,1.2559999999999998,5,1.336,5,4.0,5,1.2,5,18.2,5,0.4,0.8530544022093206,0.8530544022093206,0.5491489571462591,0.3388978355555425,0.5917613385281815,0.3388978355555425,1
26-27-prem-brentford-vs-nottingham-forest,2026-2027,9.0,prem,9.0,2026-10-31 15:00:00+00:00,False,94.0,17.0,,,brentford,nottingham-forest,fpl-core-insights,prem,1,0,0,0,5,160.0,1612.1033719773698,1.39,5,2.004,5,3.4,5,2.4,5,15.6,5,0.2,5,160.0,1574.4570649597424,1.5719999999999998,5,1.97,5,5.0,5,3.2,5,17.8,5,0.2,0.7358693811055607,0.7358693811055607,0.5693559959520306,0.3765467333424707,0.5769986780851356,0.3765467333424707,1
26-27-prem-chelsea-vs-manchester-united,2026-2027,9.0,prem,9.0,2026-10-31 15:00:00+00:00,False,8.0,1.0,,,chelsea,manchester-united,fpl-core-insights,prem,1,0,0,0,5,160.0,1612.1011779995458,0.908,5,1.5719999999999998,5,3.0,5,1.2,5,13.4,5,0.0,5,160.0,1686.5070372196753,2.1100000000000003,5,1.194,5,5.6,5,3.6,5,19.2,5,0.4,0.652849931302678,0.652849931302678,0.6306439115626485,0.7244026044005156,0.9493762032381273,0.7244026044005156,1
26-27-prem-coventry-city-vs-sunderland,2026-2027,9.0,prem,9.0,2026-10-31 15:00:00+00:00,False,9.0,56.0,,,coventry,sunderland,fpl-core-insights,prem,1,0,0,0,5,9296.041666666666,1439.89321746296,,0,,0,5.0,5,,0,,0,0.4,5,160.0,1548.9612074082618,1.042,5,1.074,5,3.8,5,1.4,5,12.8,5,0.2,-0.03397132322440578,-0.03397132322440578,-0.5105731481812256,-0.05342235135793143,0.28241494937088335,-0.05342235135793143,1
26-27-prem-hull-city-vs-ipswich-town,2026-2027,9.0,prem,9.0,2026-10-31 15:00:00+00:00,False,88.0,40.0,,,hull,ipswich,fpl-core-insights,prem,1,0,0,0,5,3450.0416666666665,1443.2558310656646,,0,,0,2.8,5,,0,,0,0.4,5,524.0,1413.0000795638719,0.792,5,1.282,5,3.0,5,0.8,5,9.4,5,0.0,-0.32888836333920834,-0.32888836333920834,-0.5635403550480563,-0.5078953295401891,-0.40961128998643453,-0.5078953295401891,1
26-27-prem-liverpool-vs-arsenal,2026-2027,9.0,prem,9.0,2026-10-31 15:00:00+00:00,False,14.0,3.0,,,liverpool,arsenal,fpl-core-insights,prem,1,0,0,0,5,160.0,1688.2023574276104,1.41,5,1.702,5,4.8,5,2.4,5,10.2,5,0.0,5,160.0,1823.57040825547,1.7419999999999998,5,0.738,5,5.4,5,3.4,5,10.6,5,0.8,1.0223863997048255,1.0223863997048255,0.6897736227663469,1.1043396985587306,1.31609115304012,1.1043396985587306,1
26-27-prem-manchester-city-vs-brighton-hove-albion,2026-2027,9.0,prem,9.0,2026-10-31 15:00:00+00:00,False,43.0,36.0,,,manchester-city,brighton,fpl-core-insights,prem,1,0,0,0,5,160.0,1775.6543946471888,1.8,5,1.5419999999999998,5,5.2,5,2.6,5,11.6,5,0.4,5,160.0,1618.7592408156834,1.828,5,1.214,5,5.8,5,3.2,5,12.6,5,0.4,1.2867977906407848,1.2867977906407848,1.076147274770879,0.6682954625515989,0.7390513794566753,0.6682954625515989,1
26-27-prem-newcastle-united-vs-everton,2026-2027,9.0,prem,9.0,2026-10-31 15:00:00+00:00,False,4.0,11.0,,,newcastle-united,everton,fpl-core-insights,prem,1,0,0,0,5,160.0,1603.4713488056666,1.536,5,1.1760000000000002,5,4.8,5,2.8,5,16.0,5,0.0,5,160.0,1576.453512872542,1.442,5,1.436,5,4.0,5,2.2,5,18.4,5,0.0,0.8638808246119045,0.8638808246119045,0.4464485214340812,0.34775349594809035,0.5845989761815327,0.34775349594809035,1
26-27-prem-tottenham-hotspur-vs-crystal-palace,2026-2027,9.0,prem,9.0,2026-10-31 15:00:00+00:00,False,6.0,31.0,,,tottenham,crystal-palace,fpl-core-insights,prem,1,0,0,0,5,160.0,1538.6877107771982,1.1199999999999999,5,0.68,5,3.0,5,2.6,5,21.6,5,0.4,5,160.0,1578.1328667938383,1.376,5,1.9140000000000001,5,3.8,5,2.4,5,20.2,5,0.0,0.3629780127030897,0.3629780127030897,0.36323920364566314,0.3947012108766272,0.46015062764588865,0.3947012108766272,1
26-27-prem-arsenal-vs-hull-city,2026-2027,10.0,prem,10.0,2026-11-07 15:00:00+00:00,False,3.0,88.0,,,arsenal,hull,fpl-core-insights,prem,1,0,0,0,5,167.0,1823.57040825547,1.7419999999999998,5,0.738,5,5.4,5,3.4,5,10.6,5,0.8,5,3457.0416666666665,1443.2558310656646,,0,,0,2.8,5,,0,,0,0.4,1.31609115304012,1.31609115304012,1.1043396985587306,-0.5635403550480563,-0.32888836333920834,-0.5635403550480563,1
26-27-prem-brighton-hove-albion-vs-brentford,2026-2027,10.0,prem,10.0,2026-11-07 15:00:00+00:00,False,36.0,94.0,,,brighton,brentford,fpl-core-insights,prem,1,0,0,0,5,167.0,1618.7592408156834,1.828,5,1.214,5,5.8,5,3.2,5,12.6,5,0.4,5,167.0,1612.1033719773698,1.39,5,2.004,5,3.4,5,2.4,5,15.6,5,0.2,0.7390513794566753,0.7390513794566753,0.6682954625515989,0.5693559959520306,0.7358693811055607,0.5693559959520306,1
26-27-prem-crystal-palace-vs-liverpool,2026-2027,10.0,prem,10.0,2026-11-07 15:00:00+00:00,False,31.0,14.0,,,crystal-palace,liverpool,fpl-core-insights,prem,1,0,0,0,5,167.0,1578.1328667938383,1.376,5,1.9140000000000001,5,3.8,5,2.4,5,20.2,5,0.0,5,167.0,1688.2023574276104,1.41,5,1.702,5,4.8,5,2.4,5,10.2,5,0.0,0.46015062764588865,0.46015062764588865,0.3947012108766272,0.6897736227663469,1.0223863997048255,0.6897736227663469,1
26-27-prem-everton-vs-coventry-city,2026-2027,10.0,prem,10.0,2026-11-07 15:00:00+00:00,False,11.0,9.0,,,everton,coventry,fpl-core-insights,prem,1,0,0,0,5,167.0,1576.453512872542,1.442,5,1.436,5,4.0,5,2.2,5,18.4,5,0.0,5,9303.041666666666,1439.89321746296,,0,,0,5.0,5,,0,,0,0.4,0.5845989761815327,0.5845989761815327,0.34775349594809035,-0.5105731481812256,-0.03397132322440578,-0.5105731481812256,1
26-27-prem-fulham-vs-newcastle-united,2026-2027,10.0,prem,10.0,2026-11-07 15:00:00+00:00,False,54.0,4.0,,,fulham,newcastle-united,fpl-core-insights,prem,1,0,0,0,5,167.0,1587.607129818733,1.2559999999999998,5,1.336,5,4.0,5,1.2,5,18.2,5,0.4,5,167.0,1603.4713488056666,1.536,5,1.1760000000000002,5,4.8,5,2.8,5,16.0,5,0.0,0.5917613385281815,0.5917613385281815,0.3388978355555425,0.4464485214340812,0.8638808246119045,0.4464485214340812,1
26-27-prem-ipswich-town-vs-afc-bournemouth,2026-2027,10.0,prem,10.0,2026-11-07 15:00:00+00:00,False,40.0,91.0,,,ipswich,bournemouth,fpl-core-insights,prem,1,0,0,0,5,531.0,1413.0000795638719,0.792,5,1.282,5,3.0,5,0.8,5,9.4,5,0.0,5,167.0,1647.5336782667596,1.55,5,1.248,5,4.6,5,2.4,5,15.4,5,0.4,-0.40961128998643453,-0.40961128998643453,-0.5078953295401891,0.532004204271549,0.7514267392178918,0.532004204271549,1
26-27-prem-leeds-united-vs-tottenham-hotspur,2026-2027,10.0,prem,10.0,2026-11-07 15:00:00+00:00,False,2.0,6.0,,,leeds,tottenham,fpl-core-insights,prem,1,0,0,0,5,167.0,1552.895415176873,1.154,5,1.832,5,3.8,5,1.6,5,18.0,5,0.2,5,167.0,1538.6877107771982,1.1199999999999999,5,0.68,5,3.0,5,2.6,5,21.6,5,0.4,0.37285985557858325,0.37285985557858325,0.11978116450297566,0.36323920364566314,0.3629780127030897,0.36323920364566314,1
26-27-prem-manchester-united-vs-aston-villa,2026-2027,10.0,prem,10.0,2026-11-07 15:00:00+00:00,False,1.0,7.0,,,manchester-united,aston-villa,fpl-core-insights,prem,1,0,0,0,5,167.0,1686.5070372196753,2.1100000000000003,5,1.194,5,5.6,5,3.6,5,19.2,5,0.4,5,167.0,1681.4482636699722,1.262,5,1.3459999999999999,5,4.6,5,2.8,5,16.8,5,0.0,0.9493762032381273,0.9493762032381273,0.7244026044005156,0.5491489571462591,0.8530544022093206,0.5491489571462591,1
26-27-prem-nottingham-forest-vs-manchester-city,2026-2027,10.0,prem,10.0,2026-11-07 15:00:00+00:00,False,17.0,43.0,,,nottingham-forest,manchester-city,fpl-core-insights,prem,1,0,0,0,5,167.0,1574.4570649597424,1.5719999999999998,5,1.97,5,5.0,5,3.2,5,17.8,5,0.2,5,167.0,1775.6543946471888,1.8,5,1.5419999999999998,5,5.2,5,2.6,5,11.6,5,0.4,0.5769986780851356,0.5769986780851356,0.3765467333424707,1.076147274770879,1.2867977906407848,1.076147274770879,1
26-27-prem-sunderland-vs-chelsea,2026-2027,10.0,prem,10.0,2026-11-07 15:00:00+00:00,False,56.0,8.0,,,sunderland,chelsea,fpl-core-insights,prem,1,0,0,0,5,167.0,1548.9612074082618,1.042,5,1.074,5,3.8,5,1.4,5,12.8,5,0.2,5,167.0,1612.1011779995458,0.908,5,1.5719999999999998,5,3.0,5,1.2,5,13.4,5,0.0,0.28241494937088335,0.28241494937088335,-0.05342235135793143,0.6306439115626485,0.652849931302678,0.6306439115626485,1
26-27-prem-afc-bournemouth-vs-nottingham-forest,2026-2027,11.0,prem,11.0,2026-11-21 15:00:00+00:00,False,91.0,17.0,,,bournemouth,nottingham-forest,fpl-core-insights,prem,1,0,0,0,5,181.0,1647.5336782667596,1.55,5,1.248,5,4.6,5,2.4,5,15.4,5,0.4,5,181.0,1574.4570649597424,1.5719999999999998,5,1.97,5,5.0,5,3.2,5,17.8,5,0.2,0.7514267392178918,0.7514267392178918,0.532004204271549,0.3765467333424707,0.5769986780851356,0.3765467333424707,1
26-27-prem-aston-villa-vs-sunderland,2026-2027,11.0,prem,11.0,2026-11-21 15:00:00+00:00,False,7.0,56.0,,,aston-villa,sunderland,fpl-core-insights,prem,1,0,0,0,5,181.0,1681.4482636699722,1.262,5,1.3459999999999999,5,4.6,5,2.8,5,16.8,5,0.0,5,181.0,1548.9612074082618,1.042,5,1.074,5,3.8,5,1.4,5,12.8,5,0.2,0.8530544022093206,0.8530544022093206,0.5491489571462591,-0.05342235135793143,0.28241494937088335,-0.05342235135793143,1
26-27-prem-brentford-vs-everton,2026-2027,11.0,prem,11.0,2026-11-21 15:00:00+00:00,False,94.0,11.0,,,brentford,everton,fpl-core-insights,prem,1,0,0,0,5,181.0,1612.1033719773698,1.39,5,2.004,5,3.4,5,2.4,5,15.6,5,0.2,5,181.0,1576.453512872542,1.442,5,1.436,5,4.0,5,2.2,5,18.4,5,0.0,0.7358693811055607,0.7358693811055607,0.5693559959520306,0.34775349594809035,0.5845989761815327,0.34775349594809035,1
26-27-prem-chelsea-vs-leeds-united,2026-2027,11.0,prem,11.0,2026-11-21 15:00:00+00:00,False,8.0,2.0,,,chelsea,leeds,fpl-core-insights,prem,1,0,0,0,5,181.0,1612.1011779995458,0.908,5,1.5719999999999998,5,3.0,5,1.2,5,13.4,5,0.0,5,181.0,1552.895415176873,1.154,5,1.832,5,3.8,5,1.6,5,18.0,5,0.2,0.652849931302678,0.652849931302678,0.6306439115626485,0.11978116450297566,0.37285985557858325,0.11978116450297566,1
26-27-prem-coventry-city-vs-crystal-palace,2026-2027,11.0,prem,11.0,2026-11-21 15:00:00+00:00,False,9.0,31.0,,,coventry,crystal-palace,fpl-core-insights,prem,1,0,0,0,5,9317.041666666666,1439.89321746296,,0,,0,5.0,5,,0,,0,0.4,5,181.0,1578.1328667938383,1.376,5,1.9140000000000001,5,3.8,5,2.4,5,20.2,5,0.0,-0.03397132322440578,-0.03397132322440578,-0.5105731481812256,0.3947012108766272,0.46015062764588865,0.3947012108766272,1
26-27-prem-hull-city-vs-brighton-hove-albion,2026-2027,11.0,prem,11.0,2026-11-21 15:00:00+00:00,False,88.0,36.0,,,hull,brighton,fpl-core-insights,prem,1,0,0,0,5,3471.0416666666665,1443.2558310656646,,0,,0,2.8,5,,0,,0,0.4,5,181.0,1618.7592408156834,1.828,5,1.214,5,5.8,5,3.2,5,12.6,5,0.4,-0.32888836333920834,-0.32888836333920834,-0.5635403550480563,0.6682954625515989,0.7390513794566753,0.6682954625515989,1
26-27-prem-liverpool-vs-manchester-united,2026-2027,11.0,prem,11.0,2026-11-21 15:00:00+00:00,False,14.0,1.0,,,liverpool,manchester-united,fpl-core-insights,prem,1,0,0,0,5,181.0,1688.2023574276104,1.41,5,1.702,5,4.8,5,2.4,5,10.2,5,0.0,5,181.0,1686.5070372196753,2.1100000000000003,5,1.194,5,5.6,5,3.6,5,19.2,5,0.4,1.0223863997048255,1.0223863997048255,0.6897736227663469,0.7244026044005156,0.9493762032381273,0.7244026044005156,1
26-27-prem-manchester-city-vs-fulham,2026-2027,11.0,prem,11.0,2026-11-21 15:00:00+00:00,False,43.0,54.0,,,manchester-city,fulham,fpl-core-insights,prem,1,0,0,0,5,181.0,1775.6543946471888,1.8,5,1.5419999999999998,5,5.2,5,2.6,5,11.6,5,0.4,5,181.0,1587.607129818733,1.2559999999999998,5,1.336,5,4.0,5,1.2,5,18.2,5,0.4,1.2867977906407848,1.2867977906407848,1.076147274770879,0.3388978355555425,0.5917613385281815,0.3388978355555425,1
26-27-prem-newcastle-united-vs-arsenal,2026-2027,11.0,prem,11.0,2026-11-21 15:00:00+00:00,False,4.0,3.0,,,newcastle-united,arsenal,fpl-core-insights,prem,1,0,0,0,5,181.0,1603.4713488056666,1.536,5,1.1760000000000002,5,4.8,5,2.8,5,16.0,5,0.0,5,181.0,1823.57040825547,1.7419999999999998,5,0.738,5,5.4,5,3.4,5,10.6,5,0.8,0.8638808246119045,0.8638808246119045,0.4464485214340812,1.1043396985587306,1.31609115304012,1.1043396985587306,1
26-27-prem-tottenham-hotspur-vs-ipswich-town,2026-2027,11.0,prem,11.0,2026-11-21 15:00:00+00:00,False,6.0,40.0,,,tottenham,ipswich,fpl-core-insights,prem,1,0,0,0,5,181.0,1538.6877107771982,1.1199999999999999,5,0.68,5,3.0,5,2.6,5,21.6,5,0.4,5,545.0,1413.0000795638719,0.792,5,1.282,5,3.0,5,0.8,5,9.4,5,0.0,0.3629780127030897,0.3629780127030897,0.36323920364566314,-0.5078953295401891,-0.40961128998643453,-0.5078953295401891,1
26-27-prem-arsenal-vs-manchester-city,2026-2027,12.0,prem,12.0,2026-11-28 15:00:00+00:00,False,3.0,43.0,,,arsenal,manchester-city,fpl-core-insights,prem,1,0,0,0,5,188.0,1823.57040825547,1.7419999999999998,5,0.738,5,5.4,5,3.4,5,10.6,5,0.8,5,188.0,1775.6543946471888,1.8,5,1.5419999999999998,5,5.2,5,2.6,5,11.6,5,0.4,1.31609115304012,1.31609115304012,1.1043396985587306,1.076147274770879,1.2867977906407848,1.076147274770879,1
26-27-prem-brighton-hove-albion-vs-newcastle-united,2026-2027,12.0,prem,12.0,2026-11-28 15:00:00+00:00,False,36.0,4.0,,,brighton,newcastle-united,fpl-core-insights,prem,1,0,0,0,5,188.0,1618.7592408156834,1.828,5,1.214,5,5.8,5,3.2,5,12.6,5,0.4,5,188.0,1603.4713488056666,1.536,5,1.1760000000000002,5,4.8,5,2.8,5,16.0,5,0.0,0.7390513794566753,0.7390513794566753,0.6682954625515989,0.4464485214340812,0.8638808246119045,0.4464485214340812,1
26-27-prem-crystal-palace-vs-hull-city,2026-2027,12.0,prem,12.0,2026-11-28 15:00:00+00:00,False,31.0,88.0,,,crystal-palace,hull,fpl-core-insights,prem,1,0,0,0,5,188.0,1578.1328667938383,1.376,5,1.9140000000000001,5,3.8,5,2.4,5,20.2,5,0.0,5,3478.0416666666665,1443.2558310656646,,0,,0,2.8,5,,0,,0,0.4,0.46015062764588865,0.46015062764588865,0.3947012108766272,-0.5635403550480563,-0.32888836333920834,-0.5635403550480563,1
26-27-prem-everton-vs-liverpool,2026-2027,12.0,prem,12.0,2026-11-28 15:00:00+00:00,False,11.0,14.0,,,everton,liverpool,fpl-core-insights,prem,1,0,0,0,5,188.0,1576.453512872542,1.442,5,1.436,5,4.0,5,2.2,5,18.4,5,0.0,5,188.0,1688.2023574276104,1.41,5,1.702,5,4.8,5,2.4,5,10.2,5,0.0,0.5845989761815327,0.5845989761815327,0.34775349594809035,0.6897736227663469,1.0223863997048255,0.6897736227663469,1
26-27-prem-fulham-vs-afc-bournemouth,2026-2027,12.0,prem,12.0,2026-11-28 15:00:00+00:00,False,54.0,91.0,,,fulham,bournemouth,fpl-core-insights,prem,1,0,0,0,5,188.0,1587.607129818733,1.2559999999999998,5,1.336,5,4.0,5,1.2,5,18.2,5,0.4,5,188.0,1647.5336782667596,1.55,5,1.248,5,4.6,5,2.4,5,15.4,5,0.4,0.5917613385281815,0.5917613385281815,0.3388978355555425,0.532004204271549,0.7514267392178918,0.532004204271549,1
26-27-prem-ipswich-town-vs-aston-villa,2026-2027,12.0,prem,12.0,2026-11-28 15:00:00+00:00,False,40.0,7.0,,,ipswich,aston-villa,fpl-core-insights,prem,1,0,0,0,5,552.0,1413.0000795638719,0.792,5,1.282,5,3.0,5,0.8,5,9.4,5,0.0,5,188.0,1681.4482636699722,1.262,5,1.3459999999999999,5,4.6,5,2.8,5,16.8,5,0.0,-0.40961128998643453,-0.40961128998643453,-0.5078953295401891,0.5491489571462591,0.8530544022093206,0.5491489571462591,1
26-27-prem-leeds-united-vs-coventry-city,2026-2027,12.0,prem,12.0,2026-11-28 15:00:00+00:00,False,2.0,9.0,,,leeds,coventry,fpl-core-insights,prem,1,0,0,0,5,188.0,1552.895415176873,1.154,5,1.832,5,3.8,5,1.6,5,18.0,5,0.2,5,9324.041666666666,1439.89321746296,,0,,0,5.0,5,,0,,0,0.4,0.37285985557858325,0.37285985557858325,0.11978116450297566,-0.5105731481812256,-0.03397132322440578,-0.5105731481812256,1
26-27-prem-manchester-united-vs-brentford,2026-2027,12.0,prem,12.0,2026-11-28 15:00:00+00:00,False,1.0,94.0,,,manchester-united,brentford,fpl-core-insights,prem,1,0,0,0,5,188.0,1686.5070372196753,2.1100000000000003,5,1.194,5,5.6,5,3.6,5,19.2,5,0.4,5,188.0,1612.1033719773698,1.39,5,2.004,5,3.4,5,2.4,5,15.6,5,0.2,0.9493762032381273,0.9493762032381273,0.7244026044005156,0.5693559959520306,0.7358693811055607,0.5693559959520306,1
26-27-prem-nottingham-forest-vs-chelsea,2026-2027,12.0,prem,12.0,2026-11-28 15:00:00+00:00,False,17.0,8.0,,,nottingham-forest,chelsea,fpl-core-insights,prem,1,0,0,0,5,188.0,1574.4570649597424,1.5719999999999998,5,1.97,5,5.0,5,3.2,5,17.8,5,0.2,5,188.0,1612.1011779995458,0.908,5,1.5719999999999998,5,3.0,5,1.2,5,13.4,5,0.0,0.5769986780851356,0.5769986780851356,0.3765467333424707,0.6306439115626485,0.652849931302678,0.6306439115626485,1
26-27-prem-sunderland-vs-tottenham-hotspur,2026-2027,12.0,prem,12.0,2026-11-28 15:00:00+00:00,False,56.0,6.0,,,sunderland,tottenham,fpl-core-insights,prem,1,0,0,0,5,188.0,1548.9612074082618,1.042,5,1.074,5,3.8,5,1.4,5,12.8,5,0.2,5,188.0,1538.6877107771982,1.1199999999999999,5,0.68,5,3.0,5,2.6,5,21.6,5,0.4,0.28241494937088335,0.28241494937088335,-0.05342235135793143,0.36323920364566314,0.3629780127030897,0.36323920364566314,1
26-27-prem-afc-bournemouth-vs-brighton-hove-albion,2026-2027,13.0,prem,13.0,2026-12-02 20:00:00+00:00,False,91.0,36.0,,,bournemouth,brighton,fpl-core-insights,prem,1,0,0,0,5,192.20833333333334,1647.5336782667596,1.55,5,1.248,5,4.6,5,2.4,5,15.4,5,0.4,5,192.20833333333334,1618.7592408156834,1.828,5,1.214,5,5.8,5,3.2,5,12.6,5,0.4,0.7514267392178918,0.7514267392178918,0.532004204271549,0.6682954625515989,0.7390513794566753,0.6682954625515989,1
26-27-prem-aston-villa-vs-everton,2026-2027,13.0,prem,13.0,2026-12-02 20:00:00+00:00,False,7.0,11.0,,,aston-villa,everton,fpl-core-insights,prem,1,0,0,0,5,192.20833333333334,1681.4482636699722,1.262,5,1.3459999999999999,5,4.6,5,2.8,5,16.8,5,0.0,5,192.20833333333334,1576.453512872542,1.442,5,1.436,5,4.0,5,2.2,5,18.4,5,0.0,0.8530544022093206,0.8530544022093206,0.5491489571462591,0.34775349594809035,0.5845989761815327,0.34775349594809035,1
26-27-prem-brentford-vs-arsenal,2026-2027,13.0,prem,13.0,2026-12-02 20:00:00+00:00,False,94.0,3.0,,,brentford,arsenal,fpl-core-insights,prem,1,0,0,0,5,192.20833333333334,1612.1033719773698,1.39,5,2.004,5,3.4,5,2.4,5,15.6,5,0.2,5,192.20833333333334,1823.57040825547,1.7419999999999998,5,0.738,5,5.4,5,3.4,5,10.6,5,0.8,0.7358693811055607,0.7358693811055607,0.5693559959520306,1.1043396985587306,1.31609115304012,1.1043396985587306,1
26-27-prem-chelsea-vs-crystal-palace,2026-2027,13.0,prem,13.0,2026-12-02 20:00:00+00:00,False,8.0,31.0,,,chelsea,crystal-palace,fpl-core-insights,prem,1,0,0,0,5,192.20833333333334,1612.1011779995458,0.908,5,1.5719999999999998,5,3.0,5,1.2,5,13.4,5,0.0,5,192.20833333333334,1578.1328667938383,1.376,5,1.9140000000000001,5,3.8,5,2.4,5,20.2,5,0.0,0.652849931302678,0.652849931302678,0.6306439115626485,0.3947012108766272,0.46015062764588865,0.3947012108766272,1
26-27-prem-coventry-city-vs-ipswich-town,2026-2027,13.0,prem,13.0,2026-12-02 20:00:00+00:00,False,9.0,40.0,,,coventry,ipswich,fpl-core-insights,prem,1,0,0,0,5,9328.25,1439.89321746296,,0,,0,5.0,5,,0,,0,0.4,5,556.2083333333334,1413.0000795638719,0.792,5,1.282,5,3.0,5,0.8,5,9.4,5,0.0,-0.03397132322440578,-0.03397132322440578,-0.5105731481812256,-0.5078953295401891,-0.40961128998643453,-0.5078953295401891,1
26-27-prem-hull-city-vs-nottingham-forest,2026-2027,13.0,prem,13.0,2026-12-02 20:00:00+00:00,False,88.0,17.0,,,hull,nottingham-forest,fpl-core-insights,prem,1,0,0,0,5,3482.25,1443.2558310656646,,0,,0,2.8,5,,0,,0,0.4,5,192.20833333333334,1574.4570649597424,1.5719999999999998,5,1.97,5,5.0,5,3.2,5,17.8,5,0.2,-0.32888836333920834,-0.32888836333920834,-0.5635403550480563,0.3765467333424707,0.5769986780851356,0.3765467333424707,1
26-27-prem-liverpool-vs-sunderland,2026-2027,13.0,prem,13.0,2026-12-02 20:00:00+00:00,False,14.0,56.0,,,liverpool,sunderland,fpl-core-insights,prem,1,0,0,0,5,192.20833333333334,1688.2023574276104,1.41,5,1.702,5,4.8,5,2.4,5,10.2,5,0.0,5,192.20833333333334,1548.9612074082618,1.042,5,1.074,5,3.8,5,1.4,5,12.8,5,0.2,1.0223863997048255,1.0223863997048255,0.6897736227663469,-0.05342235135793143,0.28241494937088335,-0.05342235135793143,1
26-27-prem-manchester-city-vs-leeds-united,2026-2027,13.0,prem,13.0,2026-12-02 20:00:00+00:00,False,43.0,2.0,,,manchester-city,leeds,fpl-core-insights,prem,1,0,0,0,5,192.20833333333334,1775.6543946471888,1.8,5,1.5419999999999998,5,5.2,5,2.6,5,11.6,5,0.4,5,192.20833333333334,1552.895415176873,1.154,5,1.832,5,3.8,5,1.6,5,18.0,5,0.2,1.2867977906407848,1.2867977906407848,1.076147274770879,0.11978116450297566,0.37285985557858325,0.11978116450297566,1
26-27-prem-newcastle-united-vs-manchester-united,2026-2027,13.0,prem,13.0,2026-12-02 20:00:00+00:00,False,4.0,1.0,,,newcastle-united,manchester-united,fpl-core-insights,prem,1,0,0,0,5,192.20833333333334,1603.4713488056666,1.536,5,1.1760000000000002,5,4.8,5,2.8,5,16.0,5,0.0,5,192.20833333333334,1686.5070372196753,2.1100000000000003,5,1.194,5,5.6,5,3.6,5,19.2,5,0.4,0.8638808246119045,0.8638808246119045,0.4464485214340812,0.7244026044005156,0.9493762032381273,0.7244026044005156,1
26-27-prem-tottenham-hotspur-vs-fulham,2026-2027,13.0,prem,13.0,2026-12-02 20:00:00+00:00,False,6.0,54.0,,,tottenham,fulham,fpl-core-insights,prem,1,0,0,0,5,192.20833333333334,1538.6877107771982,1.1199999999999999,5,0.68,5,3.0,5,2.6,5,21.6,5,0.4,5,192.20833333333334,1587.607129818733,1.2559999999999998,5,1.336,5,4.0,5,1.2,5,18.2,5,0.4,0.3629780127030897,0.3629780127030897,0.36323920364566314,0.3388978355555425,0.5917613385281815,0.3388978355555425,1
26-27-prem-afc-bournemouth-vs-hull-city,2026-2027,14.0,prem,14.0,2026-12-05 15:00:00+00:00,False,91.0,88.0,,,bournemouth,hull,fpl-core-insights,prem,1,0,0,0,5,195.0,1647.5336782667596,1.55,5,1.248,5,4.6,5,2.4,5,15.4,5,0.4,5,3485.0416666666665,1443.2558310656646,,0,,0,2.8,5,,0,,0,0.4,0.7514267392178918,0.7514267392178918,0.532004204271549,-0.5635403550480563,-0.32888836333920834,-0.5635403550480563,1
26-27-prem-aston-villa-vs-crystal-palace,2026-2027,14.0,prem,14.0,2026-12-05 15:00:00+00:00,False,7.0,31.0,,,aston-villa,crystal-palace,fpl-core-insights,prem,1,0,0,0,5,195.0,1681.4482636699722,1.262,5,1.3459999999999999,5,4.6,5,2.8,5,16.8,5,0.0,5,195.0,1578.1328667938383,1.376,5,1.9140000000000001,5,3.8,5,2.4,5,20.2,5,0.0,0.8530544022093206,0.8530544022093206,0.5491489571462591,0.3947012108766272,0.46015062764588865,0.3947012108766272,1
26-27-prem-brentford-vs-manchester-city,2026-2027,14.0,prem,14.0,2026-12-05 15:00:00+00:00,False,94.0,43.0,,,brentford,manchester-city,fpl-core-insights,prem,1,0,0,0,5,195.0,1612.1033719773698,1.39,5,2.004,5,3.4,5,2.4,5,15.6,5,0.2,5,195.0,1775.6543946471888,1.8,5,1.5419999999999998,5,5.2,5,2.6,5,11.6,5,0.4,0.7358693811055607,0.7358693811055607,0.5693559959520306,1.076147274770879,1.2867977906407848,1.076147274770879,1
26-27-prem-chelsea-vs-liverpool,2026-2027,14.0,prem,14.0,2026-12-05 15:00:00+00:00,False,8.0,14.0,,,chelsea,liverpool,fpl-core-insights,prem,1,0,0,0,5,195.0,1612.1011779995458,0.908,5,1.5719999999999998,5,3.0,5,1.2,5,13.4,5,0.0,5,195.0,1688.2023574276104,1.41,5,1.702,5,4.8,5,2.4,5,10.2,5,0.0,0.652849931302678,0.652849931302678,0.6306439115626485,0.6897736227663469,1.0223863997048255,0.6897736227663469,1
26-27-prem-everton-vs-fulham,2026-2027,14.0,prem,14.0,2026-12-05 15:00:00+00:00,False,11.0,54.0,,,everton,fulham,fpl-core-insights,prem,1,0,0,0,5,195.0,1576.453512872542,1.442,5,1.436,5,4.0,5,2.2,5,18.4,5,0.0,5,195.0,1587.607129818733,1.2559999999999998,5,1.336,5,4.0,5,1.2,5,18.2,5,0.4,0.5845989761815327,0.5845989761815327,0.34775349594809035,0.3388978355555425,0.5917613385281815,0.3388978355555425,1
26-27-prem-leeds-united-vs-ipswich-town,2026-2027,14.0,prem,14.0,2026-12-05 15:00:00+00:00,False,2.0,40.0,,,leeds,ipswich,fpl-core-insights,prem,1,0,0,0,5,195.0,1552.895415176873,1.154,5,1.832,5,3.8,5,1.6,5,18.0,5,0.2,5,559.0,1413.0000795638719,0.792,5,1.282,5,3.0,5,0.8,5,9.4,5,0.0,0.37285985557858325,0.37285985557858325,0.11978116450297566,-0.5078953295401891,-0.40961128998643453,-0.5078953295401891,1
26-27-prem-manchester-united-vs-coventry-city,2026-2027,14.0,prem,14.0,2026-12-05 15:00:00+00:00,False,1.0,9.0,,,manchester-united,coventry,fpl-core-insights,prem,1,0,0,0,5,195.0,1686.5070372196753,2.1100000000000003,5,1.194,5,5.6,5,3.6,5,19.2,5,0.4,5,9331.041666666666,1439.89321746296,,0,,0,5.0,5,,0,,0,0.4,0.9493762032381273,0.9493762032381273,0.7244026044005156,-0.5105731481812256,-0.03397132322440578,-0.5105731481812256,1
26-27-prem-newcastle-united-vs-sunderland,2026-2027,14.0,prem,14.0,2026-12-05 15:00:00+00:00,False,4.0,56.0,,,newcastle-united,sunderland,fpl-core-insights,prem,1,0,0,0,5,195.0,1603.4713488056666,1.536,5,1.1760000000000002,5,4.8,5,2.8,5,16.0,5,0.0,5,195.0,1548.9612074082618,1.042,5,1.074,5,3.8,5,1.4,5,12.8,5,0.2,0.8638808246119045,0.8638808246119045,0.4464485214340812,-0.05342235135793143,0.28241494937088335,-0.05342235135793143,1
26-27-prem-nottingham-forest-vs-brighton-hove-albion,2026-2027,14.0,prem,14.0,2026-12-05 15:00:00+00:00,False,17.0,36.0,,,nottingham-forest,brighton,fpl-core-insights,prem,1,0,0,0,5,195.0,1574.4570649597424,1.5719999999999998,5,1.97,5,5.0,5,3.2,5,17.8,5,0.2,5,195.0,1618.7592408156834,1.828,5,1.214,5,5.8,5,3.2,5,12.6,5,0.4,0.5769986780851356,0.5769986780851356,0.3765467333424707,0.6682954625515989,0.7390513794566753,0.6682954625515989,1
26-27-prem-tottenham-hotspur-vs-arsenal,2026-2027,14.0,prem,14.0,2026-12-05 15:00:00+00:00,False,6.0,3.0,,,tottenham,arsenal,fpl-core-insights,prem,1,0,0,0,5,195.0,1538.6877107771982,1.1199999999999999,5,0.68,5,3.0,5,2.6,5,21.6,5,0.4,5,195.0,1823.57040825547,1.7419999999999998,5,0.738,5,5.4,5,3.4,5,10.6,5,0.8,0.3629780127030897,0.3629780127030897,0.36323920364566314,1.1043396985587306,1.31609115304012,1.1043396985587306,1
26-27-prem-arsenal-vs-afc-bournemouth,2026-2027,15.0,prem,15.0,2026-12-12 15:00:00+00:00,False,3.0,91.0,,,arsenal,bournemouth,fpl-core-insights,prem,1,0,0,0,5,202.0,1823.57040825547,1.7419999999999998,5,0.738,5,5.4,5,3.4,5,10.6,5,0.8,5,202.0,1647.5336782667596,1.55,5,1.248,5,4.6,5,2.4,5,15.4,5,0.4,1.31609115304012,1.31609115304012,1.1043396985587306,0.532004204271549,0.7514267392178918,0.532004204271549,1
26-27-prem-brighton-hove-albion-vs-everton,2026-2027,15.0,prem,15.0,2026-12-12 15:00:00+00:00,False,36.0,11.0,,,brighton,everton,fpl-core-insights,prem,1,0,0,0,5,202.0,1618.7592408156834,1.828,5,1.214,5,5.8,5,3.2,5,12.6,5,0.4,5,202.0,1576.453512872542,1.442,5,1.436,5,4.0,5,2.2,5,18.4,5,0.0,0.7390513794566753,0.7390513794566753,0.6682954625515989,0.34775349594809035,0.5845989761815327,0.34775349594809035,1
26-27-prem-coventry-city-vs-aston-villa,2026-2027,15.0,prem,15.0,2026-12-12 15:00:00+00:00,False,9.0,7.0,,,coventry,aston-villa,fpl-core-insights,prem,1,0,0,0,5,9338.041666666666,1439.89321746296,,0,,0,5.0,5,,0,,0,0.4,5,202.0,1681.4482636699722,1.262,5,1.3459999999999999,5,4.6,5,2.8,5,16.8,5,0.0,-0.03397132322440578,-0.03397132322440578,-0.5105731481812256,0.5491489571462591,0.8530544022093206,0.5491489571462591,1
26-27-prem-crystal-palace-vs-manchester-united,2026-2027,15.0,prem,15.0,2026-12-12 15:00:00+00:00,False,31.0,1.0,,,crystal-palace,manchester-united,fpl-core-insights,prem,1,0,0,0,5,202.0,1578.1328667938383,1.376,5,1.9140000000000001,5,3.8,5,2.4,5,20.2,5,0.0,5,202.0,1686.5070372196753,2.1100000000000003,5,1.194,5,5.6,5,3.6,5,19.2,5,0.4,0.46015062764588865,0.46015062764588865,0.3947012108766272,0.7244026044005156,0.9493762032381273,0.7244026044005156,1
26-27-prem-fulham-vs-brentford,2026-2027,15.0,prem,15.0,2026-12-12 15:00:00+00:00,False,54.0,94.0,,,fulham,brentford,fpl-core-insights,prem,1,0,0,0,5,202.0,1587.607129818733,1.2559999999999998,5,1.336,5,4.0,5,1.2,5,18.2,5,0.4,5,202.0,1612.1033719773698,1.39,5,2.004,5,3.4,5,2.4,5,15.6,5,0.2,0.5917613385281815,0.5917613385281815,0.3388978355555425,0.5693559959520306,0.7358693811055607,0.5693559959520306,1
26-27-prem-hull-city-vs-tottenham-hotspur,2026-2027,15.0,prem,15.0,2026-12-12 15:00:00+00:00,False,88.0,6.0,,,hull,tottenham,fpl-core-insights,prem,1,0,0,0,5,3492.0416666666665,1443.2558310656646,,0,,0,2.8,5,,0,,0,0.4,5,202.0,1538.6877107771982,1.1199999999999999,5,0.68,5,3.0,5,2.6,5,21.6,5,0.4,-0.32888836333920834,-0.32888836333920834,-0.5635403550480563,0.36323920364566314,0.3629780127030897,0.36323920364566314,1
26-27-prem-ipswich-town-vs-newcastle-united,2026-2027,15.0,prem,15.0,2026-12-12 15:00:00+00:00,False,40.0,4.0,,,ipswich,newcastle-united,fpl-core-insights,prem,1,0,0,0,5,566.0,1413.0000795638719,0.792,5,1.282,5,3.0,5,0.8,5,9.4,5,0.0,5,202.0,1603.4713488056666,1.536,5,1.1760000000000002,5,4.8,5,2.8,5,16.0,5,0.0,-0.40961128998643453,-0.40961128998643453,-0.5078953295401891,0.4464485214340812,0.8638808246119045,0.4464485214340812,1
26-27-prem-liverpool-vs-leeds-united,2026-2027,15.0,prem,15.0,2026-12-12 15:00:00+00:00,False,14.0,2.0,,,liverpool,leeds,fpl-core-insights,prem,1,0,0,0,5,202.0,1688.2023574276104,1.41,5,1.702,5,4.8,5,2.4,5,10.2,5,0.0,5,202.0,1552.895415176873,1.154,5,1.832,5,3.8,5,1.6,5,18.0,5,0.2,1.0223863997048255,1.0223863997048255,0.6897736227663469,0.11978116450297566,0.37285985557858325,0.11978116450297566,1
26-27-prem-manchester-city-vs-chelsea,2026-2027,15.0,prem,15.0,2026-12-12 15:00:00+00:00,False,43.0,8.0,,,manchester-city,chelsea,fpl-core-insights,prem,1,0,0,0,5,202.0,1775.6543946471888,1.8,5,1.5419999999999998,5,5.2,5,2.6,5,11.6,5,0.4,5,202.0,1612.1011779995458,0.908,5,1.5719999999999998,5,3.0,5,1.2,5,13.4,5,0.0,1.2867977906407848,1.2867977906407848,1.076147274770879,0.6306439115626485,0.652849931302678,0.6306439115626485,1
26-27-prem-sunderland-vs-nottingham-forest,2026-2027,15.0,prem,15.0,2026-12-12 15:00:00+00:00,False,56.0,17.0,,,sunderland,nottingham-forest,fpl-core-insights,prem,1,0,0,0,5,202.0,1548.9612074082618,1.042,5,1.074,5,3.8,5,1.4,5,12.8,5,0.2,5,202.0,1574.4570649597424,1.5719999999999998,5,1.97,5,5.0,5,3.2,5,17.8,5,0.2,0.28241494937088335,0.28241494937088335,-0.05342235135793143,0.3765467333424707,0.5769986780851356,0.3765467333424707,1
26-27-prem-afc-bournemouth-vs-coventry-city,2026-2027,16.0,prem,16.0,2026-12-19 15:00:00+00:00,False,91.0,9.0,,,bournemouth,coventry,fpl-core-insights,prem,1,0,0,0,5,209.0,1647.5336782667596,1.55,5,1.248,5,4.6,5,2.4,5,15.4,5,0.4,5,9345.041666666666,1439.89321746296,,0,,0,5.0,5,,0,,0,0.4,0.7514267392178918,0.7514267392178918,0.532004204271549,-0.5105731481812256,-0.03397132322440578,-0.5105731481812256,1
26-27-prem-arsenal-vs-manchester-united,2026-2027,16.0,prem,16.0,2026-12-19 15:00:00+00:00,False,3.0,1.0,,,arsenal,manchester-united,fpl-core-insights,prem,1,0,0,0,5,209.0,1823.57040825547,1.7419999999999998,5,0.738,5,5.4,5,3.4,5,10.6,5,0.8,5,209.0,1686.5070372196753,2.1100000000000003,5,1.194,5,5.6,5,3.6,5,19.2,5,0.4,1.31609115304012,1.31609115304012,1.1043396985587306,0.7244026044005156,0.9493762032381273,0.7244026044005156,1
26-27-prem-brentford-vs-newcastle-united,2026-2027,16.0,prem,16.0,2026-12-19 15:00:00+00:00,False,94.0,4.0,,,brentford,newcastle-united,fpl-core-insights,prem,1,0,0,0,5,209.0,1612.1033719773698,1.39,5,2.004,5,3.4,5,2.4,5,15.6,5,0.2,5,209.0,1603.4713488056666,1.536,5,1.1760000000000002,5,4.8,5,2.8,5,16.0,5,0.0,0.7358693811055607,0.7358693811055607,0.5693559959520306,0.4464485214340812,0.8638808246119045,0.4464485214340812,1
26-27-prem-brighton-hove-albion-vs-ipswich-town,2026-2027,16.0,prem,16.0,2026-12-19 15:00:00+00:00,False,36.0,40.0,,,brighton,ipswich,fpl-core-insights,prem,1,0,0,0,5,209.0,1618.7592408156834,1.828,5,1.214,5,5.8,5,3.2,5,12.6,5,0.4,5,573.0,1413.0000795638719,0.792,5,1.282,5,3.0,5,0.8,5,9.4,5,0.0,0.7390513794566753,0.7390513794566753,0.6682954625515989,-0.5078953295401891,-0.40961128998643453,-0.5078953295401891,1
26-27-prem-chelsea-vs-aston-villa,2026-2027,16.0,prem,16.0,2026-12-19 15:00:00+00:00,False,8.0,7.0,,,chelsea,aston-villa,fpl-core-insights,prem,1,0,0,0,5,209.0,1612.1011779995458,0.908,5,1.5719999999999998,5,3.0,5,1.2,5,13.4,5,0.0,5,209.0,1681.4482636699722,1.262,5,1.3459999999999999,5,4.6,5,2.8,5,16.8,5,0.0,0.652849931302678,0.652849931302678,0.6306439115626485,0.5491489571462591,0.8530544022093206,0.5491489571462591,1
26-27-prem-leeds-united-vs-fulham,2026-2027,16.0,prem,16.0,2026-12-19 15:00:00+00:00,False,2.0,54.0,,,leeds,fulham,fpl-core-insights,prem,1,0,0,0,5,209.0,1552.895415176873,1.154,5,1.832,5,3.8,5,1.6,5,18.0,5,0.2,5,209.0,1587.607129818733,1.2559999999999998,5,1.336,5,4.0,5,1.2,5,18.2,5,0.4,0.37285985557858325,0.37285985557858325,0.11978116450297566,0.3388978355555425,0.5917613385281815,0.3388978355555425,1
26-27-prem-liverpool-vs-tottenham-hotspur,2026-2027,16.0,prem,16.0,2026-12-19 15:00:00+00:00,False,14.0,6.0,,,liverpool,tottenham,fpl-core-insights,prem,1,0,0,0,5,209.0,1688.2023574276104,1.41,5,1.702,5,4.8,5,2.4,5,10.2,5,0.0,5,209.0,1538.6877107771982,1.1199999999999999,5,0.68,5,3.0,5,2.6,5,21.6,5,0.4,1.0223863997048255,1.0223863997048255,0.6897736227663469,0.36323920364566314,0.3629780127030897,0.36323920364566314,1
26-27-prem-manchester-city-vs-hull-city,2026-2027,16.0,prem,16.0,2026-12-19 15:00:00+00:00,False,43.0,88.0,,,manchester-city,hull,fpl-core-insights,prem,1,0,0,0,5,209.0,1775.6543946471888,1.8,5,1.5419999999999998,5,5.2,5,2.6,5,11.6,5,0.4,5,3499.0416666666665,1443.2558310656646,,0,,0,2.8,5,,0,,0,0.4,1.2867977906407848,1.2867977906407848,1.076147274770879,-0.5635403550480563,-0.32888836333920834,-0.5635403550480563,1
26-27-prem-nottingham-forest-vs-everton,2026-2027,16.0,prem,16.0,2026-12-19 15:00:00+00:00,False,17.0,11.0,,,nottingham-forest,everton,fpl-core-insights,prem,1,0,0,0,5,209.0,1574.4570649597424,1.5719999999999998,5,1.97,5,5.0,5,3.2,5,17.8,5,0.2,5,209.0,1576.453512872542,1.442,5,1.436,5,4.0,5,2.2,5,18.4,5,0.0,0.5769986780851356,0.5769986780851356,0.3765467333424707,0.34775349594809035,0.5845989761815327,0.34775349594809035,1
26-27-prem-sunderland-vs-crystal-palace,2026-2027,16.0,prem,16.0,2026-12-19 15:00:00+00:00,False,56.0,31.0,,,sunderland,crystal-palace,fpl-core-insights,prem,1,0,0,0,5,209.0,1548.9612074082618,1.042,5,1.074,5,3.8,5,1.4,5,12.8,5,0.2,5,209.0,1578.1328667938383,1.376,5,1.9140000000000001,5,3.8,5,2.4,5,20.2,5,0.0,0.28241494937088335,0.28241494937088335,-0.05342235135793143,0.3947012108766272,0.46015062764588865,0.3947012108766272,1
26-27-prem-aston-villa-vs-leeds-united,2026-2027,17.0,prem,17.0,2026-12-26 15:00:00+00:00,False,7.0,2.0,,,aston-villa,leeds,fpl-core-insights,prem,1,0,0,0,5,216.0,1681.4482636699722,1.262,5,1.3459999999999999,5,4.6,5,2.8,5,16.8,5,0.0,5,216.0,1552.895415176873,1.154,5,1.832,5,3.8,5,1.6,5,18.0,5,0.2,0.8530544022093206,0.8530544022093206,0.5491489571462591,0.11978116450297566,0.37285985557858325,0.11978116450297566,1
26-27-prem-coventry-city-vs-chelsea,2026-2027,17.0,prem,17.0,2026-12-26 15:00:00+00:00,False,9.0,8.0,,,coventry,chelsea,fpl-core-insights,prem,1,0,0,0,5,9352.041666666666,1439.89321746296,,0,,0,5.0,5,,0,,0,0.4,5,216.0,1612.1011779995458,0.908,5,1.5719999999999998,5,3.0,5,1.2,5,13.4,5,0.0,-0.03397132322440578,-0.03397132322440578,-0.5105731481812256,0.6306439115626485,0.652849931302678,0.6306439115626485,1
26-27-prem-crystal-palace-vs-arsenal,2026-2027,17.0,prem,17.0,2026-12-26 15:00:00+00:00,False,31.0,3.0,,,crystal-palace,arsenal,fpl-core-insights,prem,1,0,0,0,5,216.0,1578.1328667938383,1.376,5,1.9140000000000001,5,3.8,5,2.4,5,20.2,5,0.0,5,216.0,1823.57040825547,1.7419999999999998,5,0.738,5,5.4,5,3.4,5,10.6,5,0.8,0.46015062764588865,0.46015062764588865,0.3947012108766272,1.1043396985587306,1.31609115304012,1.1043396985587306,1
26-27-prem-everton-vs-sunderland,2026-2027,17.0,prem,17.0,2026-12-26 15:00:00+00:00,False,11.0,56.0,,,everton,sunderland,fpl-core-insights,prem,1,0,0,0,5,216.0,1576.453512872542,1.442,5,1.436,5,4.0,5,2.2,5,18.4,5,0.0,5,216.0,1548.9612074082618,1.042,5,1.074,5,3.8,5,1.4,5,12.8,5,0.2,0.5845989761815327,0.5845989761815327,0.34775349594809035,-0.05342235135793143,0.28241494937088335,-0.05342235135793143,1
26-27-prem-fulham-vs-brighton-hove-albion,2026-2027,17.0,prem,17.0,2026-12-26 15:00:00+00:00,False,54.0,36.0,,,fulham,brighton,fpl-core-insights,prem,1,0,0,0,5,216.0,1587.607129818733,1.2559999999999998,5,1.336,5,4.0,5,1.2,5,18.2,5,0.4,5,216.0,1618.7592408156834,1.828,5,1.214,5,5.8,5,3.2,5,12.6,5,0.4,0.5917613385281815,0.5917613385281815,0.3388978355555425,0.6682954625515989,0.7390513794566753,0.6682954625515989,1
26-27-prem-hull-city-vs-liverpool,2026-2027,17.0,prem,17.0,2026-12-26 15:00:00+00:00,False,88.0,14.0,,,hull,liverpool,fpl-core-insights,prem,1,0,0,0,5,3506.0416666666665,1443.2558310656646,,0,,0,2.8,5,,0,,0,0.4,5,216.0,1688.2023574276104,1.41,5,1.702,5,4.8,5,2.4,5,10.2,5,0.0,-0.32888836333920834,-0.32888836333920834,-0.5635403550480563,0.6897736227663469,1.0223863997048255,0.6897736227663469,1
26-27-prem-ipswich-town-vs-brentford,2026-2027,17.0,prem,17.0,2026-12-26 15:00:00+00:00,False,40.0,94.0,,,ipswich,brentford,fpl-core-insights,prem,1,0,0,0,5,580.0,1413.0000795638719,0.792,5,1.282,5,3.0,5,0.8,5,9.4,5,0.0,5,216.0,1612.1033719773698,1.39,5,2.004,5,3.4,5,2.4,5,15.6,5,0.2,-0.40961128998643453,-0.40961128998643453,-0.5078953295401891,0.5693559959520306,0.7358693811055607,0.5693559959520306,1
26-27-prem-manchester-united-vs-nottingham-forest,2026-2027,17.0,prem,17.0,2026-12-26 15:00:00+00:00,False,1.0,17.0,,,manchester-united,nottingham-forest,fpl-core-insights,prem,1,0,0,0,5,216.0,1686.5070372196753,2.1100000000000003,5,1.194,5,5.6,5,3.6,5,19.2,5,0.4,5,216.0,1574.4570649597424,1.5719999999999998,5,1.97,5,5.0,5,3.2,5,17.8,5,0.2,0.9493762032381273,0.9493762032381273,0.7244026044005156,0.3765467333424707,0.5769986780851356,0.3765467333424707,1
26-27-prem-newcastle-united-vs-manchester-city,2026-2027,17.0,prem,17.0,2026-12-26 15:00:00+00:00,False,4.0,43.0,,,newcastle-united,manchester-city,fpl-core-insights,prem,1,0,0,0,5,216.0,1603.4713488056666,1.536,5,1.1760000000000002,5,4.8,5,2.8,5,16.0,5,0.0,5,216.0,1775.6543946471888,1.8,5,1.5419999999999998,5,5.2,5,2.6,5,11.6,5,0.4,0.8638808246119045,0.8638808246119045,0.4464485214340812,1.076147274770879,1.2867977906407848,1.076147274770879,1
26-27-prem-tottenham-hotspur-vs-afc-bournemouth,2026-2027,17.0,prem,17.0,2026-12-26 15:00:00+00:00,False,6.0,91.0,,,tottenham,bournemouth,fpl-core-insights,prem,1,0,0,0,5,216.0,1538.6877107771982,1.1199999999999999,5,0.68,5,3.0,5,2.6,5,21.6,5,0.4,5,216.0,1647.5336782667596,1.55,5,1.248,5,4.6,5,2.4,5,15.4,5,0.4,0.3629780127030897,0.3629780127030897,0.36323920364566314,0.532004204271549,0.7514267392178918,0.532004204271549,1
26-27-prem-aston-villa-vs-liverpool,2026-2027,18.0,prem,18.0,2026-12-30 20:00:00+00:00,False,7.0,14.0,,,aston-villa,liverpool,fpl-core-insights,prem,1,0,0,0,5,220.20833333333334,1681.4482636699722,1.262,5,1.3459999999999999,5,4.6,5,2.8,5,16.8,5,0.0,5,220.20833333333334,1688.2023574276104,1.41,5,1.702,5,4.8,5,2.4,5,10.2,5,0.0,0.8530544022093206,0.8530544022093206,0.5491489571462591,0.6897736227663469,1.0223863997048255,0.6897736227663469,1
26-27-prem-coventry-city-vs-brentford,2026-2027,18.0,prem,18.0,2026-12-30 20:00:00+00:00,False,9.0,94.0,,,coventry,brentford,fpl-core-insights,prem,1,0,0,0,5,9356.25,1439.89321746296,,0,,0,5.0,5,,0,,0,0.4,5,220.20833333333334,1612.1033719773698,1.39,5,2.004,5,3.4,5,2.4,5,15.6,5,0.2,-0.03397132322440578,-0.03397132322440578,-0.5105731481812256,0.5693559959520306,0.7358693811055607,0.5693559959520306,1
26-27-prem-crystal-palace-vs-afc-bournemouth,2026-2027,18.0,prem,18.0,2026-12-30 20:00:00+00:00,False,31.0,91.0,,,crystal-palace,bournemouth,fpl-core-insights,prem,1,0,0,0,5,220.20833333333334,1578.1328667938383,1.376,5,1.9140000000000001,5,3.8,5,2.4,5,20.2,5,0.0,5,220.20833333333334,1647.5336782667596,1.55,5,1.248,5,4.6,5,2.4,5,15.4,5,0.4,0.46015062764588865,0.46015062764588865,0.3947012108766272,0.532004204271549,0.7514267392178918,0.532004204271549,1
26-27-prem-everton-vs-manchester-city,2026-2027,18.0,prem,18.0,2026-12-30 20:00:00+00:00,False,11.0,43.0,,,everton,manchester-city,fpl-core-insights,prem,1,0,0,0,5,220.20833333333334,1576.453512872542,1.442,5,1.436,5,4.0,5,2.2,5,18.4,5,0.0,5,220.20833333333334,1775.6543946471888,1.8,5,1.5419999999999998,5,5.2,5,2.6,5,11.6,5,0.4,0.5845989761815327,0.5845989761815327,0.34775349594809035,1.076147274770879,1.2867977906407848,1.076147274770879,1
26-27-prem-fulham-vs-arsenal,2026-2027,18.0,prem,18.0,2026-12-30 20:00:00+00:00,False,54.0,3.0,,,fulham,arsenal,fpl-core-insights,prem,1,0,0,0,5,220.20833333333334,1587.607129818733,1.2559999999999998,5,1.336,5,4.0,5,1.2,5,18.2,5,0.4,5,220.20833333333334,1823.57040825547,1.7419999999999998,5,0.738,5,5.4,5,3.4,5,10.6,5,0.8,0.5917613385281815,0.5917613385281815,0.3388978355555425,1.1043396985587306,1.31609115304012,1.1043396985587306,1
26-27-prem-hull-city-vs-leeds-united,2026-2027,18.0,prem,18.0,2026-12-30 20:00:00+00:00,False,88.0,2.0,,,hull,leeds,fpl-core-insights,prem,1,0,0,0,5,3510.25,1443.2558310656646,,0,,0,2.8,5,,0,,0,0.4,5,220.20833333333334,1552.895415176873,1.154,5,1.832,5,3.8,5,1.6,5,18.0,5,0.2,-0.32888836333920834,-0.32888836333920834,-0.5635403550480563,0.11978116450297566,0.37285985557858325,0.11978116450297566,1
26-27-prem-ipswich-town-vs-chelsea,2026-2027,18.0,prem,18.0,2026-12-30 20:00:00+00:00,False,40.0,8.0,,,ipswich,chelsea,fpl-core-insights,prem,1,0,0,0,5,584.2083333333334,1413.0000795638719,0.792,5,1.282,5,3.0,5,0.8,5,9.4,5,0.0,5,220.20833333333334,1612.1011779995458,0.908,5,1.5719999999999998,5,3.0,5,1.2,5,13.4,5,0.0,-0.40961128998643453,-0.40961128998643453,-0.5078953295401891,0.6306439115626485,0.652849931302678,0.6306439115626485,1
26-27-prem-manchester-united-vs-sunderland,2026-2027,18.0,prem,18.0,2026-12-30 20:00:00+00:00,False,1.0,56.0,,,manchester-united,sunderland,fpl-core-insights,prem,1,0,0,0,5,220.20833333333334,1686.5070372196753,2.1100000000000003,5,1.194,5,5.6,5,3.6,5,19.2,5,0.4,5,220.20833333333334,1548.9612074082618,1.042,5,1.074,5,3.8,5,1.4,5,12.8,5,0.2,0.9493762032381273,0.9493762032381273,0.7244026044005156,-0.05342235135793143,0.28241494937088335,-0.05342235135793143,1
26-27-prem-newcastle-united-vs-nottingham-forest,2026-2027,18.0,prem,18.0,2026-12-30 20:00:00+00:00,False,4.0,17.0,,,newcastle-united,nottingham-forest,fpl-core-insights,prem,1,0,0,0,5,220.20833333333334,1603.4713488056666,1.536,5,1.1760000000000002,5,4.8,5,2.8,5,16.0,5,0.0,5,220.20833333333334,1574.4570649597424,1.5719999999999998,5,1.97,5,5.0,5,3.2,5,17.8,5,0.2,0.8638808246119045,0.8638808246119045,0.4464485214340812,0.3765467333424707,0.5769986780851356,0.3765467333424707,1
26-27-prem-tottenham-hotspur-vs-brighton-hove-albion,2026-2027,18.0,prem,18.0,2026-12-30 20:00:00+00:00,False,6.0,36.0,,,tottenham,brighton,fpl-core-insights,prem,1,0,0,0,5,220.20833333333334,1538.6877107771982,1.1199999999999999,5,0.68,5,3.0,5,2.6,5,21.6,5,0.4,5,220.20833333333334,1618.7592408156834,1.828,5,1.214,5,5.8,5,3.2,5,12.6,5,0.4,0.3629780127030897,0.3629780127030897,0.36323920364566314,0.6682954625515989,0.7390513794566753,0.6682954625515989,1
26-27-prem-afc-bournemouth-vs-aston-villa,2026-2027,19.0,prem,19.0,2027-01-02 15:00:00+00:00,False,91.0,7.0,,,bournemouth,aston-villa,fpl-core-insights,prem,1,0,0,0,5,223.0,1647.5336782667596,1.55,5,1.248,5,4.6,5,2.4,5,15.4,5,0.4,5,223.0,1681.4482636699722,1.262,5,1.3459999999999999,5,4.6,5,2.8,5,16.8,5,0.0,0.7514267392178918,0.7514267392178918,0.532004204271549,0.5491489571462591,0.8530544022093206,0.5491489571462591,1
26-27-prem-arsenal-vs-ipswich-town,2026-2027,19.0,prem,19.0,2027-01-02 15:00:00+00:00,False,3.0,40.0,,,arsenal,ipswich,fpl-core-insights,prem,1,0,0,0,5,223.0,1823.57040825547,1.7419999999999998,5,0.738,5,5.4,5,3.4,5,10.6,5,0.8,5,587.0,1413.0000795638719,0.792,5,1.282,5,3.0,5,0.8,5,9.4,5,0.0,1.31609115304012,1.31609115304012,1.1043396985587306,-0.5078953295401891,-0.40961128998643453,-0.5078953295401891,1
26-27-prem-brentford-vs-crystal-palace,2026-2027,19.0,prem,19.0,2027-01-02 15:00:00+00:00,False,94.0,31.0,,,brentford,crystal-palace,fpl-core-insights,prem,1,0,0,0,5,223.0,1612.1033719773698,1.39,5,2.004,5,3.4,5,2.4,5,15.6,5,0.2,5,223.0,1578.1328667938383,1.376,5,1.9140000000000001,5,3.8,5,2.4,5,20.2,5,0.0,0.7358693811055607,0.7358693811055607,0.5693559959520306,0.3947012108766272,0.46015062764588865,0.3947012108766272,1
26-27-prem-brighton-hove-albion-vs-manchester-united,2026-2027,19.0,prem,19.0,2027-01-02 15:00:00+00:00,False,36.0,1.0,,,brighton,manchester-united,fpl-core-insights,prem,1,0,0,0,5,223.0,1618.7592408156834,1.828,5,1.214,5,5.8,5,3.2,5,12.6,5,0.4,5,223.0,1686.5070372196753,2.1100000000000003,5,1.194,5,5.6,5,3.6,5,19.2,5,0.4,0.7390513794566753,0.7390513794566753,0.6682954625515989,0.7244026044005156,0.9493762032381273,0.7244026044005156,1
26-27-prem-chelsea-vs-newcastle-united,2026-2027,19.0,prem,19.0,2027-01-02 15:00:00+00:00,False,8.0,4.0,,,chelsea,newcastle-united,fpl-core-insights,prem,1,0,0,0,5,223.0,1612.1011779995458,0.908,5,1.5719999999999998,5,3.0,5,1.2,5,13.4,5,0.0,5,223.0,1603.4713488056666,1.536,5,1.1760000000000002,5,4.8,5,2.8,5,16.0,5,0.0,0.652849931302678,0.652849931302678,0.6306439115626485,0.4464485214340812,0.8638808246119045,0.4464485214340812,1
26-27-prem-leeds-united-vs-everton,2026-2027,19.0,prem,19.0,2027-01-02 15:00:00+00:00,False,2.0,11.0,,,leeds,everton,fpl-core-insights,prem,1,0,0,0,5,223.0,1552.895415176873,1.154,5,1.832,5,3.8,5,1.6,5,18.0,5,0.2,5,223.0,1576.453512872542,1.442,5,1.436,5,4.0,5,2.2,5,18.4,5,0.0,0.37285985557858325,0.37285985557858325,0.11978116450297566,0.34775349594809035,0.5845989761815327,0.34775349594809035,1
26-27-prem-liverpool-vs-coventry-city,2026-2027,19.0,prem,19.0,2027-01-02 15:00:00+00:00,False,14.0,9.0,,,liverpool,coventry,fpl-core-insights,prem,1,0,0,0,5,223.0,1688.2023574276104,1.41,5,1.702,5,4.8,5,2.4,5,10.2,5,0.0,5,9359.041666666666,1439.89321746296,,0,,0,5.0,5,,0,,0,0.4,1.0223863997048255,1.0223863997048255,0.6897736227663469,-0.5105731481812256,-0.03397132322440578,-0.5105731481812256,1
26-27-prem-manchester-city-vs-tottenham-hotspur,2026-2027,19.0,prem,19.0,2027-01-02 15:00:00+00:00,False,43.0,6.0,,,manchester-city,tottenham,fpl-core-insights,prem,1,0,0,0,5,223.0,1775.6543946471888,1.8,5,1.5419999999999998,5,5.2,5,2.6,5,11.6,5,0.4,5,223.0,1538.6877107771982,1.1199999999999999,5,0.68,5,3.0,5,2.6,5,21.6,5,0.4,1.2867977906407848,1.2867977906407848,1.076147274770879,0.36323920364566314,0.3629780127030897,0.36323920364566314,1
26-27-prem-nottingham-forest-vs-fulham,2026-2027,19.0,prem,19.0,2027-01-02 15:00:00+00:00,False,17.0,54.0,,,nottingham-forest,fulham,fpl-core-insights,prem,1,0,0,0,5,223.0,1574.4570649597424,1.5719999999999998,5,1.97,5,5.0,5,3.2,5,17.8,5,0.2,5,223.0,1587.607129818733,1.2559999999999998,5,1.336,5,4.0,5,1.2,5,18.2,5,0.4,0.5769986780851356,0.5769986780851356,0.3765467333424707,0.3388978355555425,0.5917613385281815,0.3388978355555425,1
26-27-prem-sunderland-vs-hull-city,2026-2027,19.0,prem,19.0,2027-01-02 15:00:00+00:00,False,56.0,88.0,,,sunderland,hull,fpl-core-insights,prem,1,0,0,0,5,223.0,1548.9612074082618,1.042,5,1.074,5,3.8,5,1.4,5,12.8,5,0.2,5,3513.0416666666665,1443.2558310656646,,0,,0,2.8,5,,0,,0,0.4,0.28241494937088335,0.28241494937088335,-0.05342235135793143,-0.5635403550480563,-0.32888836333920834,-0.5635403550480563,1
26-27-prem-arsenal-vs-brentford,2026-2027,20.0,prem,20.0,2027-01-06 20:00:00+00:00,False,3.0,94.0,,,arsenal,brentford,fpl-core-insights,prem,1,0,0,0,5,227.20833333333334,1823.57040825547,1.7419999999999998,5,0.738,5,5.4,5,3.4,5,10.6,5,0.8,5,227.20833333333334,1612.1033719773698,1.39,5,2.004,5,3.4,5,2.4,5,15.6,5,0.2,1.31609115304012,1.31609115304012,1.1043396985587306,0.5693559959520306,0.7358693811055607,0.5693559959520306,1
26-27-prem-brighton-hove-albion-vs-afc-bournemouth,2026-2027,20.0,prem,20.0,2027-01-06 20:00:00+00:00,False,36.0,91.0,,,brighton,bournemouth,fpl-core-insights,prem,1,0,0,0,5,227.20833333333334,1618.7592408156834,1.828,5,1.214,5,5.8,5,3.2,5,12.6,5,0.4,5,227.20833333333334,1647.5336782667596,1.55,5,1.248,5,4.6,5,2.4,5,15.4,5,0.4,0.7390513794566753,0.7390513794566753,0.6682954625515989,0.532004204271549,0.7514267392178918,0.532004204271549,1
26-27-prem-crystal-palace-vs-chelsea,2026-2027,20.0,prem,20.0,2027-01-06 20:00:00+00:00,False,31.0,8.0,,,crystal-palace,chelsea,fpl-core-insights,prem,1,0,0,0,5,227.20833333333334,1578.1328667938383,1.376,5,1.9140000000000001,5,3.8,5,2.4,5,20.2,5,0.0,5,227.20833333333334,1612.1011779995458,0.908,5,1.5719999999999998,5,3.0,5,1.2,5,13.4,5,0.0,0.46015062764588865,0.46015062764588865,0.3947012108766272,0.6306439115626485,0.652849931302678,0.6306439115626485,1
26-27-prem-everton-vs-aston-villa,2026-2027,20.0,prem,20.0,2027-01-06 20:00:00+00:00,False,11.0,7.0,,,everton,aston-villa,fpl-core-insights,prem,1,0,0,0,5,227.20833333333334,1576.453512872542,1.442,5,1.436,5,4.0,5,2.2,5,18.4,5,0.0,5,227.20833333333334,1681.4482636699722,1.262,5,1.3459999999999999,5,4.6,5,2.8,5,16.8,5,0.0,0.5845989761815327,0.5845989761815327,0.34775349594809035,0.5491489571462591,0.8530544022093206,0.5491489571462591,1
26-27-prem-fulham-vs-tottenham-hotspur,2026-2027,20.0,prem,20.0,2027-01-06 20:00:00+00:00,False,54.0,6.0,,,fulham,tottenham,fpl-core-insights,prem,1,0,0,0,5,227.20833333333334,1587.607129818733,1.2559999999999998,5,1.336,5,4.0,5,1.2,5,18.2,5,0.4,5,227.20833333333334,1538.6877107771982,1.1199999999999999,5,0.68,5,3.0,5,2.6,5,21.6,5,0.4,0.5917613385281815,0.5917613385281815,0.3388978355555425,0.36323920364566314,0.3629780127030897,0.36323920364566314,1
26-27-prem-ipswich-town-vs-coventry-city,2026-2027,20.0,prem,20.0,2027-01-06 20:00:00+00:00,False,40.0,9.0,,,ipswich,coventry,fpl-core-insights,prem,1,0,0,0,5,591.2083333333334,1413.0000795638719,0.792,5,1.282,5,3.0,5,0.8,5,9.4,5,0.0,5,9363.25,1439.89321746296,,0,,0,5.0,5,,0,,0,0.4,-0.40961128998643453,-0.40961128998643453,-0.5078953295401891,-0.5105731481812256,-0.03397132322440578,-0.5105731481812256,1
26-27-prem-leeds-united-vs-manchester-city,2026-2027,20.0,prem,20.0,2027-01-06 20:00:00+00:00,False,2.0,43.0,,,leeds,manchester-city,fpl-core-insights,prem,1,0,0,0,5,227.20833333333334,1552.895415176873,1.154,5,1.832,5,3.8,5,1.6,5,18.0,5,0.2,5,227.20833333333334,1775.6543946471888,1.8,5,1.5419999999999998,5,5.2,5,2.6,5,11.6,5,0.4,0.37285985557858325,0.37285985557858325,0.11978116450297566,1.076147274770879,1.2867977906407848,1.076147274770879,1
26-27-prem-manchester-united-vs-newcastle-united,2026-2027,20.0,prem,20.0,2027-01-06 20:00:00+00:00,False,1.0,4.0,,,manchester-united,newcastle-united,fpl-core-insights,prem,1,0,0,0,5,227.20833333333334,1686.5070372196753,2.1100000000000003,5,1.194,5,5.6,5,3.6,5,19.2,5,0.4,5,227.20833333333334,1603.4713488056666,1.536,5,1.1760000000000002,5,4.8,5,2.8,5,16.0,5,0.0,0.9493762032381273,0.9493762032381273,0.7244026044005156,0.4464485214340812,0.8638808246119045,0.4464485214340812,1
26-27-prem-nottingham-forest-vs-hull-city,2026-2027,20.0,prem,20.0,2027-01-06 20:00:00+00:00,False,17.0,88.0,,,nottingham-forest,hull,fpl-core-insights,prem,1,0,0,0,5,227.20833333333334,1574.4570649597424,1.5719999999999998,5,1.97,5,5.0,5,3.2,5,17.8,5,0.2,5,3517.25,1443.2558310656646,,0,,0,2.8,5,,0,,0,0.4,0.5769986780851356,0.5769986780851356,0.3765467333424707,-0.5635403550480563,-0.32888836333920834,-0.5635403550480563,1
26-27-prem-sunderland-vs-liverpool,2026-2027,20.0,prem,20.0,2027-01-06 20:00:00+00:00,False,56.0,14.0,,,sunderland,liverpool,fpl-core-insights,prem,1,0,0,0,5,227.20833333333334,1548.9612074082618,1.042,5,1.074,5,3.8,5,1.4,5,12.8,5,0.2,5,227.20833333333334,1688.2023574276104,1.41,5,1.702,5,4.8,5,2.4,5,10.2,5,0.0,0.28241494937088335,0.28241494937088335,-0.05342235135793143,0.6897736227663469,1.0223863997048255,0.6897736227663469,1
26-27-prem-afc-bournemouth-vs-ipswich-town,2026-2027,21.0,prem,21.0,2027-01-16 15:00:00+00:00,False,91.0,40.0,,,bournemouth,ipswich,fpl-core-insights,prem,1,0,0,0,5,237.0,1647.5336782667596,1.55,5,1.248,5,4.6,5,2.4,5,15.4,5,0.4,5,601.0,1413.0000795638719,0.792,5,1.282,5,3.0,5,0.8,5,9.4,5,0.0,0.7514267392178918,0.7514267392178918,0.532004204271549,-0.5078953295401891,-0.40961128998643453,-0.5078953295401891,1
26-27-prem-aston-villa-vs-manchester-united,2026-2027,21.0,prem,21.0,2027-01-16 15:00:00+00:00,False,7.0,1.0,,,aston-villa,manchester-united,fpl-core-insights,prem,1,0,0,0,5,237.0,1681.4482636699722,1.262,5,1.3459999999999999,5,4.6,5,2.8,5,16.8,5,0.0,5,237.0,1686.5070372196753,2.1100000000000003,5,1.194,5,5.6,5,3.6,5,19.2,5,0.4,0.8530544022093206,0.8530544022093206,0.5491489571462591,0.7244026044005156,0.9493762032381273,0.7244026044005156,1
26-27-prem-brentford-vs-brighton-hove-albion,2026-2027,21.0,prem,21.0,2027-01-16 15:00:00+00:00,False,94.0,36.0,,,brentford,brighton,fpl-core-insights,prem,1,0,0,0,5,237.0,1612.1033719773698,1.39,5,2.004,5,3.4,5,2.4,5,15.6,5,0.2,5,237.0,1618.7592408156834,1.828,5,1.214,5,5.8,5,3.2,5,12.6,5,0.4,0.7358693811055607,0.7358693811055607,0.5693559959520306,0.6682954625515989,0.7390513794566753,0.6682954625515989,1
26-27-prem-chelsea-vs-sunderland,2026-2027,21.0,prem,21.0,2027-01-16 15:00:00+00:00,False,8.0,56.0,,,chelsea,sunderland,fpl-core-insights,prem,1,0,0,0,5,237.0,1612.1011779995458,0.908,5,1.5719999999999998,5,3.0,5,1.2,5,13.4,5,0.0,5,237.0,1548.9612074082618,1.042,5,1.074,5,3.8,5,1.4,5,12.8,5,0.2,0.652849931302678,0.652849931302678,0.6306439115626485,-0.05342235135793143,0.28241494937088335,-0.05342235135793143,1
26-27-prem-coventry-city-vs-everton,2026-2027,21.0,prem,21.0,2027-01-16 15:00:00+00:00,False,9.0,11.0,,,coventry,everton,fpl-core-insights,prem,1,0,0,0,5,9373.041666666666,1439.89321746296,,0,,0,5.0,5,,0,,0,0.4,5,237.0,1576.453512872542,1.442,5,1.436,5,4.0,5,2.2,5,18.4,5,0.0,-0.03397132322440578,-0.03397132322440578,-0.5105731481812256,0.34775349594809035,0.5845989761815327,0.34775349594809035,1
26-27-prem-hull-city-vs-arsenal,2026-2027,21.0,prem,21.0,2027-01-16 15:00:00+00:00,False,88.0,3.0,,,hull,arsenal,fpl-core-insights,prem,1,0,0,0,5,3527.0416666666665,1443.2558310656646,,0,,0,2.8,5,,0,,0,0.4,5,237.0,1823.57040825547,1.7419999999999998,5,0.738,5,5.4,5,3.4,5,10.6,5,0.8,-0.32888836333920834,-0.32888836333920834,-0.5635403550480563,1.1043396985587306,1.31609115304012,1.1043396985587306,1
26-27-prem-liverpool-vs-crystal-palace,2026-2027,21.0,prem,21.0,2027-01-16 15:00:00+00:00,False,14.0,31.0,,,liverpool,crystal-palace,fpl-core-insights,prem,1,0,0,0,5,237.0,1688.2023574276104,1.41,5,1.702,5,4.8,5,2.4,5,10.2,5,0.0,5,237.0,1578.1328667938383,1.376,5,1.9140000000000001,5,3.8,5,2.4,5,20.2,5,0.0,1.0223863997048255,1.0223863997048255,0.6897736227663469,0.3947012108766272,0.46015062764588865,0.3947012108766272,1
26-27-prem-manchester-city-vs-nottingham-forest,2026-2027,21.0,prem,21.0,2027-01-16 15:00:00+00:00,False,43.0,17.0,,,manchester-city,nottingham-forest,fpl-core-insights,prem,1,0,0,0,5,237.0,1775.6543946471888,1.8,5,1.5419999999999998,5,5.2,5,2.6,5,11.6,5,0.4,5,237.0,1574.4570649597424,1.5719999999999998,5,1.97,5,5.0,5,3.2,5,17.8,5,0.2,1.2867977906407848,1.2867977906407848,1.076147274770879,0.3765467333424707,0.5769986780851356,0.3765467333424707,1
26-27-prem-newcastle-united-vs-fulham,2026-2027,21.0,prem,21.0,2027-01-16 15:00:00+00:00,False,4.0,54.0,,,newcastle-united,fulham,fpl-core-insights,prem,1,0,0,0,5,237.0,1603.4713488056666,1.536,5,1.1760000000000002,5,4.8,5,2.8,5,16.0,5,0.0,5,237.0,1587.607129818733,1.2559999999999998,5,1.336,5,4.0,5,1.2,5,18.2,5,0.4,0.8638808246119045,0.8638808246119045,0.4464485214340812,0.3388978355555425,0.5917613385281815,0.3388978355555425,1
26-27-prem-tottenham-hotspur-vs-leeds-united,2026-2027,21.0,prem,21.0,2027-01-16 15:00:00+00:00,False,6.0,2.0,,,tottenham,leeds,fpl-core-insights,prem,1,0,0,0,5,237.0,1538.6877107771982,1.1199999999999999,5,0.68,5,3.0,5,2.6,5,21.6,5,0.4,5,237.0,1552.895415176873,1.154,5,1.832,5,3.8,5,1.6,5,18.0,5,0.2,0.3629780127030897,0.3629780127030897,0.36323920364566314,0.11978116450297566,0.37285985557858325,0.11978116450297566,1
26-27-prem-arsenal-vs-newcastle-united,2026-2027,22.0,prem,22.0,2027-01-23 15:00:00+00:00,False,3.0,4.0,,,arsenal,newcastle-united,fpl-core-insights,prem,1,0,0,0,5,244.0,1823.57040825547,1.7419999999999998,5,0.738,5,5.4,5,3.4,5,10.6,5,0.8,5,244.0,1603.4713488056666,1.536,5,1.1760000000000002,5,4.8,5,2.8,5,16.0,5,0.0,1.31609115304012,1.31609115304012,1.1043396985587306,0.4464485214340812,0.8638808246119045,0.4464485214340812,1
26-27-prem-brighton-hove-albion-vs-manchester-city,2026-2027,22.0,prem,22.0,2027-01-23 15:00:00+00:00,False,36.0,43.0,,,brighton,manchester-city,fpl-core-insights,prem,1,0,0,0,5,244.0,1618.7592408156834,1.828,5,1.214,5,5.8,5,3.2,5,12.6,5,0.4,5,244.0,1775.6543946471888,1.8,5,1.5419999999999998,5,5.2,5,2.6,5,11.6,5,0.4,0.7390513794566753,0.7390513794566753,0.6682954625515989,1.076147274770879,1.2867977906407848,1.076147274770879,1
26-27-prem-crystal-palace-vs-tottenham-hotspur,2026-2027,22.0,prem,22.0,2027-01-23 15:00:00+00:00,False,31.0,6.0,,,crystal-palace,tottenham,fpl-core-insights,prem,1,0,0,0,5,244.0,1578.1328667938383,1.376,5,1.9140000000000001,5,3.8,5,2.4,5,20.2,5,0.0,5,244.0,1538.6877107771982,1.1199999999999999,5,0.68,5,3.0,5,2.6,5,21.6,5,0.4,0.46015062764588865,0.46015062764588865,0.3947012108766272,0.36323920364566314,0.3629780127030897,0.36323920364566314,1
26-27-prem-everton-vs-brentford,2026-2027,22.0,prem,22.0,2027-01-23 15:00:00+00:00,False,11.0,94.0,,,everton,brentford,fpl-core-insights,prem,1,0,0,0,5,244.0,1576.453512872542,1.442,5,1.436,5,4.0,5,2.2,5,18.4,5,0.0,5,244.0,1612.1033719773698,1.39,5,2.004,5,3.4,5,2.4,5,15.6,5,0.2,0.5845989761815327,0.5845989761815327,0.34775349594809035,0.5693559959520306,0.7358693811055607,0.5693559959520306,1
26-27-prem-fulham-vs-aston-villa,2026-2027,22.0,prem,22.0,2027-01-23 15:00:00+00:00,False,54.0,7.0,,,fulham,aston-villa,fpl-core-insights,prem,1,0,0,0,5,244.0,1587.607129818733,1.2559999999999998,5,1.336,5,4.0,5,1.2,5,18.2,5,0.4,5,244.0,1681.4482636699722,1.262,5,1.3459999999999999,5,4.6,5,2.8,5,16.8,5,0.0,0.5917613385281815,0.5917613385281815,0.3388978355555425,0.5491489571462591,0.8530544022093206,0.5491489571462591,1
26-27-prem-ipswich-town-vs-hull-city,2026-2027,22.0,prem,22.0,2027-01-23 15:00:00+00:00,False,40.0,88.0,,,ipswich,hull,fpl-core-insights,prem,1,0,0,0,5,608.0,1413.0000795638719,0.792,5,1.282,5,3.0,5,0.8,5,9.4,5,0.0,5,3534.0416666666665,1443.2558310656646,,0,,0,2.8,5,,0,,0,0.4,-0.40961128998643453,-0.40961128998643453,-0.5078953295401891,-0.5635403550480563,-0.32888836333920834,-0.5635403550480563,1
26-27-prem-leeds-united-vs-chelsea,2026-2027,22.0,prem,22.0,2027-01-23 15:00:00+00:00,False,2.0,8.0,,,leeds,chelsea,fpl-core-insights,prem,1,0,0,0,5,244.0,1552.895415176873,1.154,5,1.832,5,3.8,5,1.6,5,18.0,5,0.2,5,244.0,1612.1011779995458,0.908,5,1.5719999999999998,5,3.0,5,1.2,5,13.4,5,0.0,0.37285985557858325,0.37285985557858325,0.11978116450297566,0.6306439115626485,0.652849931302678,0.6306439115626485,1
26-27-prem-manchester-united-vs-liverpool,2026-2027,22.0,prem,22.0,2027-01-23 15:00:00+00:00,False,1.0,14.0,,,manchester-united,liverpool,fpl-core-insights,prem,1,0,0,0,5,244.0,1686.5070372196753,2.1100000000000003,5,1.194,5,5.6,5,3.6,5,19.2,5,0.4,5,244.0,1688.2023574276104,1.41,5,1.702,5,4.8,5,2.4,5,10.2,5,0.0,0.9493762032381273,0.9493762032381273,0.7244026044005156,0.6897736227663469,1.0223863997048255,0.6897736227663469,1
26-27-prem-nottingham-forest-vs-afc-bournemouth,2026-2027,22.0,prem,22.0,2027-01-23 15:00:00+00:00,False,17.0,91.0,,,nottingham-forest,bournemouth,fpl-core-insights,prem,1,0,0,0,5,244.0,1574.4570649597424,1.5719999999999998,5,1.97,5,5.0,5,3.2,5,17.8,5,0.2,5,244.0,1647.5336782667596,1.55,5,1.248,5,4.6,5,2.4,5,15.4,5,0.4,0.5769986780851356,0.5769986780851356,0.3765467333424707,0.532004204271549,0.7514267392178918,0.532004204271549,1
26-27-prem-sunderland-vs-coventry-city,2026-2027,22.0,prem,22.0,2027-01-23 15:00:00+00:00,False,56.0,9.0,,,sunderland,coventry,fpl-core-insights,prem,1,0,0,0,5,244.0,1548.9612074082618,1.042,5,1.074,5,3.8,5,1.4,5,12.8,5,0.2,5,9380.041666666666,1439.89321746296,,0,,0,5.0,5,,0,,0,0.4,0.28241494937088335,0.28241494937088335,-0.05342235135793143,-0.5105731481812256,-0.03397132322440578,-0.5105731481812256,1
26-27-prem-afc-bournemouth-vs-fulham,2026-2027,23.0,prem,23.0,2027-01-30 15:00:00+00:00,False,91.0,54.0,,,bournemouth,fulham,fpl-core-insights,prem,1,0,0,0,5,251.0,1647.5336782667596,1.55,5,1.248,5,4.6,5,2.4,5,15.4,5,0.4,5,251.0,1587.607129818733,1.2559999999999998,5,1.336,5,4.0,5,1.2,5,18.2,5,0.4,0.7514267392178918,0.7514267392178918,0.532004204271549,0.3388978355555425,0.5917613385281815,0.3388978355555425,1
26-27-prem-aston-villa-vs-ipswich-town,2026-2027,23.0,prem,23.0,2027-01-30 15:00:00+00:00,False,7.0,40.0,,,aston-villa,ipswich,fpl-core-insights,prem,1,0,0,0,5,251.0,1681.4482636699722,1.262,5,1.3459999999999999,5,4.6,5,2.8,5,16.8,5,0.0,5,615.0,1413.0000795638719,0.792,5,1.282,5,3.0,5,0.8,5,9.4,5,0.0,0.8530544022093206,0.8530544022093206,0.5491489571462591,-0.5078953295401891,-0.40961128998643453,-0.5078953295401891,1
26-27-prem-brentford-vs-manchester-united,2026-2027,23.0,prem,23.0,2027-01-30 15:00:00+00:00,False,94.0,1.0,,,brentford,manchester-united,fpl-core-insights,prem,1,0,0,0,5,251.0,1612.1033719773698,1.39,5,2.004,5,3.4,5,2.4,5,15.6,5,0.2,5,251.0,1686.5070372196753,2.1100000000000003,5,1.194,5,5.6,5,3.6,5,19.2,5,0.4,0.7358693811055607,0.7358693811055607,0.5693559959520306,0.7244026044005156,0.9493762032381273,0.7244026044005156,1
26-27-prem-chelsea-vs-nottingham-forest,2026-2027,23.0,prem,23.0,2027-01-30 15:00:00+00:00,False,8.0,17.0,,,chelsea,nottingham-forest,fpl-core-insights,prem,1,0,0,0,5,251.0,1612.1011779995458,0.908,5,1.5719999999999998,5,3.0,5,1.2,5,13.4,5,0.0,5,251.0,1574.4570649597424,1.5719999999999998,5,1.97,5,5.0,5,3.2,5,17.8,5,0.2,0.652849931302678,0.652849931302678,0.6306439115626485,0.3765467333424707,0.5769986780851356,0.3765467333424707,1
26-27-prem-coventry-city-vs-leeds-united,2026-2027,23.0,prem,23.0,2027-01-30 15:00:00+00:00,False,9.0,2.0,,,coventry,leeds,fpl-core-insights,prem,1,0,0,0,5,9387.041666666666,1439.89321746296,,0,,0,5.0,5,,0,,0,0.4,5,251.0,1552.895415176873,1.154,5,1.832,5,3.8,5,1.6,5,18.0,5,0.2,-0.03397132322440578,-0.03397132322440578,-0.5105731481812256,0.11978116450297566,0.37285985557858325,0.11978116450297566,1
26-27-prem-hull-city-vs-crystal-palace,2026-2027,23.0,prem,23.0,2027-01-30 15:00:00+00:00,False,88.0,31.0,,,hull,crystal-palace,fpl-core-insights,prem,1,0,0,0,5,3541.0416666666665,1443.2558310656646,,0,,0,2.8,5,,0,,0,0.4,5,251.0,1578.1328667938383,1.376,5,1.9140000000000001,5,3.8,5,2.4,5,20.2,5,0.0,-0.32888836333920834,-0.32888836333920834,-0.5635403550480563,0.3947012108766272,0.46015062764588865,0.3947012108766272,1
26-27-prem-liverpool-vs-everton,2026-2027,23.0,prem,23.0,2027-01-30 15:00:00+00:00,False,14.0,11.0,,,liverpool,everton,fpl-core-insights,prem,1,0,0,0,5,251.0,1688.2023574276104,1.41,5,1.702,5,4.8,5,2.4,5,10.2,5,0.0,5,251.0,1576.453512872542,1.442,5,1.436,5,4.0,5,2.2,5,18.4,5,0.0,1.0223863997048255,1.0223863997048255,0.6897736227663469,0.34775349594809035,0.5845989761815327,0.34775349594809035,1
26-27-prem-manchester-city-vs-arsenal,2026-2027,23.0,prem,23.0,2027-01-30 15:00:00+00:00,False,43.0,3.0,,,manchester-city,arsenal,fpl-core-insights,prem,1,0,0,0,5,251.0,1775.6543946471888,1.8,5,1.5419999999999998,5,5.2,5,2.6,5,11.6,5,0.4,5,251.0,1823.57040825547,1.7419999999999998,5,0.738,5,5.4,5,3.4,5,10.6,5,0.8,1.2867977906407848,1.2867977906407848,1.076147274770879,1.1043396985587306,1.31609115304012,1.1043396985587306,1
26-27-prem-newcastle-united-vs-brighton-hove-albion,2026-2027,23.0,prem,23.0,2027-01-30 15:00:00+00:00,False,4.0,36.0,,,newcastle-united,brighton,fpl-core-insights,prem,1,0,0,0,5,251.0,1603.4713488056666,1.536,5,1.1760000000000002,5,4.8,5,2.8,5,16.0,5,0.0,5,251.0,1618.7592408156834,1.828,5,1.214,5,5.8,5,3.2,5,12.6,5,0.4,0.8638808246119045,0.8638808246119045,0.4464485214340812,0.6682954625515989,0.7390513794566753,0.6682954625515989,1
26-27-prem-tottenham-hotspur-vs-sunderland,2026-2027,23.0,prem,23.0,2027-01-30 15:00:00+00:00,False,6.0,56.0,,,tottenham,sunderland,fpl-core-insights,prem,1,0,0,0,5,251.0,1538.6877107771982,1.1199999999999999,5,0.68,5,3.0,5,2.6,5,21.6,5,0.4,5,251.0,1548.9612074082618,1.042,5,1.074,5,3.8,5,1.4,5,12.8,5,0.2,0.3629780127030897,0.3629780127030897,0.36323920364566314,-0.05342235135793143,0.28241494937088335,-0.05342235135793143,1
26-27-prem-arsenal-vs-liverpool,2026-2027,24.0,prem,24.0,2027-02-06 15:00:00+00:00,False,3.0,14.0,,,arsenal,liverpool,fpl-core-insights,prem,1,0,0,0,5,258.0,1823.57040825547,1.7419999999999998,5,0.738,5,5.4,5,3.4,5,10.6,5,0.8,5,258.0,1688.2023574276104,1.41,5,1.702,5,4.8,5,2.4,5,10.2,5,0.0,1.31609115304012,1.31609115304012,1.1043396985587306,0.6897736227663469,1.0223863997048255,0.6897736227663469,1
26-27-prem-brighton-hove-albion-vs-hull-city,2026-2027,24.0,prem,24.0,2027-02-06 15:00:00+00:00,False,36.0,88.0,,,brighton,hull,fpl-core-insights,prem,1,0,0,0,5,258.0,1618.7592408156834,1.828,5,1.214,5,5.8,5,3.2,5,12.6,5,0.4,5,3548.0416666666665,1443.2558310656646,,0,,0,2.8,5,,0,,0,0.4,0.7390513794566753,0.7390513794566753,0.6682954625515989,-0.5635403550480563,-0.32888836333920834,-0.5635403550480563,1
26-27-prem-crystal-palace-vs-coventry-city,2026-2027,24.0,prem,24.0,2027-02-06 15:00:00+00:00,False,31.0,9.0,,,crystal-palace,coventry,fpl-core-insights,prem,1,0,0,0,5,258.0,1578.1328667938383,1.376,5,1.9140000000000001,5,3.8,5,2.4,5,20.2,5,0.0,5,9394.041666666666,1439.89321746296,,0,,0,5.0,5,,0,,0,0.4,0.46015062764588865,0.46015062764588865,0.3947012108766272,-0.5105731481812256,-0.03397132322440578,-0.5105731481812256,1
26-27-prem-everton-vs-newcastle-united,2026-2027,24.0,prem,24.0,2027-02-06 15:00:00+00:00,False,11.0,4.0,,,everton,newcastle-united,fpl-core-insights,prem,1,0,0,0,5,258.0,1576.453512872542,1.442,5,1.436,5,4.0,5,2.2,5,18.4,5,0.0,5,258.0,1603.4713488056666,1.536,5,1.1760000000000002,5,4.8,5,2.8,5,16.0,5,0.0,0.5845989761815327,0.5845989761815327,0.34775349594809035,0.4464485214340812,0.8638808246119045,0.4464485214340812,1
26-27-prem-fulham-vs-manchester-city,2026-2027,24.0,prem,24.0,2027-02-06 15:00:00+00:00,False,54.0,43.0,,,fulham,manchester-city,fpl-core-insights,prem,1,0,0,0,5,258.0,1587.607129818733,1.2559999999999998,5,1.336,5,4.0,5,1.2,5,18.2,5,0.4,5,258.0,1775.6543946471888,1.8,5,1.5419999999999998,5,5.2,5,2.6,5,11.6,5,0.4,0.5917613385281815,0.5917613385281815,0.3388978355555425,1.076147274770879,1.2867977906407848,1.076147274770879,1
26-27-prem-ipswich-town-vs-tottenham-hotspur,2026-2027,24.0,prem,24.0,2027-02-06 15:00:00+00:00,False,40.0,6.0,,,ipswich,tottenham,fpl-core-insights,prem,1,0,0,0,5,622.0,1413.0000795638719,0.792,5,1.282,5,3.0,5,0.8,5,9.4,5,0.0,5,258.0,1538.6877107771982,1.1199999999999999,5,0.68,5,3.0,5,2.6,5,21.6,5,0.4,-0.40961128998643453,-0.40961128998643453,-0.5078953295401891,0.36323920364566314,0.3629780127030897,0.36323920364566314,1
26-27-prem-leeds-united-vs-afc-bournemouth,2026-2027,24.0,prem,24.0,2027-02-06 15:00:00+00:00,False,2.0,91.0,,,leeds,bournemouth,fpl-core-insights,prem,1,0,0,0,5,258.0,1552.895415176873,1.154,5,1.832,5,3.8,5,1.6,5,18.0,5,0.2,5,258.0,1647.5336782667596,1.55,5,1.248,5,4.6,5,2.4,5,15.4,5,0.4,0.37285985557858325,0.37285985557858325,0.11978116450297566,0.532004204271549,0.7514267392178918,0.532004204271549,1
26-27-prem-manchester-united-vs-chelsea,2026-2027,24.0,prem,24.0,2027-02-06 15:00:00+00:00,False,1.0,8.0,,,manchester-united,chelsea,fpl-core-insights,prem,1,0,0,0,5,258.0,1686.5070372196753,2.1100000000000003,5,1.194,5,5.6,5,3.6,5,19.2,5,0.4,5,258.0,1612.1011779995458,0.908,5,1.5719999999999998,5,3.0,5,1.2,5,13.4,5,0.0,0.9493762032381273,0.9493762032381273,0.7244026044005156,0.6306439115626485,0.652849931302678,0.6306439115626485,1
26-27-prem-nottingham-forest-vs-brentford,2026-2027,24.0,prem,24.0,2027-02-06 15:00:00+00:00,False,17.0,94.0,,,nottingham-forest,brentford,fpl-core-insights,prem,1,0,0,0,5,258.0,1574.4570649597424,1.5719999999999998,5,1.97,5,5.0,5,3.2,5,17.8,5,0.2,5,258.0,1612.1033719773698,1.39,5,2.004,5,3.4,5,2.4,5,15.6,5,0.2,0.5769986780851356,0.5769986780851356,0.3765467333424707,0.5693559959520306,0.7358693811055607,0.5693559959520306,1
26-27-prem-sunderland-vs-aston-villa,2026-2027,24.0,prem,24.0,2027-02-06 15:00:00+00:00,False,56.0,7.0,,,sunderland,aston-villa,fpl-core-insights,prem,1,0,0,0,5,258.0,1548.9612074082618,1.042,5,1.074,5,3.8,5,1.4,5,12.8,5,0.2,5,258.0,1681.4482636699722,1.262,5,1.3459999999999999,5,4.6,5,2.8,5,16.8,5,0.0,0.28241494937088335,0.28241494937088335,-0.05342235135793143,0.5491489571462591,0.8530544022093206,0.5491489571462591,1
26-27-prem-aston-villa-vs-afc-bournemouth,2026-2027,25.0,prem,25.0,2027-02-10 20:00:00+00:00,False,7.0,91.0,,,aston-villa,bournemouth,fpl-core-insights,prem,1,0,0,0,5,262.2083333333333,1681.4482636699722,1.262,5,1.3459999999999999,5,4.6,5,2.8,5,16.8,5,0.0,5,262.2083333333333,1647.5336782667596,1.55,5,1.248,5,4.6,5,2.4,5,15.4,5,0.4,0.8530544022093206,0.8530544022093206,0.5491489571462591,0.532004204271549,0.7514267392178918,0.532004204271549,1
26-27-prem-coventry-city-vs-liverpool,2026-2027,25.0,prem,25.0,2027-02-10 20:00:00+00:00,False,9.0,14.0,,,coventry,liverpool,fpl-core-insights,prem,1,0,0,0,5,9398.25,1439.89321746296,,0,,0,5.0,5,,0,,0,0.4,5,262.2083333333333,1688.2023574276104,1.41,5,1.702,5,4.8,5,2.4,5,10.2,5,0.0,-0.03397132322440578,-0.03397132322440578,-0.5105731481812256,0.6897736227663469,1.0223863997048255,0.6897736227663469,1
26-27-prem-crystal-palace-vs-brentford,2026-2027,25.0,prem,25.0,2027-02-10 20:00:00+00:00,False,31.0,94.0,,,crystal-palace,brentford,fpl-core-insights,prem,1,0,0,0,5,262.2083333333333,1578.1328667938383,1.376,5,1.9140000000000001,5,3.8,5,2.4,5,20.2,5,0.0,5,262.2083333333333,1612.1033719773698,1.39,5,2.004,5,3.4,5,2.4,5,15.6,5,0.2,0.46015062764588865,0.46015062764588865,0.3947012108766272,0.5693559959520306,0.7358693811055607,0.5693559959520306,1
26-27-prem-everton-vs-leeds-united,2026-2027,25.0,prem,25.0,2027-02-10 20:00:00+00:00,False,11.0,2.0,,,everton,leeds,fpl-core-insights,prem,1,0,0,0,5,262.2083333333333,1576.453512872542,1.442,5,1.436,5,4.0,5,2.2,5,18.4,5,0.0,5,262.2083333333333,1552.895415176873,1.154,5,1.832,5,3.8,5,1.6,5,18.0,5,0.2,0.5845989761815327,0.5845989761815327,0.34775349594809035,0.11978116450297566,0.37285985557858325,0.11978116450297566,1
26-27-prem-fulham-vs-nottingham-forest,2026-2027,25.0,prem,25.0,2027-02-10 20:00:00+00:00,False,54.0,17.0,,,fulham,nottingham-forest,fpl-core-insights,prem,1,0,0,0,5,262.2083333333333,1587.607129818733,1.2559999999999998,5,1.336,5,4.0,5,1.2,5,18.2,5,0.4,5,262.2083333333333,1574.4570649597424,1.5719999999999998,5,1.97,5,5.0,5,3.2,5,17.8,5,0.2,0.5917613385281815,0.5917613385281815,0.3388978355555425,0.3765467333424707,0.5769986780851356,0.3765467333424707,1
26-27-prem-hull-city-vs-sunderland,2026-2027,25.0,prem,25.0,2027-02-10 20:00:00+00:00,False,88.0,56.0,,,hull,sunderland,fpl-core-insights,prem,1,0,0,0,5,3552.25,1443.2558310656646,,0,,0,2.8,5,,0,,0,0.4,5,262.2083333333333,1548.9612074082618,1.042,5,1.074,5,3.8,5,1.4,5,12.8,5,0.2,-0.32888836333920834,-0.32888836333920834,-0.5635403550480563,-0.05342235135793143,0.28241494937088335,-0.05342235135793143,1
26-27-prem-ipswich-town-vs-arsenal,2026-2027,25.0,prem,25.0,2027-02-10 20:00:00+00:00,False,40.0,3.0,,,ipswich,arsenal,fpl-core-insights,prem,1,0,0,0,5,626.2083333333334,1413.0000795638719,0.792,5,1.282,5,3.0,5,0.8,5,9.4,5,0.0,5,262.2083333333333,1823.57040825547,1.7419999999999998,5,0.738,5,5.4,5,3.4,5,10.6,5,0.8,-0.40961128998643453,-0.40961128998643453,-0.5078953295401891,1.1043396985587306,1.31609115304012,1.1043396985587306,1
26-27-prem-manchester-united-vs-brighton-hove-albion,2026-2027,25.0,prem,25.0,2027-02-10 20:00:00+00:00,False,1.0,36.0,,,manchester-united,brighton,fpl-core-insights,prem,1,0,0,0,5,262.2083333333333,1686.5070372196753,2.1100000000000003,5,1.194,5,5.6,5,3.6,5,19.2,5,0.4,5,262.2083333333333,1618.7592408156834,1.828,5,1.214,5,5.8,5,3.2,5,12.6,5,0.4,0.9493762032381273,0.9493762032381273,0.7244026044005156,0.6682954625515989,0.7390513794566753,0.6682954625515989,1
26-27-prem-newcastle-united-vs-chelsea,2026-2027,25.0,prem,25.0,2027-02-10 20:00:00+00:00,False,4.0,8.0,,,newcastle-united,chelsea,fpl-core-insights,prem,1,0,0,0,5,262.2083333333333,1603.4713488056666,1.536,5,1.1760000000000002,5,4.8,5,2.8,5,16.0,5,0.0,5,262.2083333333333,1612.1011779995458,0.908,5,1.5719999999999998,5,3.0,5,1.2,5,13.4,5,0.0,0.8638808246119045,0.8638808246119045,0.4464485214340812,0.6306439115626485,0.652849931302678,0.6306439115626485,1
26-27-prem-tottenham-hotspur-vs-manchester-city,2026-2027,25.0,prem,25.0,2027-02-10 20:00:00+00:00,False,6.0,43.0,,,tottenham,manchester-city,fpl-core-insights,prem,1,0,0,0,5,262.2083333333333,1538.6877107771982,1.1199999999999999,5,0.68,5,3.0,5,2.6,5,21.6,5,0.4,5,262.2083333333333,1775.6543946471888,1.8,5,1.5419999999999998,5,5.2,5,2.6,5,11.6,5,0.4,0.3629780127030897,0.3629780127030897,0.36323920364566314,1.076147274770879,1.2867977906407848,1.076147274770879,1
26-27-prem-afc-bournemouth-vs-crystal-palace,2026-2027,26.0,prem,26.0,2027-02-20 15:00:00+00:00,False,91.0,31.0,,,bournemouth,crystal-palace,fpl-core-insights,prem,1,0,0,0,5,272.0,1647.5336782667596,1.55,5,1.248,5,4.6,5,2.4,5,15.4,5,0.4,5,272.0,1578.1328667938383,1.376,5,1.9140000000000001,5,3.8,5,2.4,5,20.2,5,0.0,0.7514267392178918,0.7514267392178918,0.532004204271549,0.3947012108766272,0.46015062764588865,0.3947012108766272,1
26-27-prem-arsenal-vs-fulham,2026-2027,26.0,prem,26.0,2027-02-20 15:00:00+00:00,False,3.0,54.0,,,arsenal,fulham,fpl-core-insights,prem,1,0,0,0,5,272.0,1823.57040825547,1.7419999999999998,5,0.738,5,5.4,5,3.4,5,10.6,5,0.8,5,272.0,1587.607129818733,1.2559999999999998,5,1.336,5,4.0,5,1.2,5,18.2,5,0.4,1.31609115304012,1.31609115304012,1.1043396985587306,0.3388978355555425,0.5917613385281815,0.3388978355555425,1
26-27-prem-brentford-vs-coventry-city,2026-2027,26.0,prem,26.0,2027-02-20 15:00:00+00:00,False,94.0,9.0,,,brentford,coventry,fpl-core-insights,prem,1,0,0,0,5,272.0,1612.1033719773698,1.39,5,2.004,5,3.4,5,2.4,5,15.6,5,0.2,5,9408.041666666666,1439.89321746296,,0,,0,5.0,5,,0,,0,0.4,0.7358693811055607,0.7358693811055607,0.5693559959520306,-0.5105731481812256,-0.03397132322440578,-0.5105731481812256,1
26-27-prem-brighton-hove-albion-vs-tottenham-hotspur,2026-2027,26.0,prem,26.0,2027-02-20 15:00:00+00:00,False,36.0,6.0,,,brighton,tottenham,fpl-core-insights,prem,1,0,0,0,5,272.0,1618.7592408156834,1.828,5,1.214,5,5.8,5,3.2,5,12.6,5,0.4,5,272.0,1538.6877107771982,1.1199999999999999,5,0.68,5,3.0,5,2.6,5,21.6,5,0.4,0.7390513794566753,0.7390513794566753,0.6682954625515989,0.36323920364566314,0.3629780127030897,0.36323920364566314,1
26-27-prem-chelsea-vs-ipswich-town,2026-2027,26.0,prem,26.0,2027-02-20 15:00:00+00:00,False,8.0,40.0,,,chelsea,ipswich,fpl-core-insights,prem,1,0,0,0,5,272.0,1612.1011779995458,0.908,5,1.5719999999999998,5,3.0,5,1.2,5,13.4,5,0.0,5,636.0,1413.0000795638719,0.792,5,1.282,5,3.0,5,0.8,5,9.4,5,0.0,0.652849931302678,0.652849931302678,0.6306439115626485,-0.5078953295401891,-0.40961128998643453,-0.5078953295401891,1
26-27-prem-leeds-united-vs-aston-villa,2026-2027,26.0,prem,26.0,2027-02-20 15:00:00+00:00,False,2.0,7.0,,,leeds,aston-villa,fpl-core-insights,prem,1,0,0,0,5,272.0,1552.895415176873,1.154,5,1.832,5,3.8,5,1.6,5,18.0,5,0.2,5,272.0,1681.4482636699722,1.262,5,1.3459999999999999,5,4.6,5,2.8,5,16.8,5,0.0,0.37285985557858325,0.37285985557858325,0.11978116450297566,0.5491489571462591,0.8530544022093206,0.5491489571462591,1
26-27-prem-liverpool-vs-hull-city,2026-2027,26.0,prem,26.0,2027-02-20 15:00:00+00:00,False,14.0,88.0,,,liverpool,hull,fpl-core-insights,prem,1,0,0,0,5,272.0,1688.2023574276104,1.41,5,1.702,5,4.8,5,2.4,5,10.2,5,0.0,5,3562.0416666666665,1443.2558310656646,,0,,0,2.8,5,,0,,0,0.4,1.0223863997048255,1.0223863997048255,0.6897736227663469,-0.5635403550480563,-0.32888836333920834,-0.5635403550480563,1
26-27-prem-manchester-city-vs-newcastle-united,2026-2027,26.0,prem,26.0,2027-02-20 15:00:00+00:00,False,43.0,4.0,,,manchester-city,newcastle-united,fpl-core-insights,prem,1,0,0,0,5,272.0,1775.6543946471888,1.8,5,1.5419999999999998,5,5.2,5,2.6,5,11.6,5,0.4,5,272.0,1603.4713488056666,1.536,5,1.1760000000000002,5,4.8,5,2.8,5,16.0,5,0.0,1.2867977906407848,1.2867977906407848,1.076147274770879,0.4464485214340812,0.8638808246119045,0.4464485214340812,1
26-27-prem-nottingham-forest-vs-manchester-united,2026-2027,26.0,prem,26.0,2027-02-20 15:00:00+00:00,False,17.0,1.0,,,nottingham-forest,manchester-united,fpl-core-insights,prem,1,0,0,0,5,272.0,1574.4570649597424,1.5719999999999998,5,1.97,5,5.0,5,3.2,5,17.8,5,0.2,5,272.0,1686.5070372196753,2.1100000000000003,5,1.194,5,5.6,5,3.6,5,19.2,5,0.4,0.5769986780851356,0.5769986780851356,0.3765467333424707,0.7244026044005156,0.9493762032381273,0.7244026044005156,1
26-27-prem-sunderland-vs-everton,2026-2027,26.0,prem,26.0,2027-02-20 15:00:00+00:00,False,56.0,11.0,,,sunderland,everton,fpl-core-insights,prem,1,0,0,0,5,272.0,1548.9612074082618,1.042,5,1.074,5,3.8,5,1.4,5,12.8,5,0.2,5,272.0,1576.453512872542,1.442,5,1.436,5,4.0,5,2.2,5,18.4,5,0.0,0.28241494937088335,0.28241494937088335,-0.05342235135793143,0.34775349594809035,0.5845989761815327,0.34775349594809035,1
26-27-prem-aston-villa-vs-chelsea,2026-2027,27.0,prem,27.0,2027-02-27 15:00:00+00:00,False,7.0,8.0,,,aston-villa,chelsea,fpl-core-insights,prem,1,0,0,0,5,279.0,1681.4482636699722,1.262,5,1.3459999999999999,5,4.6,5,2.8,5,16.8,5,0.0,5,279.0,1612.1011779995458,0.908,5,1.5719999999999998,5,3.0,5,1.2,5,13.4,5,0.0,0.8530544022093206,0.8530544022093206,0.5491489571462591,0.6306439115626485,0.652849931302678,0.6306439115626485,1
26-27-prem-coventry-city-vs-afc-bournemouth,2026-2027,27.0,prem,27.0,2027-02-27 15:00:00+00:00,False,9.0,91.0,,,coventry,bournemouth,fpl-core-insights,prem,1,0,0,0,5,9415.041666666666,1439.89321746296,,0,,0,5.0,5,,0,,0,0.4,5,279.0,1647.5336782667596,1.55,5,1.248,5,4.6,5,2.4,5,15.4,5,0.4,-0.03397132322440578,-0.03397132322440578,-0.5105731481812256,0.532004204271549,0.7514267392178918,0.532004204271549,1
26-27-prem-crystal-palace-vs-sunderland,2026-2027,27.0,prem,27.0,2027-02-27 15:00:00+00:00,False,31.0,56.0,,,crystal-palace,sunderland,fpl-core-insights,prem,1,0,0,0,5,279.0,1578.1328667938383,1.376,5,1.9140000000000001,5,3.8,5,2.4,5,20.2,5,0.0,5,279.0,1548.9612074082618,1.042,5,1.074,5,3.8,5,1.4,5,12.8,5,0.2,0.46015062764588865,0.46015062764588865,0.3947012108766272,-0.05342235135793143,0.28241494937088335,-0.05342235135793143,1
26-27-prem-everton-vs-nottingham-forest,2026-2027,27.0,prem,27.0,2027-02-27 15:00:00+00:00,False,11.0,17.0,,,everton,nottingham-forest,fpl-core-insights,prem,1,0,0,0,5,279.0,1576.453512872542,1.442,5,1.436,5,4.0,5,2.2,5,18.4,5,0.0,5,279.0,1574.4570649597424,1.5719999999999998,5,1.97,5,5.0,5,3.2,5,17.8,5,0.2,0.5845989761815327,0.5845989761815327,0.34775349594809035,0.3765467333424707,0.5769986780851356,0.3765467333424707,1
26-27-prem-fulham-vs-leeds-united,2026-2027,27.0,prem,27.0,2027-02-27 15:00:00+00:00,False,54.0,2.0,,,fulham,leeds,fpl-core-insights,prem,1,0,0,0,5,279.0,1587.607129818733,1.2559999999999998,5,1.336,5,4.0,5,1.2,5,18.2,5,0.4,5,279.0,1552.895415176873,1.154,5,1.832,5,3.8,5,1.6,5,18.0,5,0.2,0.5917613385281815,0.5917613385281815,0.3388978355555425,0.11978116450297566,0.37285985557858325,0.11978116450297566,1
26-27-prem-hull-city-vs-manchester-city,2026-2027,27.0,prem,27.0,2027-02-27 15:00:00+00:00,False,88.0,43.0,,,hull,manchester-city,fpl-core-insights,prem,1,0,0,0,5,3569.0416666666665,1443.2558310656646,,0,,0,2.8,5,,0,,0,0.4,5,279.0,1775.6543946471888,1.8,5,1.5419999999999998,5,5.2,5,2.6,5,11.6,5,0.4,-0.32888836333920834,-0.32888836333920834,-0.5635403550480563,1.076147274770879,1.2867977906407848,1.076147274770879,1
26-27-prem-ipswich-town-vs-brighton-hove-albion,2026-2027,27.0,prem,27.0,2027-02-27 15:00:00+00:00,False,40.0,36.0,,,ipswich,brighton,fpl-core-insights,prem,1,0,0,0,5,643.0,1413.0000795638719,0.792,5,1.282,5,3.0,5,0.8,5,9.4,5,0.0,5,279.0,1618.7592408156834,1.828,5,1.214,5,5.8,5,3.2,5,12.6,5,0.4,-0.40961128998643453,-0.40961128998643453,-0.5078953295401891,0.6682954625515989,0.7390513794566753,0.6682954625515989,1
26-27-prem-manchester-united-vs-arsenal,2026-2027,27.0,prem,27.0,2027-02-27 15:00:00+00:00,False,1.0,3.0,,,manchester-united,arsenal,fpl-core-insights,prem,1,0,0,0,5,279.0,1686.5070372196753,2.1100000000000003,5,1.194,5,5.6,5,3.6,5,19.2,5,0.4,5,279.0,1823.57040825547,1.7419999999999998,5,0.738,5,5.4,5,3.4,5,10.6,5,0.8,0.9493762032381273,0.9493762032381273,0.7244026044005156,1.1043396985587306,1.31609115304012,1.1043396985587306,1
26-27-prem-newcastle-united-vs-brentford,2026-2027,27.0,prem,27.0,2027-02-27 15:00:00+00:00,False,4.0,94.0,,,newcastle-united,brentford,fpl-core-insights,prem,1,0,0,0,5,279.0,1603.4713488056666,1.536,5,1.1760000000000002,5,4.8,5,2.8,5,16.0,5,0.0,5,279.0,1612.1033719773698,1.39,5,2.004,5,3.4,5,2.4,5,15.6,5,0.2,0.8638808246119045,0.8638808246119045,0.4464485214340812,0.5693559959520306,0.7358693811055607,0.5693559959520306,1
26-27-prem-tottenham-hotspur-vs-liverpool,2026-2027,27.0,prem,27.0,2027-02-27 15:00:00+00:00,False,6.0,14.0,,,tottenham,liverpool,fpl-core-insights,prem,1,0,0,0,5,279.0,1538.6877107771982,1.1199999999999999,5,0.68,5,3.0,5,2.6,5,21.6,5,0.4,5,279.0,1688.2023574276104,1.41,5,1.702,5,4.8,5,2.4,5,10.2,5,0.0,0.3629780127030897,0.3629780127030897,0.36323920364566314,0.6897736227663469,1.0223863997048255,0.6897736227663469,1
26-27-prem-afc-bournemouth-vs-tottenham-hotspur,2026-2027,28.0,prem,28.0,2027-03-03 20:00:00+00:00,False,91.0,6.0,,,bournemouth,tottenham,fpl-core-insights,prem,1,0,0,0,5,283.2083333333333,1647.5336782667596,1.55,5,1.248,5,4.6,5,2.4,5,15.4,5,0.4,5,283.2083333333333,1538.6877107771982,1.1199999999999999,5,0.68,5,3.0,5,2.6,5,21.6,5,0.4,0.7514267392178918,0.7514267392178918,0.532004204271549,0.36323920364566314,0.3629780127030897,0.36323920364566314,1
26-27-prem-arsenal-vs-crystal-palace,2026-2027,28.0,prem,28.0,2027-03-03 20:00:00+00:00,False,3.0,31.0,,,arsenal,crystal-palace,fpl-core-insights,prem,1,0,0,0,5,283.2083333333333,1823.57040825547,1.7419999999999998,5,0.738,5,5.4,5,3.4,5,10.6,5,0.8,5,283.2083333333333,1578.1328667938383,1.376,5,1.9140000000000001,5,3.8,5,2.4,5,20.2,5,0.0,1.31609115304012,1.31609115304012,1.1043396985587306,0.3947012108766272,0.46015062764588865,0.3947012108766272,1
26-27-prem-brentford-vs-ipswich-town,2026-2027,28.0,prem,28.0,2027-03-03 20:00:00+00:00,False,94.0,40.0,,,brentford,ipswich,fpl-core-insights,prem,1,0,0,0,5,283.2083333333333,1612.1033719773698,1.39,5,2.004,5,3.4,5,2.4,5,15.6,5,0.2,5,647.2083333333334,1413.0000795638719,0.792,5,1.282,5,3.0,5,0.8,5,9.4,5,0.0,0.7358693811055607,0.7358693811055607,0.5693559959520306,-0.5078953295401891,-0.40961128998643453,-0.5078953295401891,1
26-27-prem-brighton-hove-albion-vs-fulham,2026-2027,28.0,prem,28.0,2027-03-03 20:00:00+00:00,False,36.0,54.0,,,brighton,fulham,fpl-core-insights,prem,1,0,0,0,5,283.2083333333333,1618.7592408156834,1.828,5,1.214,5,5.8,5,3.2,5,12.6,5,0.4,5,283.2083333333333,1587.607129818733,1.2559999999999998,5,1.336,5,4.0,5,1.2,5,18.2,5,0.4,0.7390513794566753,0.7390513794566753,0.6682954625515989,0.3388978355555425,0.5917613385281815,0.3388978355555425,1
26-27-prem-chelsea-vs-coventry-city,2026-2027,28.0,prem,28.0,2027-03-03 20:00:00+00:00,False,8.0,9.0,,,chelsea,coventry,fpl-core-insights,prem,1,0,0,0,5,283.2083333333333,1612.1011779995458,0.908,5,1.5719999999999998,5,3.0,5,1.2,5,13.4,5,0.0,5,9419.25,1439.89321746296,,0,,0,5.0,5,,0,,0,0.4,0.652849931302678,0.652849931302678,0.6306439115626485,-0.5105731481812256,-0.03397132322440578,-0.5105731481812256,1
26-27-prem-leeds-united-vs-hull-city,2026-2027,28.0,prem,28.0,2027-03-03 20:00:00+00:00,False,2.0,88.0,,,leeds,hull,fpl-core-insights,prem,1,0,0,0,5,283.2083333333333,1552.895415176873,1.154,5,1.832,5,3.8,5,1.6,5,18.0,5,0.2,5,3573.25,1443.2558310656646,,0,,0,2.8,5,,0,,0,0.4,0.37285985557858325,0.37285985557858325,0.11978116450297566,-0.5635403550480563,-0.32888836333920834,-0.5635403550480563,1
26-27-prem-liverpool-vs-aston-villa,2026-2027,28.0,prem,28.0,2027-03-03 20:00:00+00:00,False,14.0,7.0,,,liverpool,aston-villa,fpl-core-insights,prem,1,0,0,0,5,283.2083333333333,1688.2023574276104,1.41,5,1.702,5,4.8,5,2.4,5,10.2,5,0.0,5,283.2083333333333,1681.4482636699722,1.262,5,1.3459999999999999,5,4.6,5,2.8,5,16.8,5,0.0,1.0223863997048255,1.0223863997048255,0.6897736227663469,0.5491489571462591,0.8530544022093206,0.5491489571462591,1
26-27-prem-manchester-city-vs-everton,2026-2027,28.0,prem,28.0,2027-03-03 20:00:00+00:00,False,43.0,11.0,,,manchester-city,everton,fpl-core-insights,prem,1,0,0,0,5,283.2083333333333,1775.6543946471888,1.8,5,1.5419999999999998,5,5.2,5,2.6,5,11.6,5,0.4,5,283.2083333333333,1576.453512872542,1.442,5,1.436,5,4.0,5,2.2,5,18.4,5,0.0,1.2867977906407848,1.2867977906407848,1.076147274770879,0.34775349594809035,0.5845989761815327,0.34775349594809035,1
26-27-prem-nottingham-forest-vs-newcastle-united,2026-2027,28.0,prem,28.0,2027-03-03 20:00:00+00:00,False,17.0,4.0,,,nottingham-forest,newcastle-united,fpl-core-insights,prem,1,0,0,0,5,283.2083333333333,1574.4570649597424,1.5719999999999998,5,1.97,5,5.0,5,3.2,5,17.8,5,0.2,5,283.2083333333333,1603.4713488056666,1.536,5,1.1760000000000002,5,4.8,5,2.8,5,16.0,5,0.0,0.5769986780851356,0.5769986780851356,0.3765467333424707,0.4464485214340812,0.8638808246119045,0.4464485214340812,1
26-27-prem-sunderland-vs-manchester-united,2026-2027,28.0,prem,28.0,2027-03-03 20:00:00+00:00,False,56.0,1.0,,,sunderland,manchester-united,fpl-core-insights,prem,1,0,0,0,5,283.2083333333333,1548.9612074082618,1.042,5,1.074,5,3.8,5,1.4,5,12.8,5,0.2,5,283.2083333333333,1686.5070372196753,2.1100000000000003,5,1.194,5,5.6,5,3.6,5,19.2,5,0.4,0.28241494937088335,0.28241494937088335,-0.05342235135793143,0.7244026044005156,0.9493762032381273,0.7244026044005156,1
26-27-prem-afc-bournemouth-vs-newcastle-united,2026-2027,29.0,prem,29.0,2027-03-13 15:00:00+00:00,False,91.0,4.0,,,bournemouth,newcastle-united,fpl-core-insights,prem,1,0,0,0,5,293.0,1647.5336782667596,1.55,5,1.248,5,4.6,5,2.4,5,15.4,5,0.4,5,293.0,1603.4713488056666,1.536,5,1.1760000000000002,5,4.8,5,2.8,5,16.0,5,0.0,0.7514267392178918,0.7514267392178918,0.532004204271549,0.4464485214340812,0.8638808246119045,0.4464485214340812,1
26-27-prem-aston-villa-vs-hull-city,2026-2027,29.0,prem,29.0,2027-03-13 15:00:00+00:00,False,7.0,88.0,,,aston-villa,hull,fpl-core-insights,prem,1,0,0,0,5,293.0,1681.4482636699722,1.262,5,1.3459999999999999,5,4.6,5,2.8,5,16.8,5,0.0,5,3583.0416666666665,1443.2558310656646,,0,,0,2.8,5,,0,,0,0.4,0.8530544022093206,0.8530544022093206,0.5491489571462591,-0.5635403550480563,-0.32888836333920834,-0.5635403550480563,1
26-27-prem-chelsea-vs-arsenal,2026-2027,29.0,prem,29.0,2027-03-13 15:00:00+00:00,False,8.0,3.0,,,chelsea,arsenal,fpl-core-insights,prem,1,0,0,0,5,293.0,1612.1011779995458,0.908,5,1.5719999999999998,5,3.0,5,1.2,5,13.4,5,0.0,5,293.0,1823.57040825547,1.7419999999999998,5,0.738,5,5.4,5,3.4,5,10.6,5,0.8,0.652849931302678,0.652849931302678,0.6306439115626485,1.1043396985587306,1.31609115304012,1.1043396985587306,1
26-27-prem-coventry-city-vs-manchester-city,2026-2027,29.0,prem,29.0,2027-03-13 15:00:00+00:00,False,9.0,43.0,,,coventry,manchester-city,fpl-core-insights,prem,1,0,0,0,5,9429.041666666666,1439.89321746296,,0,,0,5.0,5,,0,,0,0.4,5,293.0,1775.6543946471888,1.8,5,1.5419999999999998,5,5.2,5,2.6,5,11.6,5,0.4,-0.03397132322440578,-0.03397132322440578,-0.5105731481812256,1.076147274770879,1.2867977906407848,1.076147274770879,1
26-27-prem-crystal-palace-vs-fulham,2026-2027,29.0,prem,29.0,2027-03-13 15:00:00+00:00,False,31.0,54.0,,,crystal-palace,fulham,fpl-core-insights,prem,1,0,0,0,5,293.0,1578.1328667938383,1.376,5,1.9140000000000001,5,3.8,5,2.4,5,20.2,5,0.0,5,293.0,1587.607129818733,1.2559999999999998,5,1.336,5,4.0,5,1.2,5,18.2,5,0.4,0.46015062764588865,0.46015062764588865,0.3947012108766272,0.3388978355555425,0.5917613385281815,0.3388978355555425,1
26-27-prem-leeds-united-vs-brighton-hove-albion,2026-2027,29.0,prem,29.0,2027-03-13 15:00:00+00:00,False,2.0,36.0,,,leeds,brighton,fpl-core-insights,prem,1,0,0,0,5,293.0,1552.895415176873,1.154,5,1.832,5,3.8,5,1.6,5,18.0,5,0.2,5,293.0,1618.7592408156834,1.828,5,1.214,5,5.8,5,3.2,5,12.6,5,0.4,0.37285985557858325,0.37285985557858325,0.11978116450297566,0.6682954625515989,0.7390513794566753,0.6682954625515989,1
26-27-prem-liverpool-vs-ipswich-town,2026-2027,29.0,prem,29.0,2027-03-13 15:00:00+00:00,False,14.0,40.0,,,liverpool,ipswich,fpl-core-insights,prem,1,0,0,0,5,293.0,1688.2023574276104,1.41,5,1.702,5,4.8,5,2.4,5,10.2,5,0.0,5,657.0,1413.0000795638719,0.792,5,1.282,5,3.0,5,0.8,5,9.4,5,0.0,1.0223863997048255,1.0223863997048255,0.6897736227663469,-0.5078953295401891,-0.40961128998643453,-0.5078953295401891,1
26-27-prem-manchester-united-vs-everton,2026-2027,29.0,prem,29.0,2027-03-13 15:00:00+00:00,False,1.0,11.0,,,manchester-united,everton,fpl-core-insights,prem,1,0,0,0,5,293.0,1686.5070372196753,2.1100000000000003,5,1.194,5,5.6,5,3.6,5,19.2,5,0.4,5,293.0,1576.453512872542,1.442,5,1.436,5,4.0,5,2.2,5,18.4,5,0.0,0.9493762032381273,0.9493762032381273,0.7244026044005156,0.34775349594809035,0.5845989761815327,0.34775349594809035,1
26-27-prem-sunderland-vs-brentford,2026-2027,29.0,prem,29.0,2027-03-13 15:00:00+00:00,False,56.0,94.0,,,sunderland,brentford,fpl-core-insights,prem,1,0,0,0,5,293.0,1548.9612074082618,1.042,5,1.074,5,3.8,5,1.4,5,12.8,5,0.2,5,293.0,1612.1033719773698,1.39,5,2.004,5,3.4,5,2.4,5,15.6,5,0.2,0.28241494937088335,0.28241494937088335,-0.05342235135793143,0.5693559959520306,0.7358693811055607,0.5693559959520306,1
26-27-prem-tottenham-hotspur-vs-nottingham-forest,2026-2027,29.0,prem,29.0,2027-03-13 15:00:00+00:00,False,6.0,17.0,,,tottenham,nottingham-forest,fpl-core-insights,prem,1,0,0,0,5,293.0,1538.6877107771982,1.1199999999999999,5,0.68,5,3.0,5,2.6,5,21.6,5,0.4,5,293.0,1574.4570649597424,1.5719999999999998,5,1.97,5,5.0,5,3.2,5,17.8,5,0.2,0.3629780127030897,0.3629780127030897,0.36323920364566314,0.3765467333424707,0.5769986780851356,0.3765467333424707,1
26-27-prem-arsenal-vs-sunderland,2026-2027,30.0,prem,30.0,2027-03-20 15:00:00+00:00,False,3.0,56.0,,,arsenal,sunderland,fpl-core-insights,prem,1,0,0,0,5,300.0,1823.57040825547,1.7419999999999998,5,0.738,5,5.4,5,3.4,5,10.6,5,0.8,5,300.0,1548.9612074082618,1.042,5,1.074,5,3.8,5,1.4,5,12.8,5,0.2,1.31609115304012,1.31609115304012,1.1043396985587306,-0.05342235135793143,0.28241494937088335,-0.05342235135793143,1
26-27-prem-brentford-vs-afc-bournemouth,2026-2027,30.0,prem,30.0,2027-03-20 15:00:00+00:00,False,94.0,91.0,,,brentford,bournemouth,fpl-core-insights,prem,1,0,0,0,5,300.0,1612.1033719773698,1.39,5,2.004,5,3.4,5,2.4,5,15.6,5,0.2,5,300.0,1647.5336782667596,1.55,5,1.248,5,4.6,5,2.4,5,15.4,5,0.4,0.7358693811055607,0.7358693811055607,0.5693559959520306,0.532004204271549,0.7514267392178918,0.532004204271549,1
26-27-prem-brighton-hove-albion-vs-coventry-city,2026-2027,30.0,prem,30.0,2027-03-20 15:00:00+00:00,False,36.0,9.0,,,brighton,coventry,fpl-core-insights,prem,1,0,0,0,5,300.0,1618.7592408156834,1.828,5,1.214,5,5.8,5,3.2,5,12.6,5,0.4,5,9436.041666666666,1439.89321746296,,0,,0,5.0,5,,0,,0,0.4,0.7390513794566753,0.7390513794566753,0.6682954625515989,-0.5105731481812256,-0.03397132322440578,-0.5105731481812256,1
26-27-prem-everton-vs-tottenham-hotspur,2026-2027,30.0,prem,30.0,2027-03-20 15:00:00+00:00,False,11.0,6.0,,,everton,tottenham,fpl-core-insights,prem,1,0,0,0,5,300.0,1576.453512872542,1.442,5,1.436,5,4.0,5,2.2,5,18.4,5,0.0,5,300.0,1538.6877107771982,1.1199999999999999,5,0.68,5,3.0,5,2.6,5,21.6,5,0.4,0.5845989761815327,0.5845989761815327,0.34775349594809035,0.36323920364566314,0.3629780127030897,0.36323920364566314,1
26-27-prem-fulham-vs-liverpool,2026-2027,30.0,prem,30.0,2027-03-20 15:00:00+00:00,False,54.0,14.0,,,fulham,liverpool,fpl-core-insights,prem,1,0,0,0,5,300.0,1587.607129818733,1.2559999999999998,5,1.336,5,4.0,5,1.2,5,18.2,5,0.4,5,300.0,1688.2023574276104,1.41,5,1.702,5,4.8,5,2.4,5,10.2,5,0.0,0.5917613385281815,0.5917613385281815,0.3388978355555425,0.6897736227663469,1.0223863997048255,0.6897736227663469,1
26-27-prem-hull-city-vs-chelsea,2026-2027,30.0,prem,30.0,2027-03-20 15:00:00+00:00,False,88.0,8.0,,,hull,chelsea,fpl-core-insights,prem,1,0,0,0,5,3590.0416666666665,1443.2558310656646,,0,,0,2.8,5,,0,,0,0.4,5,300.0,1612.1011779995458,0.908,5,1.5719999999999998,5,3.0,5,1.2,5,13.4,5,0.0,-0.32888836333920834,-0.32888836333920834,-0.5635403550480563,0.6306439115626485,0.652849931302678,0.6306439115626485,1
26-27-prem-ipswich-town-vs-crystal-palace,2026-2027,30.0,prem,30.0,2027-03-20 15:00:00+00:00,False,40.0,31.0,,,ipswich,crystal-palace,fpl-core-insights,prem,1,0,0,0,5,664.0,1413.0000795638719,0.792,5,1.282,5,3.0,5,0.8,5,9.4,5,0.0,5,300.0,1578.1328667938383,1.376,5,1.9140000000000001,5,3.8,5,2.4,5,20.2,5,0.0,-0.40961128998643453,-0.40961128998643453,-0.5078953295401891,0.3947012108766272,0.46015062764588865,0.3947012108766272,1
26-27-prem-manchester-city-vs-manchester-united,2026-2027,30.0,prem,30.0,2027-03-20 15:00:00+00:00,False,43.0,1.0,,,manchester-city,manchester-united,fpl-core-insights,prem,1,0,0,0,5,300.0,1775.6543946471888,1.8,5,1.5419999999999998,5,5.2,5,2.6,5,11.6,5,0.4,5,300.0,1686.5070372196753,2.1100000000000003,5,1.194,5,5.6,5,3.6,5,19.2,5,0.4,1.2867977906407848,1.2867977906407848,1.076147274770879,0.7244026044005156,0.9493762032381273,0.7244026044005156,1
26-27-prem-newcastle-united-vs-leeds-united,2026-2027,30.0,prem,30.0,2027-03-20 15:00:00+00:00,False,4.0,2.0,,,newcastle-united,leeds,fpl-core-insights,prem,1,0,0,0,5,300.0,1603.4713488056666,1.536,5,1.1760000000000002,5,4.8,5,2.8,5,16.0,5,0.0,5,300.0,1552.895415176873,1.154,5,1.832,5,3.8,5,1.6,5,18.0,5,0.2,0.8638808246119045,0.8638808246119045,0.4464485214340812,0.11978116450297566,0.37285985557858325,0.11978116450297566,1
26-27-prem-nottingham-forest-vs-aston-villa,2026-2027,30.0,prem,30.0,2027-03-20 15:00:00+00:00,False,17.0,7.0,,,nottingham-forest,aston-villa,fpl-core-insights,prem,1,0,0,0,5,300.0,1574.4570649597424,1.5719999999999998,5,1.97,5,5.0,5,3.2,5,17.8,5,0.2,5,300.0,1681.4482636699722,1.262,5,1.3459999999999999,5,4.6,5,2.8,5,16.8,5,0.0,0.5769986780851356,0.5769986780851356,0.3765467333424707,0.5491489571462591,0.8530544022093206,0.5491489571462591,1
26-27-prem-afc-bournemouth-vs-manchester-city,2026-2027,31.0,prem,31.0,2027-04-10 14:00:00+00:00,False,91.0,43.0,,,bournemouth,manchester-city,fpl-core-insights,prem,1,0,0,0,5,320.9583333333333,1647.5336782667596,1.55,5,1.248,5,4.6,5,2.4,5,15.4,5,0.4,5,320.9583333333333,1775.6543946471888,1.8,5,1.5419999999999998,5,5.2,5,2.6,5,11.6,5,0.4,0.7514267392178918,0.7514267392178918,0.532004204271549,1.076147274770879,1.2867977906407848,1.076147274770879,1
26-27-prem-aston-villa-vs-brighton-hove-albion,2026-2027,31.0,prem,31.0,2027-04-10 14:00:00+00:00,False,7.0,36.0,,,aston-villa,brighton,fpl-core-insights,prem,1,0,0,0,5,320.9583333333333,1681.4482636699722,1.262,5,1.3459999999999999,5,4.6,5,2.8,5,16.8,5,0.0,5,320.9583333333333,1618.7592408156834,1.828,5,1.214,5,5.8,5,3.2,5,12.6,5,0.4,0.8530544022093206,0.8530544022093206,0.5491489571462591,0.6682954625515989,0.7390513794566753,0.6682954625515989,1
26-27-prem-chelsea-vs-fulham,2026-2027,31.0,prem,31.0,2027-04-10 14:00:00+00:00,False,8.0,54.0,,,chelsea,fulham,fpl-core-insights,prem,1,0,0,0,5,320.9583333333333,1612.1011779995458,0.908,5,1.5719999999999998,5,3.0,5,1.2,5,13.4,5,0.0,5,320.9583333333333,1587.607129818733,1.2559999999999998,5,1.336,5,4.0,5,1.2,5,18.2,5,0.4,0.652849931302678,0.652849931302678,0.6306439115626485,0.3388978355555425,0.5917613385281815,0.3388978355555425,1
26-27-prem-coventry-city-vs-arsenal,2026-2027,31.0,prem,31.0,2027-04-10 14:00:00+00:00,False,9.0,3.0,,,coventry,arsenal,fpl-core-insights,prem,1,0,0,0,5,9457.0,1439.89321746296,,0,,0,5.0,5,,0,,0,0.4,5,320.9583333333333,1823.57040825547,1.7419999999999998,5,0.738,5,5.4,5,3.4,5,10.6,5,0.8,-0.03397132322440578,-0.03397132322440578,-0.5105731481812256,1.1043396985587306,1.31609115304012,1.1043396985587306,1
26-27-prem-crystal-palace-vs-everton,2026-2027,31.0,prem,31.0,2027-04-10 14:00:00+00:00,False,31.0,11.0,,,crystal-palace,everton,fpl-core-insights,prem,1,0,0,0,5,320.9583333333333,1578.1328667938383,1.376,5,1.9140000000000001,5,3.8,5,2.4,5,20.2,5,0.0,5,320.9583333333333,1576.453512872542,1.442,5,1.436,5,4.0,5,2.2,5,18.4,5,0.0,0.46015062764588865,0.46015062764588865,0.3947012108766272,0.34775349594809035,0.5845989761815327,0.34775349594809035,1
26-27-prem-leeds-united-vs-nottingham-forest,2026-2027,31.0,prem,31.0,2027-04-10 14:00:00+00:00,False,2.0,17.0,,,leeds,nottingham-forest,fpl-core-insights,prem,1,0,0,0,5,320.9583333333333,1552.895415176873,1.154,5,1.832,5,3.8,5,1.6,5,18.0,5,0.2,5,320.9583333333333,1574.4570649597424,1.5719999999999998,5,1.97,5,5.0,5,3.2,5,17.8,5,0.2,0.37285985557858325,0.37285985557858325,0.11978116450297566,0.3765467333424707,0.5769986780851356,0.3765467333424707,1
26-27-prem-liverpool-vs-newcastle-united,2026-2027,31.0,prem,31.0,2027-04-10 14:00:00+00:00,False,14.0,4.0,,,liverpool,newcastle-united,fpl-core-insights,prem,1,0,0,0,5,320.9583333333333,1688.2023574276104,1.41,5,1.702,5,4.8,5,2.4,5,10.2,5,0.0,5,320.9583333333333,1603.4713488056666,1.536,5,1.1760000000000002,5,4.8,5,2.8,5,16.0,5,0.0,1.0223863997048255,1.0223863997048255,0.6897736227663469,0.4464485214340812,0.8638808246119045,0.4464485214340812,1
26-27-prem-manchester-united-vs-hull-city,2026-2027,31.0,prem,31.0,2027-04-10 14:00:00+00:00,False,1.0,88.0,,,manchester-united,hull,fpl-core-insights,prem,1,0,0,0,5,320.9583333333333,1686.5070372196753,2.1100000000000003,5,1.194,5,5.6,5,3.6,5,19.2,5,0.4,5,3611.0,1443.2558310656646,,0,,0,2.8,5,,0,,0,0.4,0.9493762032381273,0.9493762032381273,0.7244026044005156,-0.5635403550480563,-0.32888836333920834,-0.5635403550480563,1
26-27-prem-sunderland-vs-ipswich-town,2026-2027,31.0,prem,31.0,2027-04-10 14:00:00+00:00,False,56.0,40.0,,,sunderland,ipswich,fpl-core-insights,prem,1,0,0,0,5,320.9583333333333,1548.9612074082618,1.042,5,1.074,5,3.8,5,1.4,5,12.8,5,0.2,5,684.9583333333334,1413.0000795638719,0.792,5,1.282,5,3.0,5,0.8,5,9.4,5,0.0,0.28241494937088335,0.28241494937088335,-0.05342235135793143,-0.5078953295401891,-0.40961128998643453,-0.5078953295401891,1
26-27-prem-tottenham-hotspur-vs-brentford,2026-2027,31.0,prem,31.0,2027-04-10 14:00:00+00:00,False,6.0,94.0,,,tottenham,brentford,fpl-core-insights,prem,1,0,0,0,5,320.9583333333333,1538.6877107771982,1.1199999999999999,5,0.68,5,3.0,5,2.6,5,21.6,5,0.4,5,320.9583333333333,1612.1033719773698,1.39,5,2.004,5,3.4,5,2.4,5,15.6,5,0.2,0.3629780127030897,0.3629780127030897,0.36323920364566314,0.5693559959520306,0.7358693811055607,0.5693559959520306,1
26-27-prem-arsenal-vs-aston-villa,2026-2027,32.0,prem,32.0,2027-04-17 14:00:00+00:00,False,3.0,7.0,,,arsenal,aston-villa,fpl-core-insights,prem,1,0,0,0,5,327.9583333333333,1823.57040825547,1.7419999999999998,5,0.738,5,5.4,5,3.4,5,10.6,5,0.8,5,327.9583333333333,1681.4482636699722,1.262,5,1.3459999999999999,5,4.6,5,2.8,5,16.8,5,0.0,1.31609115304012,1.31609115304012,1.1043396985587306,0.5491489571462591,0.8530544022093206,0.5491489571462591,1
26-27-prem-brentford-vs-leeds-united,2026-2027,32.0,prem,32.0,2027-04-17 14:00:00+00:00,False,94.0,2.0,,,brentford,leeds,fpl-core-insights,prem,1,0,0,0,5,327.9583333333333,1612.1033719773698,1.39,5,2.004,5,3.4,5,2.4,5,15.6,5,0.2,5,327.9583333333333,1552.895415176873,1.154,5,1.832,5,3.8,5,1.6,5,18.0,5,0.2,0.7358693811055607,0.7358693811055607,0.5693559959520306,0.11978116450297566,0.37285985557858325,0.11978116450297566,1
26-27-prem-brighton-hove-albion-vs-chelsea,2026-2027,32.0,prem,32.0,2027-04-17 14:00:00+00:00,False,36.0,8.0,,,brighton,chelsea,fpl-core-insights,prem,1,0,0,0,5,327.9583333333333,1618.7592408156834,1.828,5,1.214,5,5.8,5,3.2,5,12.6,5,0.4,5,327.9583333333333,1612.1011779995458,0.908,5,1.5719999999999998,5,3.0,5,1.2,5,13.4,5,0.0,0.7390513794566753,0.7390513794566753,0.6682954625515989,0.6306439115626485,0.652849931302678,0.6306439115626485,1
26-27-prem-everton-vs-afc-bournemouth,2026-2027,32.0,prem,32.0,2027-04-17 14:00:00+00:00,False,11.0,91.0,,,everton,bournemouth,fpl-core-insights,prem,1,0,0,0,5,327.9583333333333,1576.453512872542,1.442,5,1.436,5,4.0,5,2.2,5,18.4,5,0.0,5,327.9583333333333,1647.5336782667596,1.55,5,1.248,5,4.6,5,2.4,5,15.4,5,0.4,0.5845989761815327,0.5845989761815327,0.34775349594809035,0.532004204271549,0.7514267392178918,0.532004204271549,1
26-27-prem-fulham-vs-sunderland,2026-2027,32.0,prem,32.0,2027-04-17 14:00:00+00:00,False,54.0,56.0,,,fulham,sunderland,fpl-core-insights,prem,1,0,0,0,5,327.9583333333333,1587.607129818733,1.2559999999999998,5,1.336,5,4.0,5,1.2,5,18.2,5,0.4,5,327.9583333333333,1548.9612074082618,1.042,5,1.074,5,3.8,5,1.4,5,12.8,5,0.2,0.5917613385281815,0.5917613385281815,0.3388978355555425,-0.05342235135793143,0.28241494937088335,-0.05342235135793143,1
26-27-prem-hull-city-vs-coventry-city,2026-2027,32.0,prem,32.0,2027-04-17 14:00:00+00:00,False,88.0,9.0,,,hull,coventry,fpl-core-insights,prem,1,0,0,0,5,3618.0,1443.2558310656646,,0,,0,2.8,5,,0,,0,0.4,5,9464.0,1439.89321746296,,0,,0,5.0,5,,0,,0,0.4,-0.32888836333920834,-0.32888836333920834,-0.5635403550480563,-0.5105731481812256,-0.03397132322440578,-0.5105731481812256,0
26-27-prem-ipswich-town-vs-manchester-united,2026-2027,32.0,prem,32.0,2027-04-17 14:00:00+00:00,False,40.0,1.0,,,ipswich,manchester-united,fpl-core-insights,prem,1,0,0,0,5,691.9583333333334,1413.0000795638719,0.792,5,1.282,5,3.0,5,0.8,5,9.4,5,0.0,5,327.9583333333333,1686.5070372196753,2.1100000000000003,5,1.194,5,5.6,5,3.6,5,19.2,5,0.4,-0.40961128998643453,-0.40961128998643453,-0.5078953295401891,0.7244026044005156,0.9493762032381273,0.7244026044005156,1
26-27-prem-manchester-city-vs-crystal-palace,2026-2027,32.0,prem,32.0,2027-04-17 14:00:00+00:00,False,43.0,31.0,,,manchester-city,crystal-palace,fpl-core-insights,prem,1,0,0,0,5,327.9583333333333,1775.6543946471888,1.8,5,1.5419999999999998,5,5.2,5,2.6,5,11.6,5,0.4,5,327.9583333333333,1578.1328667938383,1.376,5,1.9140000000000001,5,3.8,5,2.4,5,20.2,5,0.0,1.2867977906407848,1.2867977906407848,1.076147274770879,0.3947012108766272,0.46015062764588865,0.3947012108766272,1
26-27-prem-newcastle-united-vs-tottenham-hotspur,2026-2027,32.0,prem,32.0,2027-04-17 14:00:00+00:00,False,4.0,6.0,,,newcastle-united,tottenham,fpl-core-insights,prem,1,0,0,0,5,327.9583333333333,1603.4713488056666,1.536,5,1.1760000000000002,5,4.8,5,2.8,5,16.0,5,0.0,5,327.9583333333333,1538.6877107771982,1.1199999999999999,5,0.68,5,3.0,5,2.6,5,21.6,5,0.4,0.8638808246119045,0.8638808246119045,0.4464485214340812,0.36323920364566314,0.3629780127030897,0.36323920364566314,1
26-27-prem-nottingham-forest-vs-liverpool,2026-2027,32.0,prem,32.0,2027-04-17 14:00:00+00:00,False,17.0,14.0,,,nottingham-forest,liverpool,fpl-core-insights,prem,1,0,0,0,5,327.9583333333333,1574.4570649597424,1.5719999999999998,5,1.97,5,5.0,5,3.2,5,17.8,5,0.2,5,327.9583333333333,1688.2023574276104,1.41,5,1.702,5,4.8,5,2.4,5,10.2,5,0.0,0.5769986780851356,0.5769986780851356,0.3765467333424707,0.6897736227663469,1.0223863997048255,0.6897736227663469,1
26-27-prem-afc-bournemouth-vs-arsenal,2026-2027,33.0,prem,33.0,2027-04-24 14:00:00+00:00,False,91.0,3.0,,,bournemouth,arsenal,fpl-core-insights,prem,1,0,0,0,5,334.9583333333333,1647.5336782667596,1.55,5,1.248,5,4.6,5,2.4,5,15.4,5,0.4,5,334.9583333333333,1823.57040825547,1.7419999999999998,5,0.738,5,5.4,5,3.4,5,10.6,5,0.8,0.7514267392178918,0.7514267392178918,0.532004204271549,1.1043396985587306,1.31609115304012,1.1043396985587306,1
26-27-prem-aston-villa-vs-coventry-city,2026-2027,33.0,prem,33.0,2027-04-24 14:00:00+00:00,False,7.0,9.0,,,aston-villa,coventry,fpl-core-insights,prem,1,0,0,0,5,334.9583333333333,1681.4482636699722,1.262,5,1.3459999999999999,5,4.6,5,2.8,5,16.8,5,0.0,5,9471.0,1439.89321746296,,0,,0,5.0,5,,0,,0,0.4,0.8530544022093206,0.8530544022093206,0.5491489571462591,-0.5105731481812256,-0.03397132322440578,-0.5105731481812256,1
26-27-prem-brentford-vs-fulham,2026-2027,33.0,prem,33.0,2027-04-24 14:00:00+00:00,False,94.0,54.0,,,brentford,fulham,fpl-core-insights,prem,1,0,0,0,5,334.9583333333333,1612.1033719773698,1.39,5,2.004,5,3.4,5,2.4,5,15.6,5,0.2,5,334.9583333333333,1587.607129818733,1.2559999999999998,5,1.336,5,4.0,5,1.2,5,18.2,5,0.4,0.7358693811055607,0.7358693811055607,0.5693559959520306,0.3388978355555425,0.5917613385281815,0.3388978355555425,1
26-27-prem-chelsea-vs-manchester-city,2026-2027,33.0,prem,33.0,2027-04-24 14:00:00+00:00,False,8.0,43.0,,,chelsea,manchester-city,fpl-core-insights,prem,1,0,0,0,5,334.9583333333333,1612.1011779995458,0.908,5,1.5719999999999998,5,3.0,5,1.2,5,13.4,5,0.0,5,334.9583333333333,1775.6543946471888,1.8,5,1.5419999999999998,5,5.2,5,2.6,5,11.6,5,0.4,0.652849931302678,0.652849931302678,0.6306439115626485,1.076147274770879,1.2867977906407848,1.076147274770879,1
26-27-prem-everton-vs-brighton-hove-albion,2026-2027,33.0,prem,33.0,2027-04-24 14:00:00+00:00,False,11.0,36.0,,,everton,brighton,fpl-core-insights,prem,1,0,0,0,5,334.9583333333333,1576.453512872542,1.442,5,1.436,5,4.0,5,2.2,5,18.4,5,0.0,5,334.9583333333333,1618.7592408156834,1.828,5,1.214,5,5.8,5,3.2,5,12.6,5,0.4,0.5845989761815327,0.5845989761815327,0.34775349594809035,0.6682954625515989,0.7390513794566753,0.6682954625515989,1
26-27-prem-leeds-united-vs-liverpool,2026-2027,33.0,prem,33.0,2027-04-24 14:00:00+00:00,False,2.0,14.0,,,leeds,liverpool,fpl-core-insights,prem,1,0,0,0,5,334.9583333333333,1552.895415176873,1.154,5,1.832,5,3.8,5,1.6,5,18.0,5,0.2,5,334.9583333333333,1688.2023574276104,1.41,5,1.702,5,4.8,5,2.4,5,10.2,5,0.0,0.37285985557858325,0.37285985557858325,0.11978116450297566,0.6897736227663469,1.0223863997048255,0.6897736227663469,1
26-27-prem-manchester-united-vs-crystal-palace,2026-2027,33.0,prem,33.0,2027-04-24 14:00:00+00:00,False,1.0,31.0,,,manchester-united,crystal-palace,fpl-core-insights,prem,1,0,0,0,5,334.9583333333333,1686.5070372196753,2.1100000000000003,5,1.194,5,5.6,5,3.6,5,19.2,5,0.4,5,334.9583333333333,1578.1328667938383,1.376,5,1.9140000000000001,5,3.8,5,2.4,5,20.2,5,0.0,0.9493762032381273,0.9493762032381273,0.7244026044005156,0.3947012108766272,0.46015062764588865,0.3947012108766272,1
26-27-prem-newcastle-united-vs-ipswich-town,2026-2027,33.0,prem,33.0,2027-04-24 14:00:00+00:00,False,4.0,40.0,,,newcastle-united,ipswich,fpl-core-insights,prem,1,0,0,0,5,334.9583333333333,1603.4713488056666,1.536,5,1.1760000000000002,5,4.8,5,2.8,5,16.0,5,0.0,5,698.9583333333334,1413.0000795638719,0.792,5,1.282,5,3.0,5,0.8,5,9.4,5,0.0,0.8638808246119045,0.8638808246119045,0.4464485214340812,-0.5078953295401891,-0.40961128998643453,-0.5078953295401891,1
26-27-prem-nottingham-forest-vs-sunderland,2026-2027,33.0,prem,33.0,2027-04-24 14:00:00+00:00,False,17.0,56.0,,,nottingham-forest,sunderland,fpl-core-insights,prem,1,0,0,0,5,334.9583333333333,1574.4570649597424,1.5719999999999998,5,1.97,5,5.0,5,3.2,5,17.8,5,0.2,5,334.9583333333333,1548.9612074082618,1.042,5,1.074,5,3.8,5,1.4,5,12.8,5,0.2,0.5769986780851356,0.5769986780851356,0.3765467333424707,-0.05342235135793143,0.28241494937088335,-0.05342235135793143,1
26-27-prem-tottenham-hotspur-vs-hull-city,2026-2027,33.0,prem,33.0,2027-04-24 14:00:00+00:00,False,6.0,88.0,,,tottenham,hull,fpl-core-insights,prem,1,0,0,0,5,334.9583333333333,1538.6877107771982,1.1199999999999999,5,0.68,5,3.0,5,2.6,5,21.6,5,0.4,5,3625.0,1443.2558310656646,,0,,0,2.8,5,,0,,0,0.4,0.3629780127030897,0.3629780127030897,0.36323920364566314,-0.5635403550480563,-0.32888836333920834,-0.5635403550480563,1
26-27-prem-arsenal-vs-tottenham-hotspur,2026-2027,34.0,prem,34.0,2027-05-01 14:00:00+00:00,False,3.0,6.0,,,arsenal,tottenham,fpl-core-insights,prem,1,0,0,0,5,341.9583333333333,1823.57040825547,1.7419999999999998,5,0.738,5,5.4,5,3.4,5,10.6,5,0.8,5,341.9583333333333,1538.6877107771982,1.1199999999999999,5,0.68,5,3.0,5,2.6,5,21.6,5,0.4,1.31609115304012,1.31609115304012,1.1043396985587306,0.36323920364566314,0.3629780127030897,0.36323920364566314,1
26-27-prem-brighton-hove-albion-vs-nottingham-forest,2026-2027,34.0,prem,34.0,2027-05-01 14:00:00+00:00,False,36.0,17.0,,,brighton,nottingham-forest,fpl-core-insights,prem,1,0,0,0,5,341.9583333333333,1618.7592408156834,1.828,5,1.214,5,5.8,5,3.2,5,12.6,5,0.4,5,341.9583333333333,1574.4570649597424,1.5719999999999998,5,1.97,5,5.0,5,3.2,5,17.8,5,0.2,0.7390513794566753,0.7390513794566753,0.6682954625515989,0.3765467333424707,0.5769986780851356,0.3765467333424707,1
26-27-prem-coventry-city-vs-manchester-united,2026-2027,34.0,prem,34.0,2027-05-01 14:00:00+00:00,False,9.0,1.0,,,coventry,manchester-united,fpl-core-insights,prem,1,0,0,0,5,9478.0,1439.89321746296,,0,,0,5.0,5,,0,,0,0.4,5,341.9583333333333,1686.5070372196753,2.1100000000000003,5,1.194,5,5.6,5,3.6,5,19.2,5,0.4,-0.03397132322440578,-0.03397132322440578,-0.5105731481812256,0.7244026044005156,0.9493762032381273,0.7244026044005156,1
26-27-prem-crystal-palace-vs-aston-villa,2026-2027,34.0,prem,34.0,2027-05-01 14:00:00+00:00,False,31.0,7.0,,,crystal-palace,aston-villa,fpl-core-insights,prem,1,0,0,0,5,341.9583333333333,1578.1328667938383,1.376,5,1.9140000000000001,5,3.8,5,2.4,5,20.2,5,0.0,5,341.9583333333333,1681.4482636699722,1.262,5,1.3459999999999999,5,4.6,5,2.8,5,16.8,5,0.0,0.46015062764588865,0.46015062764588865,0.3947012108766272,0.5491489571462591,0.8530544022093206,0.5491489571462591,1
26-27-prem-fulham-vs-everton,2026-2027,34.0,prem,34.0,2027-05-01 14:00:00+00:00,False,54.0,11.0,,,fulham,everton,fpl-core-insights,prem,1,0,0,0,5,341.9583333333333,1587.607129818733,1.2559999999999998,5,1.336,5,4.0,5,1.2,5,18.2,5,0.4,5,341.9583333333333,1576.453512872542,1.442,5,1.436,5,4.0,5,2.2,5,18.4,5,0.0,0.5917613385281815,0.5917613385281815,0.3388978355555425,0.34775349594809035,0.5845989761815327,0.34775349594809035,1
26-27-prem-hull-city-vs-afc-bournemouth,2026-2027,34.0,prem,34.0,2027-05-01 14:00:00+00:00,False,88.0,91.0,,,hull,bournemouth,fpl-core-insights,prem,1,0,0,0,5,3632.0,1443.2558310656646,,0,,0,2.8,5,,0,,0,0.4,5,341.9583333333333,1647.5336782667596,1.55,5,1.248,5,4.6,5,2.4,5,15.4,5,0.4,-0.32888836333920834,-0.32888836333920834,-0.5635403550480563,0.532004204271549,0.7514267392178918,0.532004204271549,1
26-27-prem-ipswich-town-vs-leeds-united,2026-2027,34.0,prem,34.0,2027-05-01 14:00:00+00:00,False,40.0,2.0,,,ipswich,leeds,fpl-core-insights,prem,1,0,0,0,5,705.9583333333334,1413.0000795638719,0.792,5,1.282,5,3.0,5,0.8,5,9.4,5,0.0,5,341.9583333333333,1552.895415176873,1.154,5,1.832,5,3.8,5,1.6,5,18.0,5,0.2,-0.40961128998643453,-0.40961128998643453,-0.5078953295401891,0.11978116450297566,0.37285985557858325,0.11978116450297566,1
26-27-prem-liverpool-vs-chelsea,2026-2027,34.0,prem,34.0,2027-05-01 14:00:00+00:00,False,14.0,8.0,,,liverpool,chelsea,fpl-core-insights,prem,1,0,0,0,5,341.9583333333333,1688.2023574276104,1.41,5,1.702,5,4.8,5,2.4,5,10.2,5,0.0,5,341.9583333333333,1612.1011779995458,0.908,5,1.5719999999999998,5,3.0,5,1.2,5,13.4,5,0.0,1.0223863997048255,1.0223863997048255,0.6897736227663469,0.6306439115626485,0.652849931302678,0.6306439115626485,1
26-27-prem-manchester-city-vs-brentford,2026-2027,34.0,prem,34.0,2027-05-01 14:00:00+00:00,False,43.0,94.0,,,manchester-city,brentford,fpl-core-insights,prem,1,0,0,0,5,341.9583333333333,1775.6543946471888,1.8,5,1.5419999999999998,5,5.2,5,2.6,5,11.6,5,0.4,5,341.9583333333333,1612.1033719773698,1.39,5,2.004,5,3.4,5,2.4,5,15.6,5,0.2,1.2867977906407848,1.2867977906407848,1.076147274770879,0.5693559959520306,0.7358693811055607,0.5693559959520306,1
26-27-prem-sunderland-vs-newcastle-united,2026-2027,34.0,prem,34.0,2027-05-01 14:00:00+00:00,False,56.0,4.0,,,sunderland,newcastle-united,fpl-core-insights,prem,1,0,0,0,5,341.9583333333333,1548.9612074082618,1.042,5,1.074,5,3.8,5,1.4,5,12.8,5,0.2,5,341.9583333333333,1603.4713488056666,1.536,5,1.1760000000000002,5,4.8,5,2.8,5,16.0,5,0.0,0.28241494937088335,0.28241494937088335,-0.05342235135793143,0.4464485214340812,0.8638808246119045,0.4464485214340812,1
26-27-prem-afc-bournemouth-vs-manchester-united,2026-2027,35.0,prem,35.0,2027-05-08 14:00:00+00:00,False,91.0,1.0,,,bournemouth,manchester-united,fpl-core-insights,prem,1,0,0,0,5,348.9583333333333,1647.5336782667596,1.55,5,1.248,5,4.6,5,2.4,5,15.4,5,0.4,5,348.9583333333333,1686.5070372196753,2.1100000000000003,5,1.194,5,5.6,5,3.6,5,19.2,5,0.4,0.7514267392178918,0.7514267392178918,0.532004204271549,0.7244026044005156,0.9493762032381273,0.7244026044005156,1
26-27-prem-brentford-vs-aston-villa,2026-2027,35.0,prem,35.0,2027-05-08 14:00:00+00:00,False,94.0,7.0,,,brentford,aston-villa,fpl-core-insights,prem,1,0,0,0,5,348.9583333333333,1612.1033719773698,1.39,5,2.004,5,3.4,5,2.4,5,15.6,5,0.2,5,348.9583333333333,1681.4482636699722,1.262,5,1.3459999999999999,5,4.6,5,2.8,5,16.8,5,0.0,0.7358693811055607,0.7358693811055607,0.5693559959520306,0.5491489571462591,0.8530544022093206,0.5491489571462591,1
26-27-prem-brighton-hove-albion-vs-sunderland,2026-2027,35.0,prem,35.0,2027-05-08 14:00:00+00:00,False,36.0,56.0,,,brighton,sunderland,fpl-core-insights,prem,1,0,0,0,5,348.9583333333333,1618.7592408156834,1.828,5,1.214,5,5.8,5,3.2,5,12.6,5,0.4,5,348.9583333333333,1548.9612074082618,1.042,5,1.074,5,3.8,5,1.4,5,12.8,5,0.2,0.7390513794566753,0.7390513794566753,0.6682954625515989,-0.05342235135793143,0.28241494937088335,-0.05342235135793143,1
26-27-prem-everton-vs-hull-city,2026-2027,35.0,prem,35.0,2027-05-08 14:00:00+00:00,False,11.0,88.0,,,everton,hull,fpl-core-insights,prem,1,0,0,0,5,348.9583333333333,1576.453512872542,1.442,5,1.436,5,4.0,5,2.2,5,18.4,5,0.0,5,3639.0,1443.2558310656646,,0,,0,2.8,5,,0,,0,0.4,0.5845989761815327,0.5845989761815327,0.34775349594809035,-0.5635403550480563,-0.32888836333920834,-0.5635403550480563,1
26-27-prem-fulham-vs-ipswich-town,2026-2027,35.0,prem,35.0,2027-05-08 14:00:00+00:00,False,54.0,40.0,,,fulham,ipswich,fpl-core-insights,prem,1,0,0,0,5,348.9583333333333,1587.607129818733,1.2559999999999998,5,1.336,5,4.0,5,1.2,5,18.2,5,0.4,5,712.9583333333334,1413.0000795638719,0.792,5,1.282,5,3.0,5,0.8,5,9.4,5,0.0,0.5917613385281815,0.5917613385281815,0.3388978355555425,-0.5078953295401891,-0.40961128998643453,-0.5078953295401891,1
26-27-prem-leeds-united-vs-arsenal,2026-2027,35.0,prem,35.0,2027-05-08 14:00:00+00:00,False,2.0,3.0,,,leeds,arsenal,fpl-core-insights,prem,1,0,0,0,5,348.9583333333333,1552.895415176873,1.154,5,1.832,5,3.8,5,1.6,5,18.0,5,0.2,5,348.9583333333333,1823.57040825547,1.7419999999999998,5,0.738,5,5.4,5,3.4,5,10.6,5,0.8,0.37285985557858325,0.37285985557858325,0.11978116450297566,1.1043396985587306,1.31609115304012,1.1043396985587306,1
26-27-prem-manchester-city-vs-liverpool,2026-2027,35.0,prem,35.0,2027-05-08 14:00:00+00:00,False,43.0,14.0,,,manchester-city,liverpool,fpl-core-insights,prem,1,0,0,0,5,348.9583333333333,1775.6543946471888,1.8,5,1.5419999999999998,5,5.2,5,2.6,5,11.6,5,0.4,5,348.9583333333333,1688.2023574276104,1.41,5,1.702,5,4.8,5,2.4,5,10.2,5,0.0,1.2867977906407848,1.2867977906407848,1.076147274770879,0.6897736227663469,1.0223863997048255,0.6897736227663469,1
26-27-prem-newcastle-united-vs-coventry-city,2026-2027,35.0,prem,35.0,2027-05-08 14:00:00+00:00,False,4.0,9.0,,,newcastle-united,coventry,fpl-core-insights,prem,1,0,0,0,5,348.9583333333333,1603.4713488056666,1.536,5,1.1760000000000002,5,4.8,5,2.8,5,16.0,5,0.0,5,9485.0,1439.89321746296,,0,,0,5.0,5,,0,,0,0.4,0.8638808246119045,0.8638808246119045,0.4464485214340812,-0.5105731481812256,-0.03397132322440578,-0.5105731481812256,1
26-27-prem-nottingham-forest-vs-crystal-palace,2026-2027,35.0,prem,35.0,2027-05-08 14:00:00+00:00,False,17.0,31.0,,,nottingham-forest,crystal-palace,fpl-core-insights,prem,1,0,0,0,5,348.9583333333333,1574.4570649597424,1.5719999999999998,5,1.97,5,5.0,5,3.2,5,17.8,5,0.2,5,348.9583333333333,1578.1328667938383,1.376,5,1.9140000000000001,5,3.8,5,2.4,5,20.2,5,0.0,0.5769986780851356,0.5769986780851356,0.3765467333424707,0.3947012108766272,0.46015062764588865,0.3947012108766272,1
26-27-prem-tottenham-hotspur-vs-chelsea,2026-2027,35.0,prem,35.0,2027-05-08 14:00:00+00:00,False,6.0,8.0,,,tottenham,chelsea,fpl-core-insights,prem,1,0,0,0,5,348.9583333333333,1538.6877107771982,1.1199999999999999,5,0.68,5,3.0,5,2.6,5,21.6,5,0.4,5,348.9583333333333,1612.1011779995458,0.908,5,1.5719999999999998,5,3.0,5,1.2,5,13.4,5,0.0,0.3629780127030897,0.3629780127030897,0.36323920364566314,0.6306439115626485,0.652849931302678,0.6306439115626485,1
26-27-prem-arsenal-vs-nottingham-forest,2026-2027,36.0,prem,36.0,2027-05-15 14:00:00+00:00,False,3.0,17.0,,,arsenal,nottingham-forest,fpl-core-insights,prem,1,0,0,0,5,355.9583333333333,1823.57040825547,1.7419999999999998,5,0.738,5,5.4,5,3.4,5,10.6,5,0.8,5,355.9583333333333,1574.4570649597424,1.5719999999999998,5,1.97,5,5.0,5,3.2,5,17.8,5,0.2,1.31609115304012,1.31609115304012,1.1043396985587306,0.3765467333424707,0.5769986780851356,0.3765467333424707,1
26-27-prem-aston-villa-vs-newcastle-united,2026-2027,36.0,prem,36.0,2027-05-15 14:00:00+00:00,False,7.0,4.0,,,aston-villa,newcastle-united,fpl-core-insights,prem,1,0,0,0,5,355.9583333333333,1681.4482636699722,1.262,5,1.3459999999999999,5,4.6,5,2.8,5,16.8,5,0.0,5,355.9583333333333,1603.4713488056666,1.536,5,1.1760000000000002,5,4.8,5,2.8,5,16.0,5,0.0,0.8530544022093206,0.8530544022093206,0.5491489571462591,0.4464485214340812,0.8638808246119045,0.4464485214340812,1
26-27-prem-chelsea-vs-everton,2026-2027,36.0,prem,36.0,2027-05-15 14:00:00+00:00,False,8.0,11.0,,,chelsea,everton,fpl-core-insights,prem,1,0,0,0,5,355.9583333333333,1612.1011779995458,0.908,5,1.5719999999999998,5,3.0,5,1.2,5,13.4,5,0.0,5,355.9583333333333,1576.453512872542,1.442,5,1.436,5,4.0,5,2.2,5,18.4,5,0.0,0.652849931302678,0.652849931302678,0.6306439115626485,0.34775349594809035,0.5845989761815327,0.34775349594809035,1
26-27-prem-coventry-city-vs-tottenham-hotspur,2026-2027,36.0,prem,36.0,2027-05-15 14:00:00+00:00,False,9.0,6.0,,,coventry,tottenham,fpl-core-insights,prem,1,0,0,0,5,9492.0,1439.89321746296,,0,,0,5.0,5,,0,,0,0.4,5,355.9583333333333,1538.6877107771982,1.1199999999999999,5,0.68,5,3.0,5,2.6,5,21.6,5,0.4,-0.03397132322440578,-0.03397132322440578,-0.5105731481812256,0.36323920364566314,0.3629780127030897,0.36323920364566314,1
26-27-prem-crystal-palace-vs-brighton-hove-albion,2026-2027,36.0,prem,36.0,2027-05-15 14:00:00+00:00,False,31.0,36.0,,,crystal-palace,brighton,fpl-core-insights,prem,1,0,0,0,5,355.9583333333333,1578.1328667938383,1.376,5,1.9140000000000001,5,3.8,5,2.4,5,20.2,5,0.0,5,355.9583333333333,1618.7592408156834,1.828,5,1.214,5,5.8,5,3.2,5,12.6,5,0.4,0.46015062764588865,0.46015062764588865,0.3947012108766272,0.6682954625515989,0.7390513794566753,0.6682954625515989,1
26-27-prem-hull-city-vs-fulham,2026-2027,36.0,prem,36.0,2027-05-15 14:00:00+00:00,False,88.0,54.0,,,hull,fulham,fpl-core-insights,prem,1,0,0,0,5,3646.0,1443.2558310656646,,0,,0,2.8,5,,0,,0,0.4,5,355.9583333333333,1587.607129818733,1.2559999999999998,5,1.336,5,4.0,5,1.2,5,18.2,5,0.4,-0.32888836333920834,-0.32888836333920834,-0.5635403550480563,0.3388978355555425,0.5917613385281815,0.3388978355555425,1
26-27-prem-ipswich-town-vs-manchester-city,2026-2027,36.0,prem,36.0,2027-05-15 14:00:00+00:00,False,40.0,43.0,,,ipswich,manchester-city,fpl-core-insights,prem,1,0,0,0,5,719.9583333333334,1413.0000795638719,0.792,5,1.282,5,3.0,5,0.8,5,9.4,5,0.0,5,355.9583333333333,1775.6543946471888,1.8,5,1.5419999999999998,5,5.2,5,2.6,5,11.6,5,0.4,-0.40961128998643453,-0.40961128998643453,-0.5078953295401891,1.076147274770879,1.2867977906407848,1.076147274770879,1
26-27-prem-liverpool-vs-brentford,2026-2027,36.0,prem,36.0,2027-05-15 14:00:00+00:00,False,14.0,94.0,,,liverpool,brentford,fpl-core-insights,prem,1,0,0,0,5,355.9583333333333,1688.2023574276104,1.41,5,1.702,5,4.8,5,2.4,5,10.2,5,0.0,5,355.9583333333333,1612.1033719773698,1.39,5,2.004,5,3.4,5,2.4,5,15.6,5,0.2,1.0223863997048255,1.0223863997048255,0.6897736227663469,0.5693559959520306,0.7358693811055607,0.5693559959520306,1
26-27-prem-manchester-united-vs-leeds-united,2026-2027,36.0,prem,36.0,2027-05-15 14:00:00+00:00,False,1.0,2.0,,,manchester-united,leeds,fpl-core-insights,prem,1,0,0,0,5,355.9583333333333,1686.5070372196753,2.1100000000000003,5,1.194,5,5.6,5,3.6,5,19.2,5,0.4,5,355.9583333333333,1552.895415176873,1.154,5,1.832,5,3.8,5,1.6,5,18.0,5,0.2,0.9493762032381273,0.9493762032381273,0.7244026044005156,0.11978116450297566,0.37285985557858325,0.11978116450297566,1
26-27-prem-sunderland-vs-afc-bournemouth,2026-2027,36.0,prem,36.0,2027-05-15 14:00:00+00:00,False,56.0,91.0,,,sunderland,bournemouth,fpl-core-insights,prem,1,0,0,0,5,355.9583333333333,1548.9612074082618,1.042,5,1.074,5,3.8,5,1.4,5,12.8,5,0.2,5,355.9583333333333,1647.5336782667596,1.55,5,1.248,5,4.6,5,2.4,5,15.4,5,0.4,0.28241494937088335,0.28241494937088335,-0.05342235135793143,0.532004204271549,0.7514267392178918,0.532004204271549,1
26-27-prem-afc-bournemouth-vs-chelsea,2026-2027,37.0,prem,37.0,2027-05-23 14:00:00+00:00,False,91.0,8.0,,,bournemouth,chelsea,fpl-core-insights,prem,1,0,0,0,5,363.9583333333333,1647.5336782667596,1.55,5,1.248,5,4.6,5,2.4,5,15.4,5,0.4,5,363.9583333333333,1612.1011779995458,0.908,5,1.5719999999999998,5,3.0,5,1.2,5,13.4,5,0.0,0.7514267392178918,0.7514267392178918,0.532004204271549,0.6306439115626485,0.652849931302678,0.6306439115626485,1
26-27-prem-brentford-vs-hull-city,2026-2027,37.0,prem,37.0,2027-05-23 14:00:00+00:00,False,94.0,88.0,,,brentford,hull,fpl-core-insights,prem,1,0,0,0,5,363.9583333333333,1612.1033719773698,1.39,5,2.004,5,3.4,5,2.4,5,15.6,5,0.2,5,3654.0,1443.2558310656646,,0,,0,2.8,5,,0,,0,0.4,0.7358693811055607,0.7358693811055607,0.5693559959520306,-0.5635403550480563,-0.32888836333920834,-0.5635403550480563,1
26-27-prem-brighton-hove-albion-vs-liverpool,2026-2027,37.0,prem,37.0,2027-05-23 14:00:00+00:00,False,36.0,14.0,,,brighton,liverpool,fpl-core-insights,prem,1,0,0,0,5,363.9583333333333,1618.7592408156834,1.828,5,1.214,5,5.8,5,3.2,5,12.6,5,0.4,5,363.9583333333333,1688.2023574276104,1.41,5,1.702,5,4.8,5,2.4,5,10.2,5,0.0,0.7390513794566753,0.7390513794566753,0.6682954625515989,0.6897736227663469,1.0223863997048255,0.6897736227663469,1
26-27-prem-everton-vs-arsenal,2026-2027,37.0,prem,37.0,2027-05-23 14:00:00+00:00,False,11.0,3.0,,,everton,arsenal,fpl-core-insights,prem,1,0,0,0,5,363.9583333333333,1576.453512872542,1.442,5,1.436,5,4.0,5,2.2,5,18.4,5,0.0,5,363.9583333333333,1823.57040825547,1.7419999999999998,5,0.738,5,5.4,5,3.4,5,10.6,5,0.8,0.5845989761815327,0.5845989761815327,0.34775349594809035,1.1043396985587306,1.31609115304012,1.1043396985587306,1
26-27-prem-fulham-vs-coventry-city,2026-2027,37.0,prem,37.0,2027-05-23 14:00:00+00:00,False,54.0,9.0,,,fulham,coventry,fpl-core-insights,prem,1,0,0,0,5,363.9583333333333,1587.607129818733,1.2559999999999998,5,1.336,5,4.0,5,1.2,5,18.2,5,0.4,5,9500.0,1439.89321746296,,0,,0,5.0,5,,0,,0,0.4,0.5917613385281815,0.5917613385281815,0.3388978355555425,-0.5105731481812256,-0.03397132322440578,-0.5105731481812256,1
26-27-prem-leeds-united-vs-sunderland,2026-2027,37.0,prem,37.0,2027-05-23 14:00:00+00:00,False,2.0,56.0,,,leeds,sunderland,fpl-core-insights,prem,1,0,0,0,5,363.9583333333333,1552.895415176873,1.154,5,1.832,5,3.8,5,1.6,5,18.0,5,0.2,5,363.9583333333333,1548.9612074082618,1.042,5,1.074,5,3.8,5,1.4,5,12.8,5,0.2,0.37285985557858325,0.37285985557858325,0.11978116450297566,-0.05342235135793143,0.28241494937088335,-0.05342235135793143,1
26-27-prem-manchester-city-vs-aston-villa,2026-2027,37.0,prem,37.0,2027-05-23 14:00:00+00:00,False,43.0,7.0,,,manchester-city,aston-villa,fpl-core-insights,prem,1,0,0,0,5,363.9583333333333,1775.6543946471888,1.8,5,1.5419999999999998,5,5.2,5,2.6,5,11.6,5,0.4,5,363.9583333333333,1681.4482636699722,1.262,5,1.3459999999999999,5,4.6,5,2.8,5,16.8,5,0.0,1.2867977906407848,1.2867977906407848,1.076147274770879,0.5491489571462591,0.8530544022093206,0.5491489571462591,1
26-27-prem-newcastle-united-vs-crystal-palace,2026-2027,37.0,prem,37.0,2027-05-23 14:00:00+00:00,False,4.0,31.0,,,newcastle-united,crystal-palace,fpl-core-insights,prem,1,0,0,0,5,363.9583333333333,1603.4713488056666,1.536,5,1.1760000000000002,5,4.8,5,2.8,5,16.0,5,0.0,5,363.9583333333333,1578.1328667938383,1.376,5,1.9140000000000001,5,3.8,5,2.4,5,20.2,5,0.0,0.8638808246119045,0.8638808246119045,0.4464485214340812,0.3947012108766272,0.46015062764588865,0.3947012108766272,1
26-27-prem-nottingham-forest-vs-ipswich-town,2026-2027,37.0,prem,37.0,2027-05-23 14:00:00+00:00,False,17.0,40.0,,,nottingham-forest,ipswich,fpl-core-insights,prem,1,0,0,0,5,363.9583333333333,1574.4570649597424,1.5719999999999998,5,1.97,5,5.0,5,3.2,5,17.8,5,0.2,5,727.9583333333334,1413.0000795638719,0.792,5,1.282,5,3.0,5,0.8,5,9.4,5,0.0,0.5769986780851356,0.5769986780851356,0.3765467333424707,-0.5078953295401891,-0.40961128998643453,-0.5078953295401891,1
26-27-prem-tottenham-hotspur-vs-manchester-united,2026-2027,37.0,prem,37.0,2027-05-23 14:00:00+00:00,False,6.0,1.0,,,tottenham,manchester-united,fpl-core-insights,prem,1,0,0,0,5,363.9583333333333,1538.6877107771982,1.1199999999999999,5,0.68,5,3.0,5,2.6,5,21.6,5,0.4,5,363.9583333333333,1686.5070372196753,2.1100000000000003,5,1.194,5,5.6,5,3.6,5,19.2,5,0.4,0.3629780127030897,0.3629780127030897,0.36323920364566314,0.7244026044005156,0.9493762032381273,0.7244026044005156,1
26-27-prem-arsenal-vs-brighton-hove-albion,2026-2027,38.0,prem,38.0,2027-05-30 15:00:00+00:00,False,3.0,36.0,,,arsenal,brighton,fpl-core-insights,prem,1,0,0,0,5,371.0,1823.57040825547,1.7419999999999998,5,0.738,5,5.4,5,3.4,5,10.6,5,0.8,5,371.0,1618.7592408156834,1.828,5,1.214,5,5.8,5,3.2,5,12.6,5,0.4,1.31609115304012,1.31609115304012,1.1043396985587306,0.6682954625515989,0.7390513794566753,0.6682954625515989,1
26-27-prem-aston-villa-vs-tottenham-hotspur,2026-2027,38.0,prem,38.0,2027-05-30 15:00:00+00:00,False,7.0,6.0,,,aston-villa,tottenham,fpl-core-insights,prem,1,0,0,0,5,371.0,1681.4482636699722,1.262,5,1.3459999999999999,5,4.6,5,2.8,5,16.8,5,0.0,5,371.0,1538.6877107771982,1.1199999999999999,5,0.68,5,3.0,5,2.6,5,21.6,5,0.4,0.8530544022093206,0.8530544022093206,0.5491489571462591,0.36323920364566314,0.3629780127030897,0.36323920364566314,1
26-27-prem-chelsea-vs-brentford,2026-2027,38.0,prem,38.0,2027-05-30 15:00:00+00:00,False,8.0,94.0,,,chelsea,brentford,fpl-core-insights,prem,1,0,0,0,5,371.0,1612.1011779995458,0.908,5,1.5719999999999998,5,3.0,5,1.2,5,13.4,5,0.0,5,371.0,1612.1033719773698,1.39,5,2.004,5,3.4,5,2.4,5,15.6,5,0.2,0.652849931302678,0.652849931302678,0.6306439115626485,0.5693559959520306,0.7358693811055607,0.5693559959520306,1
26-27-prem-coventry-city-vs-nottingham-forest,2026-2027,38.0,prem,38.0,2027-05-30 15:00:00+00:00,False,9.0,17.0,,,coventry,nottingham-forest,fpl-core-insights,prem,1,0,0,0,5,9507.041666666666,1439.89321746296,,0,,0,5.0,5,,0,,0,0.4,5,371.0,1574.4570649597424,1.5719999999999998,5,1.97,5,5.0,5,3.2,5,17.8,5,0.2,-0.03397132322440578,-0.03397132322440578,-0.5105731481812256,0.3765467333424707,0.5769986780851356,0.3765467333424707,1
26-27-prem-crystal-palace-vs-leeds-united,2026-2027,38.0,prem,38.0,2027-05-30 15:00:00+00:00,False,31.0,2.0,,,crystal-palace,leeds,fpl-core-insights,prem,1,0,0,0,5,371.0,1578.1328667938383,1.376,5,1.9140000000000001,5,3.8,5,2.4,5,20.2,5,0.0,5,371.0,1552.895415176873,1.154,5,1.832,5,3.8,5,1.6,5,18.0,5,0.2,0.46015062764588865,0.46015062764588865,0.3947012108766272,0.11978116450297566,0.37285985557858325,0.11978116450297566,1
26-27-prem-hull-city-vs-newcastle-united,2026-2027,38.0,prem,38.0,2027-05-30 15:00:00+00:00,False,88.0,4.0,,,hull,newcastle-united,fpl-core-insights,prem,1,0,0,0,5,3661.0416666666665,1443.2558310656646,,0,,0,2.8,5,,0,,0,0.4,5,371.0,1603.4713488056666,1.536,5,1.1760000000000002,5,4.8,5,2.8,5,16.0,5,0.0,-0.32888836333920834,-0.32888836333920834,-0.5635403550480563,0.4464485214340812,0.8638808246119045,0.4464485214340812,1
26-27-prem-ipswich-town-vs-everton,2026-2027,38.0,prem,38.0,2027-05-30 15:00:00+00:00,False,40.0,11.0,,,ipswich,everton,fpl-core-insights,prem,1,0,0,0,5,735.0,1413.0000795638719,0.792,5,1.282,5,3.0,5,0.8,5,9.4,5,0.0,5,371.0,1576.453512872542,1.442,5,1.436,5,4.0,5,2.2,5,18.4,5,0.0,-0.40961128998643453,-0.40961128998643453,-0.5078953295401891,0.34775349594809035,0.5845989761815327,0.34775349594809035,1
26-27-prem-liverpool-vs-afc-bournemouth,2026-2027,38.0,prem,38.0,2027-05-30 15:00:00+00:00,False,14.0,91.0,,,liverpool,bournemouth,fpl-core-insights,prem,1,0,0,0,5,371.0,1688.2023574276104,1.41,5,1.702,5,4.8,5,2.4,5,10.2,5,0.0,5,371.0,1647.5336782667596,1.55,5,1.248,5,4.6,5,2.4,5,15.4,5,0.4,1.0223863997048255,1.0223863997048255,0.6897736227663469,0.532004204271549,0.7514267392178918,0.532004204271549,1
26-27-prem-manchester-united-vs-fulham,2026-2027,38.0,prem,38.0,2027-05-30 15:00:00+00:00,False,1.0,54.0,,,manchester-united,fulham,fpl-core-insights,prem,1,0,0,0,5,371.0,1686.5070372196753,2.1100000000000003,5,1.194,5,5.6,5,3.6,5,19.2,5,0.4,5,371.0,1587.607129818733,1.2559999999999998,5,1.336,5,4.0,5,1.2,5,18.2,5,0.4,0.9493762032381273,0.9493762032381273,0.7244026044005156,0.3388978355555425,0.5917613385281815,0.3388978355555425,1
26-27-prem-sunderland-vs-manchester-city,2026-2027,38.0,prem,38.0,2027-05-30 15:00:00+00:00,False,56.0,43.0,,,sunderland,manchester-city,fpl-core-insights,prem,1,0,0,0,5,371.0,1548.9612074082618,1.042,5,1.074,5,3.8,5,1.4,5,12.8,5,0.2,5,371.0,1775.6543946471888,1.8,5,1.5419999999999998,5,5.2,5,2.6,5,11.6,5,0.4,0.28241494937088335,0.28241494937088335,-0.05342235135793143,1.076147274770879,1.2867977906407848,1.076147274770879,1
